msg:1	[title26][sentence]\n你幹嘛沒事找罪受，\n做這種缺德事？
msg:2	[title32][sentence]\n好棒棒喔，真的有夠棒。\n現在你連沒生命的東西都要\n交談，再這樣下去你大概會\n「給」天花板一扇門，\n然後想「關」一張椅子。\n佛心提醒：找個好歹會回嘴的\n東西講話吧。
msg:3	[title32][sentence]\n該死！我就知道你會去\n幹這種蠢事，夠了喔，\n別鬧了！
msg:4	[title32][sentence]\n你翻了翻身上家當，赫然\n發現[noun1][noun1:is:are]根本不在。\n你這笨蛋，怎麼會忘記帶\n[noun1:it:them]？身上沒有[noun1]，\n哪來的[noun1:it:them]可以丟向\n[noun2]呢？
msg:5	[title32][sentence]\n你翻了翻身上家當，赫然\n發現[noun1][noun1:is:are]根本不在。\n你這笨蛋，怎麼會忘記帶\n[noun1:it:them]？身上沒有[noun1]，\n哪來的[noun1:it:them]可以丟向\n[noun2]呢？
msg:6	[title32][sentence]\n其實沒必要把[noun1]丟向\n[noun2]。而且東西亂丟，\n小心通通摔壞。
msg:7	[title32][sentence]\n你仔細端詳[noun1]，心裡\n默默記下一個驚天結論：\n[noun1:it is:they are]這果然是\n[noun1:a :][noun1]。除此之外，\n沒有更多發現。
msg:8	[title32][sentence]\n你拿不走[noun1]，就算真的\n能拿，你也沒地方帶著\n[noun1:it:them]到處跑。
msg:9	[title17][sentence]\n老媽常說一句話：「沒開過\n的東西，你是要怎麼關？\n就這樣，沒得凹。」
msg:10	[title30][sentence]\n你把放大鏡轉到最大，[noun2]\n瞬間被放到超大特寫，可惜\n看了半天還是毫無所獲。
msg:12	[title27][sentence]\n噁！你可不想接下來幾天\n都在牙縫裡挖魚鱗。
msg:13	[title27][sentence]\n臭到炸。（你是能期待什麼？）
msg:14	[title21][sentence]\n上面天氣看起來挺好的，\n可惜三不五時就有艘大船\n對你開火，美感全毀。\n還是別浮上水面比較好。
msg:15	[title22][sentence]\n海底閃爍著折射的粼粼波光。
msg:16	[title32][sentence]\n[noun1]早就在你身上了，\n這位大師。還有什麼\n高見嗎？
msg:18	[title32][sentence]\n你抓住[noun1]用力拉了\n[noun1:it:them]幾下，什麼特別的事\n都沒發生，你很快就\n意興闌珊了。
msg:19	[title32][sentence]\n你推了推[noun1]，沒什麼\n動靜。不過保險起見，\n或許該多推[noun1:it:them]幾下。
msg:20	[title32][sentence]\n你推了推[noun1]，\n沒什麼動靜。
msg:21	[title32][sentence]\n你死盯著[noun1]看了\n好幾分鐘，結果只換來\n一個大呵欠。
msg:22	[title32][sentence]\n你現在用不到[noun1]。
msg:23	[title17][sentence]\n[noun1:THAT:THOSE]你拿不走！
msg:24	[title32][sentence]\n你翻了翻身上家當，赫然\n發現[noun1][noun1:is:are]根本不在。\n你這笨蛋，怎麼會忘記帶\n[noun1:it:them]？身上沒有[noun1]，\n哪來的[noun1:it:them]可以放到\n別的地方呢？
msg:25	[title32][sentence]\n想像你把[noun1]硬塞進\n[noun2]，再想像這樣做\n真的有意義。好，現在\n慢慢數到十，換個念頭吧。
msg:26	[title32][sentence]\n你翻了翻身上家當，赫然\n發現[noun1][noun1:is:are]根本不在。\n你這笨蛋，怎麼會忘記帶\n[noun1:it:them]？總之，身上沒有的\n東西，你是要怎麼給？
msg:28	[title32][sentence]\n[noun2]對[noun1]毫無反應。\n過了好幾分鐘，你才漸漸\n意識到[noun2]根本對你的\n「禮物」一點興趣也沒有。
msg:29	[title32][sentence]\n你揮舞雙手拚命指向\n[noun1]，塵埃落定後才發現，\n[noun2]完全沒被你說服，\n根本不覺得自己需要\n[noun1:a :the ][noun1]。
msg:30	[title32][sentence]\n你想不出任何辦法能把\n[noun1:this:these]個[noun1]打開。
msg:31	[title32][sentence]\n你想不出任何辦法能把\n[noun1:this:these]個[noun1]打開。\n或許一把大鐵鎚能幫上忙。
msg:32	[title32][sentence]\n你想不出任何辦法能把\n[noun1:this:these]個[noun1]打開。\n或許一根大槓桿能幫上忙。
msg:33	[title32][sentence]\n[noun1:a :][noun1]是關不起來的，\n至少[noun1:this one:these]個不行。
msg:34	[title26][sentence]\n你真的沒必要這麼做。
msg:35	[title26][sentence]\n你沒辦法[sentence]。\n至少在這款遊戲裡不行。
msg:36	[title26][sentence]\n你瘋了嗎？什麼樣的人才會\n想要[sentence]？你或許該\n刮點腦漿裝進杯子裡，\n換個想法吧。
msg:37	[title26][sentence]\n這樣做現在不會有\n任何進展，你該換個\n計畫了。
msg:38	[title32][sentence]\n吹箭筒在水裡沒用，\n看來你的腦袋也是。
msg:39	[title32][sentence]\n朝[noun2]射幾支鏢或許\n是不錯的練習，但你的\n彈藥有限，實在浪費不起。
msg:40	[title32][sentence]\n可憐的[noun2]到底招惹你\n什麼了，值得被你用縮頭\n毒鏢招呼？
msg:41	[title32][sentence]\n食人魚游得太快，\n你根本瞄不準。
msg:42	[title32][sentence]\n炸彈要小心拿！數量本來\n就有限，而且離爆炸點\n太近的下場，你自己\n想想看。
msg:99	[title26][sentence]\n[center]（試玩版無法使用）
msg:800	[title20]望遠鏡\n這是一副星際科技出品的\n「行星探險家」望遠鏡，\n倍率可調10到30倍，相當\n好用。
msg:801	[title15]漢堡\n這坨發霉凝結的真菌，\n你依稀記得它曾經\n是個漢堡。
msg:802	[title24]死魚\n這是條再普通不過、腫脹\n發臭的死魚。雖然是外星\n品種，噁心程度跟你在\n熟悉世界見過的死魚\n不相上下。
msg:803	[title26]塞料死魚\n看來死魚還不夠噁心，\n於是你把那坨發霉漢堡\n硬塞進牠喉嚨，成果\n慘不忍睹。
msg:804	[title26]水中呼吸器\n這是你在牛塞八號星\n拋錨修理超空間分流器\n時順手撈到的水中呼吸器，\n近距離觀賞大牛角礁，\n這絕對是最有格調的\n方式。
msg:805	[title22]計時模組\n這個計時模組原本是你\n太空船的一部分，直到\n你墜機在這裡。它還能動，\n不過準不準，你可別\n拿命去賭。
msg:806	[title32]大葉子\n這幾片綠色大葉子勉強\n塞得進口袋，葉脈粗壯，\n有點像菠菜葉。
msg:807	[title32]毒鏢\n這些吹箭鏢的尖端塗有\n化學藥劑，一旦進入\n血液，會讓頭顱急速\n收縮。
msg:808	[title32]植物莖\n這根植物莖已經在地上\n躺了一陣子，中心早已\n腐爛，只剩下一根\n中空的長條外殼。
msg:809	[title32]吹箭筒\n這支小巧的吹箭筒，\n正是把鏢射向目標的\n最佳工具。
msg:810	[title32]甜滋果\n這顆多汁的小果子好吃\n到不像天然食物，這麼\n美味的東西應該要用\n玻璃紙包裝才對。可以\n打包票，這絕對是全島\n最好吃的零食。
msg:811	[title32]骨頭\n說是大腿骨嫌小，說是\n手指骨又嫌大，你也\n說不準這到底是哪根\n骨頭。
msg:812	[title32]烤雞\n這隻多汁金黃的烤雞，\n讓你看了直流口水。
msg:813	[title32]手術刀\n這把醫療鋼手術刀相當\n鋒利，看起來也很堅固，\n拿的時候小心點。
msg:814	[title32]錄音帶\n這捲標準九十分鐘錄音帶，\n輕巧好攜帶。
msg:815	[title32]信用晶片\n這看起來是張如假包換的\n信用晶片！要是你開始\n乖乖繳帳單，大概再過\n二十年就能申請到一張。
msg:816	[title32]保全卡\n卡片上的女人眼神冷冽，\n不過想到她現在已經是\n怪物的食物，你就稍微\n安心了點。卡片上有條\n小磁條。
msg:817	[title32]裝藥盒\n這種軍規壓縮盒平常是\n用來裝炸藥的，現在\n空空如也，危險程度\n大概跟咖啡罐差不多。
msg:818	[title32]<Deleted： Estrotoxin>\n總有一天，這個物件\n會有個名字。
msg:819	[title32]炸彈\n這顆炸彈的引爆器看起來\n很敏感，千萬別手滑\n摔到它。
msg:820	[title32]定時炸彈\n把舊計時模組接上這寶貝\n的引爆器，你就湊出了一顆\n克難定時炸彈。
msg:821	[title32]維修清單\n你現在「應該」要讀的\n就是這個。
msg:822	[title32]外星烈酒\n這玩意兒後座力十足，\n外星酒你永遠猜不透。\n看這酒色的清澈程度，\n你猜大概有195度。
msg:823	[title32]瞄準模組\n這個瞄準模組的品質讓你\n印象深刻。裝上小型太空船\n的射控電腦，幾乎什麼\n目標都能又快又準地\n命中。
msg:824	[title21]護盾調變器\n這種護盾調變器能把能量\n快速引導到受擊點，藉此\n提升防禦力場的效能。\n「油豬號」要是沒裝這個，\n你現在大概已經不在\n人世了。
msg:825	[title32]錄音機\n這台最先進的立體聲錄音機\n配備長衝程鈦振膜低音喇叭、\n26波段調諧器（連珈瑪波、\n重力波這種冷門波段都收得到）\n還內建原子動力爐，電池\n什麼的早就過時了。
msg:826	[title32]電話電池\n這看起來是標準雙Q號\n電池，
msg:827	[title32]筆型手電筒\n這支手持筆型手電筒要是\n沒那麼大支，會方便\n不少。看來這星球的筆\n都特別粗。
msg:828	[title32]「勁掛」電池\n這對雙Q號電池自稱是\n「唯一能信任你電力\n需求的品牌」。是喔。
msg:829	[title32]假證件\n這張證件的做工爛到讓你\n傻眼，如果在這裡真的\n能矇混過關，那簡直\n是奇蹟。
msg:830	[title32]證件\n這張證件像樣多了。看來\n巴克的保全權限等級\n也不差。
msg:831	[title32]強力膠\n這罐快乾萬能膠水能修\n破盤子、修烤漆掉了的\n車身板件、修斷牙，\n搞不好還能修婚姻。
msg:832	[title32]釣竿\n這根復古小釣竿讓你想起\n跟叔叔一起釣魚的週末。\n當然，你每次的漁獲\n只有感冒。
msg:833	[title32]釣魚線\n這是你從釣竿上拆下來\n的細尼龍線。
msg:834	[title32]掛鎖鑰匙\n這把鑰匙由某種類似黃銅\n的材質製成，歷經歲月\n保養得還不錯，以它的\n尺寸來說相當沉。
msg:835	[title32]門鑰匙\n這把薄門鑰匙上刻著\n「史拉奇」幾個字。
msg:836	[title32]後照鏡\n這面鏡子是你從修車廠\n順來的。當太空船後照鏡\n太小了，不過拿來刮鬍子\n倒是剛好。
msg:837	[title32]粉餅盒\n你從沒想過自己會隨身\n帶著這種東西。腮紅色號\n對你來說深了點，不過\n鏡子倒是完好無缺。
msg:838	[title32]<Deleted： Magnet>\n總有一天，這個物件\n會有個名字。
msg:839	[title32]雷管\n這是軍規雷管，極度敏感，\n只要通對地方的電，或是\n一個突然的震動，就會\n立刻引爆。四爪設計能\n確保炸藥確實點燃。
msg:840	[title32]瓶子\n這個又髒又舊的瓶子，\n裡面竟然沒有夾張紙條，\n膽子真大。
msg:841	[title32]雞肉炸彈\n這隻縱火用的家禽危險性\n不容小覷，你最好現在\n就別再啃了。
msg:842	[title32]花瓶\n這只淡紫色花瓶美得很，\n對你來說也值不少錢。\n你費了那麼大勁才弄到手，\n可千萬別摔了它。
msg:843	[title32]遙控器\n這個造型古怪的遙控器\n只有一顆按鈕，側邊還刻著\n一行小字：「請歸還黃金管\n太空港」。嗯……
msg:844	[title32]<Deleted： Game>\n總有一天，這個物件\n會有個名字。
msg:845	[title32]話筒\n這支電話話筒輕巧小巧，\n正如你對「可攜式」\n這三個字的想像。
msg:846	[title32]骨頭\n說是大腿骨嫌小，說是\n手指骨又嫌大，你也\n說不準這些到底是哪些\n骨頭。
msg:847	[title32]守衛的手臂\n噁！這隻手臂開始僵硬了。\n你下意識注意到，它\n沒戴婚戒。
msg:848	[title32]語音啟動自動謄寫錄音日誌\n[center]別西怪玩具店\n[center]小行星80791-G\n（環繞貝果汁九號星軌道）\n[center]\n[center]封面材質：100%純皮革
msg:849	[title32]炸彈\n這些炸彈的引爆器看起來\n相當敏感，千萬別\n手滑摔到它們。
msg:850	[title32]紙條\n如果你看得懂這行字，\n記得打給MicroProse\nSoftware的Brian\nReynolds，跟他說你\n抓到一個bug。
msg:851	[title32]密碼\n哈！你大概猜到這是什麼\n了！右、左、右、左，\n這應該是城裡某個地方\n的路線指示。
msg:852	[title32]福馬林\n你聞到福馬林的味道，\n嗅覺瞬間把你拉回過去，\n腦海閃過一堆早已\n作古的青蛙畫面。
msg:853	[title32]貝托克斯\n這玩意兒能拿來當太空船\n燃料，處理時「務必」\n非常小心。
msg:854	[title32]卵磷脂\n嗯……八成是從蛋黃\n萃取出來的磷脂質。
msg:860	[title32]裝藥盒\n這種軍規壓縮盒平常是\n用來裝炸藥的，現在裝滿\n了「派羅特調」。記得\n她之前失手摔了一些\n之後發生了什麼事……
msg:861	[title32]話筒\n這支電話話筒輕巧小巧，\n正如你對「可攜式」\n這三個字的想像，畢竟\n電池都被拿掉了。
msg:862	[title32]釣竿\n這根復古小釣竿讓你想起\n跟叔叔一起釣魚的週末。\n不過現在派不上用場，\n因為釣魚線已經被你\n拆掉了。
msg:863	[title32]瓶子\n這個又髒又舊的瓶子，\n裡面竟然沒有夾張紙條，\n膽子真大。瓶裡大概裝了\n四分之一瓶水。
msg:864	[title32]瓶子\n這個又髒又舊的瓶子，\n裡面竟然沒有夾張紙條，\n膽子真大。瓶裡大概裝了\n半瓶水。
msg:865	[title32]瓶子\n這個又髒又舊的瓶子，\n裡面竟然沒有夾張紙條，\n膽子真大。瓶裡大概裝了\n四分之三瓶水，開始\n重得有點難帶著走。
msg:866	[title32]瓶子\n這個又髒又舊的瓶子，\n裡面竟然沒有夾張紙條，\n膽子真大。瓶裡裝滿了水，\n重得開始難帶著走。
msg:867	[title32]錄音機\n這台最先進的立體聲錄音機\n配備長衝程鈦振膜低音喇叭、\n26波段調諧器（連珈瑪波、\n重力波這種冷門波段都收得到）\n還內建原子動力爐，電池\n什麼的早就過時了。錄音機\n裡還有一捲小錄音帶。
msg:401	[title32]播放錄音帶\n你聽見一個女性的聲音\n正在口述：\n[center]\n「第21筆紀錄……畢庫斯波多\n曆90919年28日……轟毀計畫……\n這裡是艾瑪‧派羅教授。這批\n就叫『七號批』，基本上是\n六號批加高貝托克斯濃度的\n版本。我先加一[index0]\n[index4]……好，接著加一\n[index1][index5]，輕輕攪拌。\n看起來不錯。現在加[index6]，\n只要一[index2]就好。再輕輕\n攪拌一次。好了。最後加一\n[index3][index7]。嗯，這批\n看起來不錯。我現在要把\n混合物搬去處理台，我要——\n哎呀！」\n[center]〈轟！〉\n[center]\n錄音帶接下來一片寂靜。
msg:402	[title32][sentence]\n這張電腦報表似乎是傳送\n器的維修狀態清單。讀完\n之後你得知：[number0]、\n[number1]、[number2]、\n[number3]號傳送器因待修\n而離線；[number4]號和\n[number5]號最近才校準過；\n[number6]號和[number7]號\n需要小幅調整；而\n[number8]號的性別安全\n模組則排定要進行\n例行保養。
msg:403	[title32][sentence]\n你把雷管接上裝藥盒裡的\n炸藥，湊出了一對\n像樣的炸彈。
msg:404	[title32][sentence]\n你把計時模組接到炸彈\n尾端，再接上雷管。只要\n啟動計時模組，這應該\n就能當克難定時炸彈用。
msg:405	[title32][sentence]\n裝藥盒裡目前沒有炸藥，\n所以接上雷管也是\n白搭。
msg:406	[title32][sentence]\n你按下「播放」鍵，卻\n什麼都沒發生，看來\n裡面沒有錄音帶。
msg:407	[title32][sentence]\n你按下「退出」鍵，卻\n什麼都沒發生，看來\n裡面沒有錄音帶。
msg:408	[title32][sentence]\n這台錄音機看不出有螺絲\n或其他卡榫，連電池槽\n都找不到，想必內建了\n某種永久電源。
msg:409	[title32][sentence]\n你打開機殼，取出釣魚線\n捲軸。這捲軸上的釣魚線\n多到誇張——大概有\n好幾百碼的超細纖維。
msg:428	[title32][sentence]\n你已經把這根釣竿上的\n釣魚線全部拆下來了。
msg:410	[title32][sentence]\n你輕輕撫摸植物莖幾下，\n什麼事也沒發生。你或許\n該想點更有建設性的\n事來做。
msg:411	[title32][sentence]\n你旋開筆型手電筒的蓋子，\n裡面是一對「勁掛」電池。\n看不出生鏽，不過電力\n已經完全耗盡。
msg:429	[title32][sentence]\n你旋開筆型手電筒的蓋子，\n裡面是一對「勁掛」電池。\n今天肯定是你的幸運日，\n不只沒生鏽，電力看起來\n還是滿的。
msg:412	[title32][sentence]\n你旋開筆型手電筒的蓋子，\n再次取出「勁掛」電池。
msg:413	[title32][sentence]\n你旋開筆型手電筒的蓋子，\n取出你先前放進去的\n電話電池。
msg:414	[title32][sentence]\n你打開話筒的電池槽，\n取出「勁掛」電池。放在\n電話裡似乎有回報，兩顆\n電池現在都顯示滿電。
msg:415	[title32][sentence]\n你打開話筒的電池槽，\n取出「勁掛」電池。兩顆\n電池仍然顯示滿電。
msg:416	[title32][sentence]\n你打開話筒的電池槽，\n取出「勁掛」電池。\n電池依然沒電。
msg:417	[title32][sentence]\n你撬開話筒的電池槽，發現\n裡面有兩顆電話電池。這支\n電話的電源想必還通著，\n因為電池一直保持滿電。\n你把電話電池收進口袋\n備用。
msg:418	[title32][sentence]\n你撬開話筒的電池槽，再次\n取出滿電的電話電池，\n又把它們收進口袋備用。
msg:419	[title32][sentence]\n你把電話電池裝進筆型\n手電筒，旋上蓋子。
msg:420	[title32][sentence]\n筆型手電筒裡還裝著\n「勁掛」電池，沒辦法\n再放進電話電池。
msg:421	[title32][sentence]\n你把電話電池放回話筒裡\n收好。
msg:422	[title32][sentence]\n話筒裡目前裝著「勁掛」\n電池，沒辦法把電話電池\n放回去。
msg:423	[title32][sentence]\n你把「勁掛」電池放回\n筆型手電筒收好，\n旋上蓋子。
msg:424	[title32][sentence]\n筆型手電筒裡還裝著\n電話電池，沒辦法把\n「勁掛」電池放回去。
msg:425	[title32][sentence]\n你把「勁掛」電池裝進\n電話話筒，剛好卡緊\n接點。
msg:426	[title32][sentence]\n如果想把「勁掛」電池裝進\n電話聽筒，得先拆開聽筒，\n取出裡面原本的電池。
msg:427	[title32][sentence]\n設定定時炸彈之前，先想\n清楚要炸什麼，接著要找個\n穩固的地方放好，好讓你在\n它爆炸前跑得掉。引爆的時\n候，你可不會想待在附近。
msg:430	[title32][sentence]\n氣頭上，你把炸彈塞進雞\n肚子裡。現在你多了一顆\n雞肉炸彈，迫不及待想找\n個地方點燃它，看雞腿滿\n天飛！
msg:431	[title32][sentence]\n不知為何，這輛車不肯\n接受這個目的地，可能\n是那邊的磁浮車軌道電\n力被切斷了。
msg:432	[title32][sentence]\n你把瓶子裡的水全倒光\n了，現在瓶子空了。
msg:433	[title32][sentence]\n不需要把飛鏢裝進吹箭\n筒，直接選好目標發射\n就行了。
msg:434	[title32][sentence]\n別這樣做！你可能會需\n要[noun1]來通過某扇\n門，或闖過某個重要關\n卡！
msg:435	[title32][sentence]\n別拆掉[noun1]！你可能\n會用到它[noun1:it:them]！\n
msg:440	[title32][sentence]\n你聞不到[noun1]的味\n道，因為你的鼻子現在\n灌滿了水。
msg:441	[title32][sentence]\n在水裡的時候，你的嘴巴\n正忙著用水中呼吸器，可\n不想為了吃[noun1]冒溺\n水的風險。
msg:442	[title32][sentence]\n你用力聞了聞漢堡，差\n點沒昏過去。這東西現\n在大概已經可以拿來當\n燃料了。
msg:443	[title32][sentence]\n你張開嘴，捏了捏漢堡，\n調整好角度，正準備下口\n……等等！漢堡裡的一條\n蟲用超委屈的眼神看著你，\n你實在狠不下心把牠吞下去。
msg:444	[title32][sentence]\n哇！他越來越「熟」了！
msg:445	[title32][sentence]\n你想了一下，還是決定\n外星壽司這種東西，先\n讓別人試吃比較好。
msg:446	[title32][sentence]\n腦子放清醒點，你已經\n戴著水中呼吸器了。
msg:447	[title32][sentence]\n還不急。水中呼吸器要\n等你下水之後才用得到。
msg:448	[title32][sentence]\n計時模組現在沒接在任\n何東西上，設定它也沒\n有意義。
msg:449	[title32][sentence]\n你咬了一口大葉子的邊緣。\n舌頭瞬間麻掉之後，你決\n定還是別亂吃奇怪的植物\n比較好。
msg:450	[title32][sentence]\n抱歉啦，雷克斯。這些\n是「縮頭」飛鏢，不是\n「消腫」飛鏢。
msg:451	[title32][sentence]\n你板著一張超嚴肅的臉，\n雙手小心翼翼捧著甜滋果，\n慢條斯理地一口一口啃，\n直到整顆吃光。你覺得這\n真是一次享受。
msg:452	[title32][sentence]\n你捲起袖子，把甜滋果\n搓成一球，大吼一聲整\n個塞進嘴裡，嚼個一兩\n下就直接吞下去。這場\n噁心表演的壓軸，是一\n聲驚天動地的飽嗝。
msg:453	[title32][sentence]\n啃了幾分鐘骨頭之後，\n你突然很想用腳去抓跳\n蚤。
msg:454	[title32][sentence]\n你輕輕摩挲錄音帶好幾\n分鐘，你們倆都樂在其\n中。
msg:455	[title32][sentence]\n還是別這樣。你之後可\n能用得到，而且這大概\n是你這輩子僅有的一筆\n錢了。
msg:456	[title32][sentence]\n你興奮地撫摸裝藥盒好\n幾分鐘後，決定該回去\n做正事了。
msg:457	[title32][sentence]\n你「輕輕地」摩擦炸彈，\n再多摩擦幾下，然後用力\n一點摩擦。炸彈側面開始\n發亮了，但硝酸精靈還是\n沒有現身，你只好放棄。
msg:458	[title32][sentence]\n你應該先找個好地方放\n置它。先設定好計時器\n才找地方放，那可是會\n讓人壓力山大的經驗。
msg:459	[title32][sentence]\n你撕開瓶蓋，仰頭張大\n喉嚨準備一飲而盡……\n然後打消念頭。這可是\n烈酒，會影響你完成正\n事（領錢辦事）的能力。
msg:460	[title32][sentence]\n這麼做沒什麼建設性，\n你搞不好還用得到這東\n西。
msg:461	[title32][sentence]\n你盯著電池研究了一下\n，才想起自己從沒學過\n怎麼一次拋接一個以上\n的東西。
msg:462	[title32][sentence]\n你最好別這樣，只會把\n[noun2]弄得黏答答的。
msg:463	[title32][sentence]\n不需要把釣魚線[verb]\n到[noun2]上。
msg:464	[title32][sentence]\n你沒辦法用[noun1]打\n開[noun2]的鎖。
msg:465	[title32][sentence]\n（嗅）呃……（嗅~）這東西\n有什麼好大驚小怪的？\n（嗅~~~）聞起來怪怪的\n……（嗅~~~~）我口齒不\n清，連自己在說什麼都\n聽不懂了，哩咕嚕嘎搭\n嘟嚕巴唏哩胡嚕搭嘟嘎機。
msg:466	[title32][sentence]\n你看到[noun2]的倒影，\n看起來跟原本的[noun2]\n沒什麼不同，只是左右相\n反。
msg:467	[title32][sentence]\n你該刮鬍子了。
msg:469	[title26][sentence]\n你還沒餓到能把整隻雞\n塞下喉嚨，所以你「小\n心翼翼」地啃了幾口雞\n翅，剩下的留著燉菜用。
msg:470	[title26][sentence]\n雷管本來就不是設計來\n接在[noun2]上的，你\n小心地把它們放回口袋。
msg:471	[title26][sentence]\n你立刻打消這個念頭，\n七萬五千銀河幣有太多\n更好的花法了。
msg:472	[title26][sentence]\n你自我介紹，並用力握\n了握那隻手臂，接著迅\n速張望，確認沒人看到\n這一時失態的舉動。
msg:473	[title26][sentence]\n你隨手翻開船長日誌的\n一頁快速看了看。哇！\n裡面記錄的東西還真不\n少。
msg:474	[title32][sentence]\n你「輕輕地」摩擦其中一\n顆炸彈，再多摩擦幾下，\n然後用力一點摩擦。炸彈\n側面開始發亮了，但硝酸\n精靈還是沒有現身，你只\n好放棄。
msg:475	[title32][sentence]\n你平常吃的垃圾食物裡\n防腐劑多到爆，大概根\n本不需要做防腐處理。\n這些東西你用不到。
msg:476	[title32][sentence]\n這可不是個好主意。咖\n啡就已經讓你緊張兮兮\n了，火箭燃料絕對會出\n大事。
msg:477	[title32][sentence]\n你小啜了一口卵磷脂，\n味道糟透了，你不禁納\n悶自己怎麼會想喝這東\n西。
msg:478	[title32][sentence]\n你打開[noun1]，裡面\n卻沒有電池。
msg:479	[title32][sentence]\n其實你也不太確定「捲\n曲」一個東西到底該怎\n麼做。
msg:912	[title26][sentence]\n你還沒餓到能把整隻雞\n塞下喉嚨，所以你啃了\n幾口雞翅，剩下的留著\n燉菜用。
msg:501	[title26][sentence]\n你按下按鈕，但似乎什\n麼事都沒發生。
msg:502	[title30][sentence]\n等你進到船裡之後再啟\n動遙控器，會比較安全。
msg:10601	[title27][sentence]\n這看起來像是母親節會\n跟花店訂的東西。別拿\n了，買點糖果給她比較\n實在。
msg:10602	[title26][sentence]\n看來你上自然課時沒在\n聽，瓊斯老師講過海葵\n可以螫得很痛。在外星\n海洋裡，這句話你最好\n記住，不然會沒命。
msg:10603	[title26][sentence]\n雖然在某些文化裡海藻\n算是珍饈，但你個人實\n在不怎麼欣賞。
msg:10604	[title20][sentence]\n噁！是在想換個飲食習\n慣嗎？別擔心，你的纖\n維攝取量已經很夠了。
msg:10605	[title25][sentence]\n那邊有些滿有意思的地\n形。
msg:10606	[title24][sentence]\n看來你昏倒在地上的時\n候，船遭到一場小型水\n下坍方波及。你想把這\n些東西全部搬開的機率\n……嗯……趨近於零。
msg:10607	[title24][sentence]\n簡直不可思議。你似乎\n沒注意到，這些石頭又\n大又多。
msg:10608	[title32][sentence]\n看來油豬號這輩子飛不動了。\n剩下的只有內層安全艙殼，\n引擎、武器，還有環境防\n護殼外面的東西，不是在\n重返大氣層時被打掉，就\n是燒光了。當然，被埋在\n幾百噸石頭底下也不是什\n麼好日子。這艘船算是報\n銷了，你得另外找辦法離\n開這顆星球。
msg:10609	[title22][sentence]\n主氣密艙已經備妥、開啟，\n正等著你。這大概是你這\n輩子唯一遇過「準備好又\n敞開」的東西。
msg:10610	[title26][sentence]\n看來有水從你的耳咽管\n滲進去，把腦子都淹了\n。它「已經打開了」！
msg:10611	[title20][sentence]\n還是別這樣。你不知道\n這下面潛伏著什麼，搞\n不好得趕緊躲回去。
msg:10612	[title21][sentence]\n這是一處海崖，沒什麼\n特別有趣的。
msg:10613	[title27][sentence]\n過濾後的陽光在海底閃\n爍出美麗的紋路，真的\n非常漂亮，而且……非\n常……讓人恍神……
msg:10614	[title25][sentence]\n你正在自己船隻殘骸的\n外面游泳，看來你位在\n那個你「降落」的潟湖\n西側邊緣。
msg:50110	[title25][sentence]\n這扇門顯然是厚重金屬\n打造，看起來刀槍不入。\n換句話說，狠狠踹一腳\n除了可能扭傷腳踝，不\n會有任何效果。門邊有\n個插卡槽，讓你不禁好\n奇門後藏著什麼值得這\n樣戒備的東西。
msg:50111	[title10][sentence]\n它是開著的。
msg:50112	[title27][sentence]\n這看起來跟你見過的其\n他電子讀卡機沒兩樣，\n是個用來插入特殊編碼\n卡片的小插槽。
msg:50113	[title24][sentence]\n插不進去。這裡顯然跟\n你當初找到那張安全卡\n的地方毫無關係。
msg:50114	[title29][sentence]\n告示牌上用超大字體寫\n著「想都別想在這裡停\n車」，下面用小字寫著\n「法爾茅斯公共工程部\n」。
msg:50115	[title20][sentence]\n你考慮把告示牌拿走，\n但想起自己沒地方放，\n於是決定留在原地。
msg:50116	[title33][sentence]\n哇！好酷的一輛車！這\n一定是這裡的交通工具\n。你認出這是一輛磁浮\n車，而且就算是磁浮車\n來說，這外型也算相當\n高科技了。
msg:50117	[title16][sentence]\n這就是你剛剛坐的那輛\n磁浮車。
msg:50118	[title26][sentence]\n你注意到對面牆上有個\n傳送器和一部電梯。
msg:50119	[title30][sentence]\n這條人行道和街道通往\n一座大都市。城市的規\n模讓你有點擔心，這裡\n很容易迷路。你決定開\n車，而且別離車子太遠。
msg:50120	[title25][sentence]\n這棟建築保存得還算不\n錯，看來沒人理會「禁\n止張貼」的告示。
msg:50121	[title29][sentence]\n你站在一條街的盡頭，\n街道向西通往一座大城\n市。北邊的建築物上有\n一扇厚重的金屬門，街\n上停著一輛不知名的車。
msg:50122	[title25][sentence]\n你注意到門邊有個安全\n插槽，判斷這裡需要某\n種通行卡。
msg:50123	[title25][sentence]\n這看起來是一般的消防\n栓。
msg:50124	[title25][sentence]\n你完全沒有把自己弄濕\n的衝動。
msg:50125	[title25][sentence]\n看起來像是水管之類的\n東西，你對隨便的管線\n沒什麼興趣。
msg:50126	[title22][sentence]\n你到底是對管線有什麼\n迷戀？這些管子沒有，\n再說一次，「沒有」任\n何有趣的地方。
msg:50127	[title30]廢棄城市\n哇！你停下來看了一眼\n眼前這座巨大城市，第\n一印象就讓你愣住了。\n整座城市似乎建造在一\n個超巨大的金屬圓柱體\n內。你顯然站在兩層樓\n裡的下層，可以看到上\n層呈現出巨大四葉風扇\n的形狀。你花了一分鐘\n欣賞這棟建築。\n
msg:10701	[title22][sentence]\n游過去仔細看看，應該\n不會太遠。
msg:10702	[title20][sentence]\n它死了。不過老實說，\n還真有點像你早上起床\n的樣子。
msg:10703	[title17][sentence]\n看起來怪怪的，但沒有\n危害。
msg:10704	[title20][sentence]\n這是一塊相對堅硬的天\n然礦物集合體……好啦\n，就是塊爛石頭，有什\n麼大不了。
msg:10705	[title12][sentence]\n它又綠又黏。
msg:10706	[title21][sentence]\n下面還有更多海藻。
msg:10707	[title29][sentence]\n上面布滿看起來很銳利\n的岩石結構，最好還是\n避開比較明智。
msg:10708	[title25][sentence]\n你在潟湖的正中央。從\n這裡看來，你可以往北\n、往南，或往西游。
msg:10709	[title29][sentence]\n那隻鬼蝠魟優雅地沿著\n海底游動。
msg:10710	[title29][sentence]\n就算你抓得到牠，你也\n用不著。
msg:10301	[title21]美味火雞\n天哪，這隻火雞看起來\n真好吃！現在是不是該\n吃掉它了……？
msg:10302	[title22]糟了\n天哪！火雞居然「爆炸\n」了！看來你回收來的\n那塊貝迪斯電路板不太\n行。
msg:10303	[title29]烤箱\n你看到船上的烤箱模組\n，上面還沾著那場火雞\n悲劇留下、正冒著煙的\n肉塊。
msg:10304	[width30][center][under]輔助電源模組\n[center][down]（又稱「賓奇」）[cr]\n這小傢伙很可愛吧？雖\n然看不太出來，但賓奇\n其實是一台配備齊全的\nSTELLARTRON XJ-6281Q4\nMark 12 型仿生鼠獸，\n配有 QR3 融合動力鬍鬚\n，還有一顆花生米大小\n的正子腦。信不信由你\n，賓奇可以無限期維持\n這艘船的維生系統運作。
msg:10305	[title29][sentence]\n別碰賓奇！現在，他是\n唯一擋在你和「一級躍\n遷圍阻突破事故」之間\n的東西。這通常代表房\n間中央那個紅色大傢伙\n——躍遷分流器，會以\n足以把整顆星球劈成兩\n半的威力爆炸。而且，\n如果你徒手碰賓奇，身\n上的電流大概會把你的\n手直接炸飛。
msg:10306	[title27][sentence]\n其實賓奇的話很多，是你\n見過最健談的 Mark 12 型\n仿生鼠獸。你們倆常坐下\n來暢談亞里斯多德的《形\n上學》，再下一盤超維西\n洋棋（沒錯，倉鼠每次都\n贏，不過你的作弊技巧確\n實也進步不少）。現在，\n你只要慶幸輔助電源模組\n還「開著」就好。
msg:10307	[title30]大水管\n平常這些管子負責把超\n高溫蒸氣從躍遷裝置輸\n送到次元裂隙引擎。不\n過現在，它們似乎更擅\n長把剛才那些蒸氣直接\n排放到周圍環境裡。也\n罷，你隨時可以回來這\n裡順便燙一下衣服。
msg:10308	[title32]曲速線圈（除役）\nRQ-11 加賀崎曲速線圈平\n常位在次元裂隙引擎座的\n底部，是讓飛船躍遷的主\n要觸媒。不過這一個現在\n卻躺在工程室地板上，顯\n然吃了不少苦頭——它最\n近才被量子分流器一股腦\n轟穿一道五呎厚的艙壁。\n看來你得另外找辦法離開\n這顆石頭了，這玩意兒是\n哪裡都去不了了。
msg:10309	[title22][sentence]\n你沒辦法拿走鏟子，因\n為熔爐的高溫已經把金\n屬焊死在牆上了。
msg:10310	[title22]「拿」煤炭！！？\n還把手弄髒？門都沒有！
msg:10311	[title26][sentence]\n這裡已經夠熱了。再說\n，你也知道流汗會讓你\n臭氣沖天。
msg:10312	[title29][sentence]\n沒錯，這確實是座熔爐\n——精確地說，是\nStarTech Model 8 型躍\n遷高爐。它能達到的溫\n度，大概就跟……你知\n道的——那個雪球完全\n撐不住的地方差不多熱。\n現在爐門正開著，所以\n這裡才會這麼溫暖舒適。
msg:10313	[title25][sentence]\n把頭湊到火邊，讓腦子\n暖和一下吧。它「已經\n開著了」，愛因斯坦！
msg:10314	[title20][sentence]\n鉸鏈看起來壞掉了。
msg:10315	[title33]普列漢諾夫護盾產生器\n若不是這個小傢伙，你現在大概\n已經是一團快速擴散的亞原子粒\n子雲了。用白話講，普列漢諾夫\n護盾產生器負責保護飛船，不被\n路過的惡意能量炸成碎片。除了\n你那（咳）傳說級的駕駛技術之\n外，P.S.G. 是你在最近那場遭\n遇戰裡活下來的主要原因。現在\n別再想卡斯匹多小姐了，開始想\n想要怎麼繞過那艘大型戰艦吧（\n前提是你還能再入軌一次）。
msg:10316	[title33]躍遷裝置\n這就是惡名昭彰的\nRICHARDS 421-K 型十\n電池渦輪增壓躍遷加速\n裝置，還配有兒童安全\n鎖反物質存取模組。你\n是在全宇宙電視購物頻\n道（TT412 頻道）買下\n這台的。
msg:10317	[title26][sentence]\n這個壓力錶顯示著頭頂\n大水管裡的壓力。你可\n以看到，現在的流量有\n點不太穩定，這大概跟\n被擊落、一路墜進海底\n不無關係。
msg:10318	[title30][sentence]\n這是躍遷裝置和主電力\n系統的手動超馳控制。\n平常你可以在這裡調整\n電網，或控制引擎輸出\n等級。這個控制台顯然\n在迫降時受損了，現在\n完全沒反應。
msg:10319	[title24][sentence]\n這是一具緊急水中呼吸\n器，似乎是從固定架上\n掉下來的。它能讓配戴\n者在惡劣環境中呼吸，\n例如水底，或是……男\n生更衣室。
msg:10320	[title27][sentence]\n工作台上有一個你最近\n修好的計時裝置。雖然\n它原本設計是要定時點\n燃反推噴嘴，但你發現\n它更好的用途——提醒\n你火雞什麼時候烤好。
msg:10321	[title20][sentence]\n透過滿滿的油污和髒垢\n，你勉強能看出瀝青地\n磚的花紋。
msg:10322	[title26][sentence]\n評估完損害狀況後，你\n真希望自己有帶工具箱\n。工具箱裡有一瓶威士\n忌，而現在的你，真的\n很需要來一杯烈酒。
msg:10323	[title30]烤箱\n自從裝上那塊回收來的\n貝迪斯電路板後，這是\n你第一次測試這個烤箱\n。火雞看起來快烤好了。
msg:10324	[title27]工作台\n你的船最近挨了一頓「\n毒打」，把工作台上的\n東西幾乎全震飛了。這\n裡有個小型計時裝置。
msg:10325	[title27]工作台\n你的船最近挨了一頓「\n毒打」，把工作台上的\n東西幾乎全震飛了。
msg:70110	[title33][sentence]\n你那手定時炸彈的小把\n戲，把這座城市「弄濕\n」了一點。遠處只剩一\n棟建築露出水面。你放\n下水的小船就漂在不遠\n不近的地方，搆不太到。
msg:70111	[title33][sentence]\n你那手定時炸彈的小把\n戲，把這座城市「弄濕\n」了一點。遠處只剩一\n棟建築露出水面。
msg:70112	[title26][sentence]\n整座城市完全沉在水面\n之下，你只能看到遠處\n一座孤零零的高塔。
msg:70113	[title20][sentence]\n你大概不會想再用這個\n了。可以確定的是，往\n下走一定會弄得一身濕。
msg:70114	[title30][sentence]\n城市的邊緣顯然就是火\n山口的頂端。你站著的\n這一小段路面經過鋪設\n，你猜這裡可能曾經是\n個維修平台。
msg:70115	[title27][sentence]\n這些東西在城市建造時\n大概發揮過某種作用。\n歲月和風化在這些突起\n物上留下痕跡，有些地\n方甚至露出裡面的鋼筋\n。最右邊那根橋墩的上\n角，伸出一個銳利的鉤\n子。
msg:70116	[title20][sentence]\n一塊尖銳的金屬從其中\n一根水泥橋墩伸出來，\n風化已經把大部分金屬\n鏽蝕殆盡。
msg:70117	[title17][sentence]\n你綁在鉤子上的釣魚線\n還在這裡。
msg:70118	[title21][sentence]\n城市邊緣被火成岩包圍\n，顏色藍紫，質地多孔。
msg:70119	[title16][sentence]\n你不需要任何浮石。
msg:70120	[title24][sentence]\n你在東邊看到一座傳送\n亭。
msg:70121	[title22][sentence]\n遠處，你看到唯一一棟\n露出水面的建築。
msg:70122	[title27][sentence]\n還不錯！這艘船在淹水\n過程中總算保持沒翻，\n現在就漂在不遠不近的\n地方。
msg:70123	[title16][sentence]\n那艘小船「停靠」在維修平台。
msg:70124	[title29][sentence]\n釣魚線已經死死纏在一起，\n看樣子這東西沒辦法拿來釣魚了。
msg:70125	[title22][sentence]\n你不需要拉釣魚線，\n船已經在這裡了。
msg:70126	[title19][sentence]\n你把釣魚線收回來，\n塞進口袋裡。
msg:70127	[title29][sentence]\n你很想乾脆伸手抓住那艘船，\n可惜手臂沒那麼長。\n往下一看，水裡有個龐然大物在游動——\n游過去，大概會變成要命的蠢主意。
msg:70128	[title33][sentence]\n你那手定時炸彈的小把戲，\n把整座城市「稍微弄濕」了一下。\n遠方只剩一棟建築物還探出水面。\n你放下去的那艘船，\n現在已經飄到平台伸手可及的距離了。
msg:10501	[title25][sentence]\n[noun1]沒什麼特別的。
msg:10502	[title27][sentence]\n這是懸崖，它就在海裡，行了吧？
msg:10503	[title27][sentence]\n滿漂亮的。
msg:10504	[title26][sentence]\n你不禁納悶，什麼樣的病態社會\n會污染自己的海洋。\n而且這裡離紐澤西這麼遠，\n居然還看得到這種東西，\n真讓你意外。
msg:10505	[title11][sentence]\n噁！還是不要好了。
msg:10506	[title25][sentence]\n看起來是一顆海軍近發水雷，\n你最好別靠太近。
msg:10507	[title25][sentence]\n傻瓜和他的軀幹，很快就要分家了。
msg:10508	[title24][sentence]\n讓你想起上次的相親對象。
msg:10509	[title20][sentence]\n那個壞女巫沒有融化——\n她還在上面。
msg:10510	[title25][sentence]\n南邊有一大片開闊地，\n或許值得去看看。
msg:10511	[title14][sentence]\n沒什麼特別的。
msg:10512	[title26][sentence]\n你還在水裡。\n西邊你看到一株奇怪的植物，\n南邊則有一大片開闊地。\n
msg:10901	[title10][sentence]\n大部分都是沙子。
msg:10902	[title21][sentence]\n你對珊瑚沒什麼興趣。
msg:10903	[title27][sentence]\n你其實用不到它，\n除非你打算拿去做點廉價珠寶。
msg:10904	[title25][sentence]\n你的心臟撲通撲通狂跳，\n只因為……石頭？
msg:10905	[title25][sentence]\n你不需要任何石頭。
msg:10906	[title16][sentence]\n沒什麼意思。
msg:10907	[title29][sentence]\n這說不定是離開這裡的路。\n當然，還有那隻怪異\n又飢餓的紫色東西這個小麻煩。
msg:10908	[title30][sentence]\n那個奇怪的紫色東西，\n就是從這些洞裡的其中一個爬出來的。
msg:10910	[title25][sentence]\n你大概不會想\n太靠近那東西。
msg:10911	[title25][sentence]\n自從你上次來過這裡，\n情況沒什麼變化。
msg:10912	[title29][sentence]\n你在潟湖的東南邊緣。\n這裡有個洞穴，\n或許能安全離開水面。
msg:10913	[title26][sentence]\n這說不定是離開這裡的路。\n旁邊躺著一隻死掉的生物。\n
msg:10914	[title24][sentence]\n他看起來死透了。\n那個漢堡一定毒到不行，\n才能把他弄得這樣直冒膿。
msg:10915	[title32][sentence]\n他看起來對那個漢堡沒什麼興趣。\n話說回來，換作是你，你會吃嗎？
msg:30710	[title27][sentence]\n這個通風口剛好大到能讓你爬過去，\n但被一個小門閂卡住了。
msg:30711	[title16][sentence]\n那把小手術刀派上用場了。\n門閂被撬開，通風口已經解鎖。
msg:30712	[title19][sentence]\n還好你不是很累，\n因為這張「床」看起來超級不舒服。
msg:30713	[title33][sentence]\n天哪！看看排水孔裡那一坨\n糾結成團的頭髮。就跟你家的\n水槽一樣，只不過裡面沒有\n什麼東西在爬來爬去。
msg:30714	[title26][sentence]\n你注意到馬桶蓋是放下來的，\n立刻推斷上一個囚犯\n一定是女性。你被自己的\n聰明才智震懾了一下下。
msg:30715	[title29][sentence]\n牢房又濕又陰森。床看起來\n很不舒服；要說水槽和馬桶\n「不乾淨」，就跟說牛頓\n「還算聰明」一樣可笑。更糟的是，\n困住你的力場讓你的頭髮根根倒豎。
msg:30716	[title27][sentence]\n手術刀是精密器械。沒有\n正確的工具就想磨利它，\n不是個好主意。你可不想\n把它弄壞——之後可能用得到。
msg:30717	[title29][sentence]\n這間牢房的後牆顯然是\n從整塊岩石鑿出來的。其他的牆\n則是用堅固的鐵合金打造。\n唯一看得出來的出口就是\n牢房的正面，而那裡目前\n被強大的力場保護著。
msg:30718	[title26][sentence]\n這整間房裡，大概只有\n這盞燈比你聰明——它把房間\n染成一片鈉燈式的橘光。
msg:30719	[title26][sentence]\n你才走沒兩步，\n就狠狠撞上密不透風的力場。
msg:30720	[title20][sentence]\n你又試了一次想穿過\n那個無法穿透的力場，\n結果當然不出所料。
msg:30721	[title25][sentence]\n臉撞了第三次之後，\n你終於決定走路小心一點。
msg:30722	[title16][sentence]\n你又一次\n把臉撞上力場。
msg:30723	[title32][sentence]\n現在不行！那些守衛可能在看！
msg:10801	[title25][sentence]\n別費眼力了，\n這裡真的沒什麼好看的。
msg:10802	[title13][sentence]\n這裡沒什麼特別的。
msg:10803	[title21][sentence]\n它們當石頭已經當很久了，\n大概還會繼續當很久的石頭。
msg:10804	[title26][sentence]\n抱歉，太重了——更別說根本沒用。
msg:10805	[title25][sentence]\n幾百萬年前這些原本就是石頭。\n現在看看它們，已經變成了……\n嗯……更老更有智慧的石頭。\n演化真是太神奇了，不是嗎？
msg:10806	[title10][sentence]\n不值得。
msg:10807	[title25][sentence]\n心肺復甦絕對不用考慮，\n不過口對口嘛……算了。
msg:10808	[title26][sentence]\n你小心翼翼地撿起那條\n又死又黏滑的魚。
msg:10809	[title21][sentence]\n那個地方看起來挺有意思的。
msg:10810	[title25][sentence]\n你北邊有一大片開闊地。
msg:10811	[title25][sentence]\n你感覺到她的存在，\n雞皮疙瘩爬滿了全身的毛孔。
msg:10812	[title32][sentence]\n你在潟湖的南端附近。\n一道珊瑚屏障擋住你南進的路。\n你可以往北或往東游。\n
msg:20701	[title22][sentence]\n這片茂密的森林\n看起來是那種你想避開的地方。
msg:20702	[title20][sentence]\n整整齊齊又筆直。看到這附近\n有人對自家草坪這麼用心，\n你感到很欣慰。
msg:20703	[title21][sentence]\n這無疑是在告訴外人不受歡迎。\n或許你不該在這裡待太久。
msg:20704	[title21][sentence]\n噁！不管那個大鍋在煮什麼，\n味道臭到能把一匹馬熏死。\n不過話說回來，\n或許本來就該是這個效果。
msg:20705	[title30][sentence]\n這裡看起來是某種\n當地薩滿的家。大鍋底下的火\n最近才剛被添過柴——你可能不會想\n在這裡待太久。不過話說回來，\n門是開著的……
msg:20706	[title16][sentence]\n這條小路看起來常有人走。
msg:20707	[title20][sentence]\n壯麗的山脈\n巍然聳入天際。
msg:20708	[title26][sentence]\n真想不到，這種植物\n竟然生長在一個沒有\n化妝品產業的星球上。
msg:20709	[title18][sentence]\n這片草坪沒什麼看頭。
msg:20710	[title32][sentence]\n這隻鳥看起來，\n活脫脫就像你老家所謂的「兀鷲」。\n不過話說回來，\n在你老家，也有人\n這樣叫過「你」本人。
msg:20711	[title22][sentence]\n你有種說不出的詭異感，\n覺得自己不該出現在這裡。
msg:20712	[title19][sentence]\n它們被牢牢固定在柱子上，\n無法取下。
msg:20713	[title27][sentence]\n你不需要它，你的皮膚狀態很好。
msg:20714	[title17][sentence]\n石頭四周\n爬滿了各種蟲子。
msg:20715	[title21][sentence]\n噁！就算你抓得到，\n你也沒有缺朋友缺到那種地步。
msg:11001	[title26][sentence]\n你有種熟悉的詭異感，\n就跟你上一任女友因為你\n忘記把馬桶蓋放下，\n把你反鎖在衣櫃裡時一模一樣。
msg:11002	[title20][sentence]\n洞穴的天花板沒什麼特別的。
msg:11003	[title16][sentence]\n看過一顆石頭，\n等於看過所有石頭。
msg:11004	[title25][sentence]\n或許該叫它們\n「巨大到搬不動的石頭」。\n懂了嗎？
msg:11005	[title25][sentence]\n看起來又長又暗。\n盡頭似乎有一絲微光。
msg:11006	[title22][sentence]\n你就是這樣進來的，記得嗎？
msg:11007	[title25][sentence]\n這不就跟你每個月月底\n腳趾縫裡長出來的東西一樣嗎？
msg:11008	[title25][sentence]\n這些東西不能吃，\n除非放在披薩上。\n既然這附近沒人外送，\n它們也就沒用了。\n
msg:11101	[title20][sentence]\n想想看，洞穴地板\n還是跟以前做的一模一樣。
msg:11102	[title25][sentence]\n你嚇了一大跳，\n直到發現那只是你自己的倒影。
msg:11103	[title22][sentence]\n這裡看起來就是出口。
msg:11104	[title29][sentence]\n你尋思著這些錐形沉積物\n究竟花了多久才形成。\n你也順便想像了一下，\n要是被它絆倒摔上去會是什麼感覺。
msg:11105	[title27][sentence]\n你也看得出來，\n這是比較小的鐘乳石的\n加大加強版。
msg:11106	[title17][sentence]\n把一棵橡樹連根拔起\n搞不好還比較容易。
msg:20101	[title18][sentence]\n這片田基本上都是草。
msg:20102	[title25][sentence]\n這裡的石頭沒什麼特別的。
msg:20103	[title27][sentence]\n這些長相怪異的植物，\n在這座島上似乎很常見。
msg:20104	[title27][sentence]\n天空清澈湛藍，\n再好不過的天氣了。
msg:20105	[title26][sentence]\n海水和天空一樣清澈湛藍。\n遠方可以看到一座小島。
msg:20106	[title26][sentence]\n看起來像是座火山。\n離這麼遠，看不清楚細節。
msg:20107	[title21][sentence]\n這台氣象怪物似乎能\n同時測量風速、氣壓、\n相對濕度、幫你看手相，\n還能順便讀一遍《白鯨記》。
msg:20108	[title19][sentence]\n氣象站和那個奇怪的\n小亭子之間，\n有明顯的踩踏痕跡。
msg:20109	[title26][sentence]\n這玩意兒的用途你完全猜不透。\n它看起來像台高科技行動廁所，\n但你總覺得它一定\n還有更崇高的目的。
msg:20110	[title25][sentence]\n南邊你看到一間小屋，\n那個大塊頭女人顯然就住在裡面。\n你甚至在這裡就聞得到味道。噁！
msg:20111	[title20][sentence]\n這個小半島似乎\n有人用來監測天氣狀況。
msg:20112	[title24][sentence]\n這就是那個女人\n憑空出現又消失的小亭子。\n一定是某種傳送裝置。
msg:20113	[title22][sentence]\n這絕對是個傳送亭。
msg:20114	[title25]號碼錯誤\n機器把你化成一灘猩紅水漥的同時，\n你聽見一個冰冷的機械音喃喃道：\n「很抱歉，您所撥的號碼是空號，\n請查明後再撥。」
msg:20501	[title22][sentence]\n你或許不該\n讓自己這麼引人注目。\n畢竟，你並不是\n她以為的那個人。
msg:20502	[title22][sentence]\n你站在一個看起來像\n小村莊的地方。這裡只有\n一個人，靠在一間小屋旁。
msg:20503	[title25][sentence]\n她似乎在看那些雞。
msg:20504	[title25][sentence]\n這些小屋是用茅草\n精心搭建的。其中一間\n似乎兼作雞舍。
msg:20505	[title22][sentence]\n這些雞渾然不知，\n樂得到處亂跑。\n牠們似乎沒有一隻想過，\n自己「為什麼」被餵得這麼好。
msg:20506	[title27][sentence]\n就算你抓得到，你也沒興趣\n抱著一隻活蹦亂跳的東西到處走，\n更別說是又抓又啄的東西了。
msg:20507	[title21][sentence]\n這隻雞看起來已經在\n那根烤肉叉上慢烤了一整個早上，\n差不多快好了。
msg:20508	[title26][sentence]\n這個火坑看起來很適合烤禽肉。
msg:20509	[title19][sentence]\n你瘋了嗎？那會很痛的！
msg:20510	[title27][sentence]\n溪水看起來清涼誘人。\n你不時會看到一片\n巨大的背鰭滑過水面。
msg:20511	[title22][sentence]\n對岸你看到一條小路\n穿過樹林。這條路看起來\n雜草叢生，像是已經\n多年沒人走過。
msg:20512	[title21][sentence]\n就算餵牠們一整群牛，\n這些小傢伙大概還是會餓。\n死心吧。
msg:20513	[title19][sentence]\n牠們看起來又多又餓。
msg:20514	[title17][sentence]\n這裡顯然就是\n甜滋果的產地。
msg:20515	[title26][sentence]\n這些甜滋果都還沒熟，\n而且整叢灌木也大到\n沒辦法帶著走。
msg:20516	[title25][sentence]\n嗯……你沒看到\n溪裡那些長相怪異的魚嗎？\n你得小心一點。
msg:20517	[title22][sentence]\n你現在的性別\n不適合做那種事。
msg:20518	[title16][sentence]\n你沒發現什麼新東西。
msg:10201	[title27]望遠鏡\n把你那可靠的望遠鏡從掛鉤上取下，\n露出了海報先前被遮住的部分。\n你花了點時間仔細端詳。
msg:10202	[title29][sentence]\n你盯著那盞燈……又盯了一會兒……\n意識到自己可能得\n戴著墨鏡、靠導盲犬帶路\n度過餘生，你決定\n做點有意義的事。
msg:10203	[title27][sentence]\n或許盯著它看久一點，\n就會發生什麼重要的事，\n幫你逃離這顆星球——\n才怪！
msg:10204	[title17]透視艙門\n這扇門通往太空船的\n駕駛艙。如果你\n「用衝的」走向它，\n它就會自動幫你打開\n（真的，不騙你）。
msg:10205	[title19][sentence]\n如果你往那個方向走，\n就會走到太空船的工程區，\n可以親眼看看躍遷裝置\n受損的狀況。
msg:10206	[title24][sentence]\n以你這種男人的個性，\n總忍不住要在醫藥箱鏡子前\n稍微駐足欣賞自己一番。\n你很高興地發現，上個月\n「賺到」的那顆噁心唇皰疹\n終於消了。
msg:10207	[title27]醫藥箱\n嗯，讓我瞧瞧……有兩支舊牙刷、\n一條去年就用完、\n你留著「以備不時之需」的體香劑，\n還有幾年前那條『痂膏』牙膏\n爆漿後留下的一坨\n發黴乾掉的牙膏渣。
msg:10208	[title22][sentence]\n門又嘎吱一聲打開，\n再次展現出你那堆\n不堪入目的衛浴用品收藏。
msg:10209	[title27][sentence]\n醫藥箱門嘎吱一聲關上，\n你提醒自己，總有一天\n得把最底層那坨牙膏\n用噴砂機才刮得掉。\n不過現在，你決定\n讓它繼續安靜地發酵。
msg:10210	[title27][sentence]\n這是張可愛的小椅子，\n本來是給你吃晚餐時坐的。\n不過你從來沒坐過，\n覺得直接把三明治拖到\n駕駛艙吃比較方便——\n順便把餅乾屑塞滿控制台的按鈕縫。
msg:10211	[title26][sentence]\n還是別坐好了。\n這張椅子上灑過的\n各種液體已經形成一種新型黏膠，\n你可能就再也起不來了。
msg:10212	[title27][sentence]\n理論上，這台健身器材\n是要讓你這個星際旅人\n保持一身好體格，方便\n你在浩瀚外太空到處闖蕩。\n實際上，它比較像一件\n「後現代」雕塑作品，\n需要時還能拖去充當\n咖啡桌或腳凳。
msg:10213	[title26]重要環保小常識\n你這樣杵在冰箱旁邊，它那\n顆可悲的小小電腦腦袋就會\n把門一直開著，冷氣全跑光，\n白白浪費能源。而且，那點\n微弱的低溫大概是唯一能讓\n你那些陳年食物不揭竿起義\n的東西了。
msg:10214	[title27][sentence]\n就算是老練的細菌學家，\n盯著這台冰箱久一點，\n大概也會當場跪地狂吐。\n連法醫本人都不忍卒睹\n那坨發霉凝結的真菌——\n也就是你口中的「三明治」。\n前面那個漢堡看起來\n已經自己會動，後方牆上\n還長出了說不定能治\n百病的黴菌。
msg:10215	[title27]機器廚房\n這東西大部分功能你到現在\n還是不會用。光是搞懂怎麼\n做出「烤開水」，你就\n花了整整兩天，之後\n乾脆放棄了。
msg:10216	[title30][sentence]\n恐怕不管你怎麼處理這個\n漢堡，都沒辦法讓它變得\n能吃。加熱只會讓裡面那些\n新住戶突變得更快。
msg:10217	[title24][sentence]\n你媽沒教過你，別把奇怪\n東西塞進大型廚房電器裡嗎？\n不然你乾脆去拿刀捅\n烤麵包機好了？
msg:10218	[title30][sentence]\n抱歉，「打開」機器廚房\n是傳說中「合格維修人員」\n才有的特權，一般人碰不得。\n想用廚房的話，只要塞點\n食物進去就行了。只不過，\n你船上夠格叫「食物」的\n東西，少得可憐。
msg:10219	[title26][sentence]\n這裡是你放「行頭」的地方。\n幾件從沒穿過的舊襯衫，\n正靜靜掛在衣架上腐爛。\n壁櫥裡本來還有好幾十顆\n樟腦丸，但某天晚上你喝到\n茫、又犯了嘴饞，它們就\n不翼而飛了。東西還是別\n亂碰，一碰大概就散了。
msg:10220	[title32][sentence]\n你所有乾淨衣物的總和，\n基本上任何時候都塞在\n這個抽屜裡。塞得有夠緊，\n緊到已經演化成一種新的\n物質狀態，還自備重力場。\n勸你連想都別想把它關上。
msg:10221	[title30][sentence]\n想都別想。你得先拿根鐵撬，\n搞不好還要動用挖土機，\n清掉個幾公斤的衣服，\n才有辦法把這東西搬動。
msg:10222	[title30][sentence]\n梯子頂端的艙口通往主氣閘。\n幸好氣閘看起來暢通無阻，\n應該可以讓你從這裡離船。\n不過在那之前，你得先\n找到某種供氧裝置（畢竟\n整艘船都泡在水裡）。你依稀\n記得，好像有台水中呼吸器\n放在哪裡……
msg:10223	[title27][sentence]\n你花了好幾個鐘頭欣賞\n這張海報。上頭是《下流\n百貨》月曆的「痰盂小姐\n90917」，絕對是你流過\n口水的全息藝術品中，\n數一數二的精品。
msg:10224	[title29][sentence]\n幾個月前，你一時愛慕\n心切，把這張海報用強力膠\n黏死在牆上。就算你呼吸\n急促到能把它蒸鬆動，\n也幾乎不可能完整撕下來，\n只會扯得稀爛，還在艙壁上\n留下一坨坨醜陋的膠痕。\n基於藝術鑑賞的立場，\n你決定讓海報留在原處。
msg:10225	[title29][sentence]\n以你現在的體能狀況，\n這實在不是個好主意。\n你還有一堆事要辦，\n搞個痛到要命的疝氣\n可一點忙都幫不上。
msg:10226	[title24][sentence]\n這是本船居住區的\n主控制面板。目前\n所有維生系統都靠\n輔助電源正常運作中。
msg:10227	[title29][sentence]\n這扇窗通往你的臥室。\n事實上，它是你下床後\n最方便的逃生通道，你\n每天早上都跌跌撞撞爬\n出來，還信誓旦旦說這次\n真的要戒酒了。臥室裡幾乎\n堆滿你的髒內褲，除非你\n好奇黑死病是怎麼發源的，\n不然沒什麼理由進去。
msg:10228	[title29][sentence]\n這道門通往你勉強稱之為\n「臥室」的地方。其實叫它\n「發臭內衣物大坑」還比較\n貼切。自從你的雪鏟壞掉後，\n就再也沒清過，所以你乾脆\n改用窗戶上下床，早就放棄\n用「走」的進房間這個念頭了。
msg:10229	[title30][sentence]\n就算是老練的細菌學家，\n盯著這台冰箱久一點，\n大概也會當場跪地狂吐。\n連法醫本人都不忍卒睹\n那坨發霉凝結的真菌——\n也就是你口中的「三明治」。\n最裡面那盤勉強能叫「義大利\n麵」的東西上，至少二十隻\n火星刺蟲正打算集體\n進入幼蟲期。
msg:10230	[title27][sentence]\n噁！這不只是一條外星海洋\n撈來的魚，你根本不知道\n牠死了多久。搞不好跟你\n冰箱裡的東西一樣危險，\n而且食物中毒可不會加分。
msg:10231	[title24][sentence]\n梯子頂端的艙口通往主氣閘。\n幸好氣閘看起來暢通無阻，\n應該可以讓你從這裡離船。
msg:10232	[title27][sentence]\n低頭一看，地上是一幅\n由毛球、可疑液漬、食物\n殘渣，加上各種辨識不出的\n有機物拼成的「馬賽克」。
msg:10233	[title16][sentence]\n別裝傻了，你到底\n是想看什麼？
msg:10234	[title26][sentence]\n這區是你的起居空間，\n專門用來做你最擅長的\n兩件事——吃跟睡。
msg:10235	[title24][sentence]\n你小心翼翼地拿起這個\n劇毒漢堡，深怕驚動了\n裡面「原生」的生命體。
msg:10236	[title24][sentence]\n它早就是開著的！
msg:10237	[title32]氣閘\n你把水中呼吸器咬進嘴裡，\n確認運作正常後，便著手\n灌水淹沒氣閘。
msg:20201	[title32][sentence]\n透過望遠鏡，你看見一個\n穿著怪異未來服飾的女人。\n她拿著一塊寫字板，正在\n記錄某種氣象站的讀數。\n記錄完後，她走進一根\n高聳的圓柱體，在控制台\n上按了些什麼——可惜被\n她的肩膀擋住看不清楚。\n接著，她就這麼消失了！
msg:20202	[title26][sentence]\n有些岩石上有奇怪的\n刮痕。難道有人拿這些\n石頭磨過牙？
msg:20203	[title27][sentence]\n冷冰冰的，這裡已經\n有一陣子沒生過火了。
msg:20204	[title27][sentence]\n這裡的草被某種極重的\n東西踩得扁平，還有些\n地方被啃過。那個大塊頭\n女人的食量想必驚人。
msg:20205	[title27][sentence]\n北邊有一座小半島\n伸向海中，上頭還有\n幾台怪異的金屬裝置。
msg:20206	[title26][sentence]\n八成是個食物瞭望台。\n從這座塔上，那個大塊頭\n女人大概兩百碼外的\n食物都看得一清二楚。
msg:20207	[title16][sentence]\n有一部分已經被吃掉了。
msg:20208	[title25][sentence]\n有幾根樹枝被啃斷了，\n除此之外這些樹看起來\n挺正常的。
msg:20209	[title16][sentence]\n這棵樹沒什麼好看的。
msg:20210	[title10][sentence]\n是藍色的。
msg:20211	[title22][sentence]\n天啊，這門也太大了吧，\n住在這裡的人肯定很寬。
msg:20212	[title24][sentence]\n地上散落著老鼠、青蛙\n一類動物的骨骸。看樣子\n住戶是跟這些東西一起\n睡在地板上的。腐屍的\n臭味濃到讓人受不了。
msg:20213	[title25][sentence]\n從這裡看不清楚細節。
msg:20214	[title29][sentence]\n看著這片外星海洋，讓你\n想起最近在潟湖裡的遭遇。\n看來你短時間內不會\n自願去「潛水」了。
msg:20215	[title24][sentence]\n它的前主人肯定成了\n「那個誰」的點心，\n被啃得乾乾淨淨。
msg:20216	[title27][sentence]\n這顆頭骨太大了，\n或許你該找根小一點的\n骨頭隨身攜帶。
msg:20217	[title26][sentence]\n腳邊散落著一頓\n剛吃完的殘羹剩骨。
msg:20218	[title19][sentence]\n你小心翼翼撿起這根骨頭。
msg:20219	[title24][sentence]\n這裡想必是某個大塊頭的\n住處——大概就是你最近\n抓到的那個寬女人。你看到\n一間小屋、一座塔，還有\n一個壁爐。北邊則是大海，\n和幾台造型古怪的裝置。
msg:20220	[title27][sentence]\n北邊有一座小半島伸向\n海中，上頭有幾台怪異的\n金屬裝置，還有個人在\n裝置間走來走去，拿著\n寫字板做筆記。
msg:20221	[title32][sentence]\n你對骨頭是有什麼奇怪的\n癖好？身上已經有兩根了，\n一次扛三根實在有夠\n麻煩。你決定先把這根\n留在這裡，等哪天真的\n把手上的弄丟了再回來拿。
msg:20222	[title32][sentence]\n北邊有幾台怪異的裝置。\n左邊那台看起來像某種\n氣象站；右邊則是一根\n高聳的圓柱體，上頭有\n門可以進去。稍早你看到\n有人在這些裝置附近走動，\n不過現在四下無人。
msg:21401	[title27][sentence]\n這扇窗看起來就跟你這陣子\n因為各種原因跳過的那些\n窗戶差不多。窗外的島\n看起來還是你不久前\n離開時的老樣子。
msg:21402	[title27][sentence]\n籠子裡有東西。這間\n小屋的主人肯定在搞\n什麼詭異實驗。
msg:21403	[title27][sentence]\n哇，這隻也太大了吧！\n看來有人在測試某種\n解藥，用來對付那個把\n牆上人頭縮小的玩意兒。
msg:21404	[title26][sentence]\n這頭熊已經沒辦法\n傷害任何人了。
msg:21405	[title30][sentence]\n這座戰利品讓你有點\n發毛。那隻動物當年\n拚死一戰，恐怕都比你\n打得像樣。你最好祈禱\n小屋主人別這時候\n晃回來。
msg:21406	[title27][sentence]\n一個半球形容器，專門\n用來搗碎混合骨頭、獠牙、\n牙齒和眼球之類的東西。\n裡頭目前擺著一對\n某種小動物的腎臟。
msg:21407	[title22][sentence]\n一個半球形容器，專門\n用來搗碎混合骨頭、獠牙、\n牙齒和眼球之類的東西。
msg:21408	[title22][sentence]\n還好現在是空的。你不禁\n開始想像，自己身上\n哪個部位塞得進這些罐子。
msg:21409	[title24][sentence]\n收集蟲子殘骸和\n老鼠內臟不是你的菜。\n這東西還帶著先前\n裝過什麼的味道。
msg:21410	[title25][sentence]\n這些傢伙看起來都不太\n開心。看來這間小屋的\n主人，早已練就一身\n縮頭絕活。
msg:21411	[title19][sentence]\n你真的很噁心，\n算了吧。
msg:21412	[title27][sentence]\n這些是預先處理過的\n縮頭專用飛鏢。要是你\n有東西能把它們射出去，\n說不定能當件像樣的武器。
msg:21413	[title24][sentence]\n你小心翼翼拿起那袋\n飛鏢，深怕扎到自己。
msg:21414	[title24][sentence]\n這可不是明智之舉。這隻\n看似柔弱蓬鬆的小東西，\n八成能把你撕成碎片。
msg:21415	[title14][sentence]\n沒有回應。真令人\n意外呢，是吧？
msg:21416	[title22][sentence]\n這隻過動小傢伙最不需要\n的，就是再嗨一波糖分。
msg:21417	[title22][sentence]\n只要別把牠放出籠子，\n這隻被關起來的生物\n就傷不了你。
msg:21418	[title21][sentence]\n這些大概還在等著\n「處理」，看起來\n挺新鮮的。
msg:21419	[title21][sentence]\n省省吧，你的頭\n已經夠大了。
msg:21420	[title16][sentence]\n「前野生動物」風\n不是你的菜。
msg:21421	[title20][sentence]\n地板沒什麼特別的，\n除了那張有意思的地毯。
msg:21422	[title22][sentence]\n這是一根中空管子，\n用來把飛鏢射向\n待宰的目標。
msg:21423	[title19][sentence]\n桌上擺著一堆縮頭道具，\n包括一袋看起來很不妙的\n飛鏢，還有一把吹箭筒。
msg:21424	[title19][sentence]\n桌上擺著一堆縮頭道具，\n包括一袋看起來\n很不妙的飛鏢。
msg:21425	[title19][sentence]\n桌上擺著一堆縮頭道具，\n包括一把吹箭筒。
msg:21426	[title20][sentence]\n桌上擺著一堆\n縮頭道具。
msg:21427	[title25][sentence]\n這裡是某個熱愛拿動物\n做實驗、還喜歡縮小人頭的\n傢伙的家。這位仁兄回來時，\n你大概不會想待在這裡。
msg:21428	[title32][sentence]\n看來這幾顆頭，縮得\n沒有其他那幾顆成功。
msg:31301	[title33]哎呀！怪了！\n你感覺胯下傳來一陣\n異樣的酥麻感。也許\n錯體機的效果正在\n退去……
msg:20301	[title16][sentence]\n天空沒什麼好看的。
msg:20302	[title24][sentence]\n又陡又崎嶇，你還是\n死了攀爬這條心吧。
msg:20303	[title26][sentence]\n這棵棕櫚樹幾乎彎到\n貼地，看起來像有人\n把一艘戰艦停在上面。
msg:20304	[title19][sentence]\n北邊似乎有間小屋。
msg:20305	[title17][sentence]\n這裡的草有被踩踏\n和啃食過的痕跡。
msg:20306	[title24][sentence]\n少唬弄你了。這些\n根本不是巨石，\n是巨大的岩石。
msg:20307	[title18][sentence]\n這裡唯一值得一提的，\n是一棵長得超可憐的樹。
msg:20308	[title19]啪嘰！\n猜猜今晚誰要上菜！
msg:21501	[title14][sentence]\n這隻可憐的生物一動\n也不動躺在地上，你\n卻總覺得牠在盯著你看。
msg:21502	[title18][sentence]\n這張可憐的床，\n看起來歷經滄桑。
msg:21503	[title21][sentence]\n把這東西擺在床前\n還真怪。嗯……
msg:21504	[title21][sentence]\n你不禁好奇，這座祭壇\n是用來舉行什麼詭異\n儀式的。搞不好你剛剛\n就親自「示範」過一次了？
msg:21505	[title20][sentence]\n從窗戶望出去，能看見\n在小屋後方流過的小溪。
msg:21506	[title29][sentence]\n牆上掛著幾幅手繪圖畫。\n其中幾幅的場景，你猜\n大概是取材自《印度愛經》，\n只不過背景就設在\n這個房間裡。\n
msg:21507	[title26][sentence]\n這顆甜滋果看起來\n香甜多汁，肯定是\n在地食物裡最好吃的\n那種，錯不了。
msg:21508	[title18][sentence]\n你小心翼翼從袋子裡\n拿出一顆多汁的甜滋果。
msg:21509	[title22][sentence]\n這間溫馨的小屋，\n看起來就是專門用來……\n用來……你懂的。
msg:21510	[title19][sentence]\n帶著那東西到處走，\n你看起來會像個\n十足的白痴。
msg:21511	[title16][sentence]\n你才不需要這東西！
msg:21512	[title28][sentence]\n這位小姐大概天天\n靠這個過活。這麼好吃的\n東西，怎麼能讓她的\n腰維持這麼細？她肯定\n運動量驚人。
msg:21513	[title22][sentence]\n你也太貪心了吧！\n拿一顆就好，用不著\n把她整批存貨都搬走。
msg:21514	[title16][sentence]\n省省吧，你早就不玩\n「紀念品」這一套了。\n把墊子留在原地。\n
msg:21101	[title18][sentence]\n這座島上的植物，\n長相還真是奇特。
msg:21102	[title24][sentence]\n這條路看起來\n常有人走。
msg:21103	[title22][sentence]\n樹上傳來奇怪的動物\n叫聲，讓你想起你和\n蘿莉塔搭熱氣球那次，\n還有……呃……算了，\n當作沒說。
msg:21104	[title27][sentence]\n樹上傳來奇怪的動物\n叫聲，上頭一定有\n什麼東西。
msg:21105	[title26][sentence]\n就是這棵樹，那隻\n討厭的猴子偷走你的\n望遠鏡前，曾經躲在\n這上面。
msg:21106	[title16][sentence]\n噁。這味道讓你想起\n「那個誰」的腋下。
msg:21107	[title10][sentence]\n過不去。
msg:21108	[title21][sentence]\n叢林密不透風，\n根本走不過去。
msg:21109	[title17][sentence]\n這條路通往巫醫的小屋。
msg:21110	[title22][sentence]\n順著路走下去，\n你看到另一間小屋。
msg:21111	[title24][sentence]\n這裡沒什麼特別的，\n只有一棵樹、一堆\n石頭，和腳下這條路。\n樹上似乎有什麼東西\n在發出聲音。
msg:21112	[title27][sentence]\n這裡沒什麼特別的，\n只有一棵樹、一堆\n石頭，和腳下這條路。
msg:21113	[title16][sentence]\n他看起來人畜無害。
msg:21114	[title20][sentence]\n你不需要養新寵物。
msg:21115	[title25][sentence]\n這堆石頭最後接上一面\n懸崖。憑你半吊子的\n技術和完全沒有的裝備，\n爬不上去。
msg:21116	[title27][sentence]\n你看著這棵樹，\n看到的是……葉子。\n用望遠鏡看，你則是\n看到那些葉子的\n美麗特寫。\n
msg:21001	[title17][sentence]\n這間茅草屋蓋得\n很紮實，屋主的\n「身材」似乎也是。
msg:21002	[title16][sentence]\n這間小屋，現在\n承載著你不少\n美好回憶。
msg:21003	[title21][sentence]\n這間小屋現在可以\n加入你冰箱頂和蘿莉塔\n公寓電梯的行列，\n一起列進你的「特別\n地點」名單了。\n
msg:21004	[title24][sentence]\n這種東西你這輩子\n見過幾次，但用\n獸皮做的還是頭一回。
msg:21005	[title25][sentence]\n哇！稻草做的\n熱褲，也太前衛了吧！\n你決定不再盯著看，\n免得等一下得去\n沖冷水澡。
msg:21006	[title26][sentence]\n什麼？喬裝打扮？\n想都別想。首先，\n光是想到要穿上這些\n玩意兒就讓你反胃，\n而且，不管是誰，\n沒有人，我是說\n沒有任何人，會把你\n誤認成女人。\n
msg:21007	[title24][sentence]\n這裡是村民洗衣服、\n取得新鮮飲用水的\n地方。
msg:21008	[title18][sentence]\n這叢茂密的蕨類，\n沒辦法讓你多看幾眼。
msg:21009	[title21][sentence]\n這條路通往東邊\n和北邊，看起來\n走的人不少。
msg:21010	[title20][sentence]\n哇喔！她整個電到你了。\n你花了點時間，把\n下巴從地上撿回來，\n舌頭塞回嘴裡，\n再把眼珠子裝回\n眼窩。你真的欠自己\n一個機會去認識她。
msg:21011	[title26][sentence]\n稍微想了一下，你\n判定朝這位美女開槍，\n大概會是你這輩子\n做過最蠢的一件事。
msg:21012	[title18][sentence]\n這條路似乎通往\n遠方一群小屋。
msg:21013	[title17][sentence]\n這道窗簾多少給了\n這位美女一點隱私，\n說也奇怪，她身上的\n衣服倒是完全沒有\n這功能。
msg:21014	[title16][sentence]\n曬衣繩，顧名思義，\n就是拿來晾衣服的\n繩子。很簡單吧，\n懂了嗎？
msg:21015	[title22][sentence]\n別這樣做！她的\n衣服會全部掉進\n泥巴裡，還得\n重洗一遍。
msg:21016	[title24][sentence]\n看起來又是一間茅屋。事實上，\n那邊還有好幾間。
msg:21017	[title24][sentence]\n哇！那邊還有一個女人！\n
msg:21201	[title20][sentence]\n這裡的草長得異常高。
msg:21202	[title24][sentence]\n這裡的石頭沒什麼看頭。
msg:21203	[title21][sentence]\n這個洞穴裡有個小水池，你逃出\n太空船後就是從這裡冒出來的。
msg:21204	[title29][sentence]\n泡在水裡那麼久之後，再看到\n天空的感覺真好。這片湛藍晴空\n看起來沒有敵艦的蹤影。
msg:21205	[title24][sentence]\n北邊的那片田看起來相當大。
msg:21206	[title22][sentence]\n遠方的樹木似乎標示著一片\n茂密森林的邊界。
msg:21207	[title20][sentence]\n這些長相怪異的外星植物\n引不起你太多興趣。
msg:21208	[title17][sentence]\n這幾座雄偉高山讓你想起\n好一陣子沒見過的東西。
msg:21209	[title20][sentence]\n你站在一片大草原的南端。\n
msg:20801	[title30][sentence]\n你自己做了一次羅夏克墨跡\n測驗，結論是「都是你爸媽的錯」，\n頓時感覺舒坦多了。
msg:20802	[title27][sentence]\n你覺得西邊好像有一間茅草屋。\n你的想法通常很多，但這次\n幾乎可以確定是真的。
msg:20803	[title22][sentence]\n這叢灌木看起來曾經\n長過葉子。
msg:20804	[title27][sentence]\n有句老話說：「一日為石，\n終生為石。」
msg:20805	[title18][sentence]\n這棵小仙人掌看起來很兇，\n你決定別惹它。
msg:20806	[title22][sentence]\n要那樣做，你得先碰它才行。\n這可不是好主意。
msg:20807	[title24][sentence]\n看到樹上結著多汁的甜瓜，\n你不禁口水直流。
msg:20808	[title24][sentence]\n這個坑看起來深不見底，\n你決定走路小心點。
msg:20809	[title29][sentence]\n這些一定是從那叢帶刺\n灌木上掉下來的。
msg:20810	[title29][sentence]\n看起來有人想在這裡設陷阱，\n不過沒放餌，當然不會有用。
msg:20811	[title22][sentence]\n這個坑被樹葉蓋得很隱密。
msg:20812	[title33][sentence]\n你小心翼翼地把[noun1]放在\n樹葉上。哎呀！它太重了，\n直接掉到坑底。唉，[noun1]\n就這樣報銷了。
msg:20813	[title28][sentence]\n這些樹你一棵都不感興趣。
msg:20814	[title22][sentence]\n想去撿那些葉子很危險，\n你可能會摔進去。
msg:20815	[title20][sentence]\n幹得好，你逮到那隻又大又餓\n的傢伙了。她短時間內\n別想爬出那個坑。
msg:20816	[title24][sentence]\n費了那麼大勁才把她困住，\n你現在想把她拉出來？！\n你以為她現在會很高興見到你？\n還是讓她留在原地比較好。
msg:20817	[title32][sentence]\n你站在一片遼闊原野的中央，\n四面八方都望不到邊。往西邊\n望去，你看到遠處有座小村莊，\n這裡有個深坑，就在帶刺灌木叢旁。
msg:20818	[title32][sentence]\n你站在一片遼闊原野的中央，\n四面八方都望不到邊。往西邊\n望去，你看到遠處有座小村莊，\n這裡有個深坑，被精心鋪好的\n一堆樹葉巧妙掩蓋著。
msg:20819	[title32][sentence]\n你站在一片遼闊原野的中央，\n四面八方都望不到邊。往西邊\n望去，你看到遠處有座小村莊。\n有個食人巨女困在坑裡動彈\n不得，兩條腿在空中可憐地\n亂踢。你最好趕快辦完事情\n走人，因為她一旦脫困，\n絕對不會跟你善罷甘休。
msg:20820	[title32][sentence]\n你瘋了嗎？要是把她從坑裡\n拉出來，她會把你當早餐吃掉！
msg:21301	[title26][sentence]\n你唯一還算看得懂的東西，\n大概就是中間那個鍵盤了。
msg:21302	[title33][sentence]\n0到9的數字鍵旁邊，\n還有一個「笑臉」鍵和\n一個「哭臉」鍵。泡棉材質\n的數字鍵按起來很舒服。\n面板上方寫著一組四位數字。
msg:21303	[title17][sentence]\n這個顯示幕顯然是用來\n顯示你輸入的內容。
msg:21304	[title20][sentence]\n自從你踏進這台裝置後，\n這座島看起來都沒變。
msg:21305	[title28][sentence]\n這是個圓柱狀的東西，裡面裝著\n一些外星電子零件、一個鍵盤，\n還有一個船難落難的太空冒險家。
msg:21306	[title27][sentence]\n這是一把小鑰匙，上面印著\n一個符號。\n
msg:20901	[title21][sentence]\n你回頭看了一眼來時路，\n沒什麼特別的靈感。
msg:20902	[title24][sentence]\n這種植物有圓形木質莖幹，\n裡面的軟芯可以用來蓋茅屋、\n做工具、做武器，\n還能拿去做林波舞的橫桿。
msg:20903	[title19][sentence]\n美。陡。爬不上去。
msg:20904	[title16][sentence]\n這裡的草地被許多破爛的\n甜瓜殘渣染污了。
msg:20905	[title18][sentence]\n正西方那片田地，\n又平坦又荒涼。
msg:20906	[title22][sentence]\n你北邊那塊區域，\n似乎被幾塊大石頭占據了。
msg:20907	[title26][sentence]\n看起來是從附近那片\n草叢掉下來的木莖。它大概\n躺在這裡好一陣子了，\n因為芯都已經爛掉了。
msg:20909	[title20][sentence]\n猴子要是餓了，大概會直接\n去吃那棵樹上結的甜瓜。
msg:20910	[title26][sentence]\n哇！那些飛鏢真的有用。那個\n討厭鬼的頭幾秒鐘內就縮到\n核桃大小。當然，你得把\n飛鏢全部用完才打得中他。
msg:20911	[title26][sentence]\n你得意地找回被偷走的\n望遠鏡。
msg:20912	[title21][sentence]\n一棵大甜瓜樹立在草地空地上，\n夾在一座山和一片竹林之間。
msg:20913	[title24][sentence]\n這些樹又高又綠又美。
msg:20914	[title17][sentence]\n那個討厭鬼就是偷走\n你望遠鏡的傢伙！
msg:20915	[title19][sentence]\n那樣做不會有任何用處。
msg:20916	[title24][sentence]\n你得想個更好的方法\n把它們射出去。這些不是\n投擲飛鏢，是吹箭用的飛鏢。
msg:20917	[title21][sentence]\n這棵樹雖然長得像棕櫚樹，\n結的卻是大顆紅色果實，\n不是椰子。
msg:20918	[title22][sentence]\n這棵樹雖然長得像棕櫚樹，\n結的卻是大顆紅色果實，\n不是椰子。目前樹上正有隻\n愛偷東西的猴子在跳來跳去。
msg:20919	[title26][sentence]\n這就是那隻討厭的猴子\n捉弄你的那棵樹。他這下\n可學到教訓了。
msg:20920	[title24][sentence]\n好幾十顆甜瓜的殘骸\n在草地上留下一大片污漬。\n看起來範圍太廣，不像是\n從樹上掉下來的。
msg:20921	[title21][sentence]\n你一度想抓一把黏糊糊的\n瓜肉，但轉念一想，還是\n做點別的事吧。\n
msg:40210	[title30][sentence]\n你突然被「週末夜狂熱」\n附身，很想脫下外套\n甩到頭上轉圈。幸好理智\n還在，你決定別太招搖。
msg:40211	[title27][sentence]\n你感覺這台傳送器\n哪裡怪怪的。你決定讓\n別人先幫你試試看。
msg:40212	[title32][sentence]\n你上次看到有人從這台\n傳送器出來，臉色不太妙。\n你決定不要拿「喜怒無常\n的傳送器」來做實驗。\n（這句繞口令你倒是唸唸看！）
msg:40213	[title30][sentence]\n這間酒吧看起來跟你在\n上百個星球見過的酒吧沒兩樣。\n有張擺飲料的平台，還有張\n軟墊，躺上去昏倒也挺舒服。\n你心裡默默記下一件事：\n這個酒保應該能在比腕力時\n把你打得落花流水。
msg:40214	[title22][sentence]\n唉呦，她長得可真有個性，\n那張臉恐怕連荷蘭古畫裡的\n風車都會被嚇停。她大半\n時間都在擦吧台，幫第一張\n板凳上那位一臉倦容的\n女士倒酒。
msg:40215	[title22][sentence]\n你驚嘆她菸上那截菸灰\n居然沒掉。她偶爾朝你\n吐個煙圈，但看起來想\n一個人靜靜。
msg:40216	[title29][sentence]\n她看起來玩得挺開心，\n盯著酒吧裡的其他人看。\n她不願正眼看你，反而\n一直盯著酒保瞧。\n
msg:40217	[title25][sentence]\n她顯然是在等別人。
msg:40218	[title18][sentence]\n這位女士要打幾分？『10分』\n但那是芮氏地震規模才有的\n10分。她背後那道明顯的\n『斷層線』，洩漏她是幹維修的，\n那條工具腰帶也是個好線索。
msg:40219	[title20][sentence]\n這裡通往走廊。
msg:40220	[title21][sentence]\n你注意到幾個女人、一片\n舞池、更多女人、一座吧台、\n一顆鏡球、女人、幾株盆栽，\n還有一些女人。你開始納悶\n這些女人平常都做些什麼\n消遣。你決定小心行動，\n別太引人注目。
msg:40221	[title22][sentence]\n樓上那些女人似乎很享受\n彼此的陪伴，打斷她們\n未免太失禮。
msg:40222	[title25][sentence]\n你被人重摔過嗎？繼續\n這樣搞下去，包管你那副\n「美麗」的身材被摔得\n扁扁的，一點也不難。
msg:40223	[title27][sentence]\n她們正忙著聊天。如果你\n把酒吧裡每個人都問一輪，\n可能會太引人注意。
msg:40224	[title26][sentence]\n考量到她離你那麼遠，\n加上這裡的環境音量，\n她聽到你的機率微乎其微，\n非常微乎其微。你認為\n對她大吼不是個好主意。
msg:40225	[title21][sentence]\n這道欄杆看來稱職，\n沒有人從陽台摔下去。
msg:40226	[title22][sentence]\n這些桌子是圓的、平的，\n有四條腿。你還想怎樣？
msg:40227	[title30][sentence]\n你不需要一張新桌子，\n尤其你現在根本沒有家\n可以擺了。
msg:40228	[title21][sentence]\n招牌上得意地寫著這間店\n的名字。看樣子該維修了，\n最後一個字母老是猶豫\n該不該亮。
msg:40229	[title30][sentence]\n你到底要拿一個八呎高、\n閃個不停的霓虹招牌「做」\n什麼？你的腦袋該去檢查一下了。
msg:40230	[title26][sentence]\n吧台前有三張板凳，\n其中一張坐著一位繫著\n工具腰帶的高大女子。\n另外兩張看起來鋪了軟墊，\n挺舒服的。
msg:40231	[title25][sentence]\n這些板凳不但被鎖在地上，\n而且你扛著一張板凳到處走\n看起來也很滑稽。
msg:40232	[title21][sentence]\n這棵仙人掌只是這間\n裝潢用心的酒吧的一部分。
msg:40233	[title21][sentence]\n你想了一下把仙人掌\n塞進口袋會有什麼後果，\n決定還是讓它留在原地。
msg:40234	[title24][sentence]\n這顆旋轉鏡球是這間\n俗氣迪斯可舞廳的招牌。\n在它熟悉的光線下，\n你感覺特別自在。
msg:40235	[title26][sentence]\n樓上的舞池小得剛好\n只能容納一兩個人。此刻\n上面只有一個人，而且\n她並沒有在跳舞。
msg:40236	[title19][sentence]\n酒吧周圍的樹木增添了\n不少氣氛，跟這裡的\n原生岩壁相當搭。
msg:40237	[title25][sentence]\n陽台下方掛著幾盆植物，\n看起來被照顧得很好。
msg:40238	[title21][sentence]\n我們是不是有點太心急了？
msg:40239	[title16][sentence]\n一張折疊紙的一角，\n從那女人的後口袋裡\n露了出來。
msg:40240	[title29][sentence]\n你小心翼翼地從那女人的\n口袋裡抽出清單。幸好\n她醉得不省人事，\n沒發現你順手牽羊。
msg:40241	[title32]外星酒\n付了酒錢之後，你把這瓶酒\n藏進外套裡妥善收好。
msg:40242	[title32]信用晶片\n你從吧台拿回信用晶片，\n希望之後還能派上用場。
msg:75110	[title29][sentence]\n你站的地方，想必是俯瞰\n城市的一座維修平台。眼前\n是令人屏息的城市全景，\n展現出這座詭異雙層結構的\n全貌。看來，整座城市都是\n建在一座巨大的死火山口\n內部。遙遠下方，你看到\n溫暖著城市的發光岩漿。\n你身後、城市邊緣之外，\n只有一片汪洋。你駐足片刻，\n讚嘆這項工程奇蹟，這才\n注意到自己幾乎正站在一座\n美麗女子雕像的正上方。
msg:75112	[title25][sentence]\n這裡顯然是電梯的\n終點站。門已經關上了，\n但你沒聽到任何動靜，\n猜想它是在等你。
msg:75113	[title27][sentence]\n城市的邊緣顯然就是\n火山口的頂端。你腳下這一小段\n已經鋪過路面，你猜這裡\n應該是個維修平台。
msg:75114	[title27][sentence]\n這些東西大概是建城時\n派上用場的。歲月與風化\n對這些突出物造成了損害，\n有些地方甚至能看到\n裡頭外露的鋼筋。
msg:75115	[title21][sentence]\n最右邊的橋墩上突出一個\n尖銳的金屬鉤。風吹雨打\n讓大部分金屬都鏽蝕了。
msg:75116	[title20][sentence]\n你的釣魚線垂掛在那個\n小金屬鉤上，一路延伸到\n下方大雕像的底座。
msg:75117	[title25][sentence]\n一圈火成岩環繞著\n城市邊緣。陽光溫暖地\n灑在那坑坑疤疤的\n藍紫色表面上。
msg:75118	[title16][sentence]\n你不需要任何浮石。
msg:75119	[title20][sentence]\n東邊你看到一座\n傳送亭。
msg:75120	[title27][sentence]\n你熟練地把釣魚線\n綁在金屬鉤上，然後把線\n甩向下方的大雕像。
msg:75121	[title21][sentence]\n把你這番心血都毀了？
msg:75122	[title20][sentence]\n這棟高樓聳立在所有\n建築之上，看起來是\n全城最高的一棟。
msg:75123	[title32][sentence]\n如果把線綁在橋墩上，\n很可能會從頂端滑掉。不過，\n最右邊橋墩的右上角\n有個尖銳的鉤狀突起，\n或許可以把線牢牢綁在\n那上面。
msg:31110	[title25][sentence]\n桌上有兩台螢幕、\n一些文件、一個咖啡杯，\n還有吃剩、放到不新鮮的\n甜甜圈。
msg:31111	[title25][sentence]\n後牆是從岩石鑿出來的，\n跟你剛逃出來的牢房差不多。\n有一面牆擺滿了設備。\n這些設備你完全不熟，\n加上你想保持低調，\n決定還是別亂碰。
msg:31112	[title27][sentence]\n看來幫後牆選了「早期\n中生代火成岩」風格的\n那位室內設計師，燈具\n則挑了「裝飾藝術」風。
msg:31113	[title25][sentence]\n這片白光燈板，把房間\n照得非常明亮。
msg:31114	[title21][sentence]\n你用不著四十呎長的\n日光燈具。
msg:31115	[title26][sentence]\n房間中央用電線垂掛的\n小燈泡，在兩側燈板的\n對比下顯得微不足道。\n這大概是當初的施工人員\n留下來的。
msg:31116	[title21][sentence]\n想偷這顆小燈泡，\n也不會有什麼收穫。
msg:31117	[title25][sentence]\n雖然你沒看到人，\n卻聽到人聲。你決定\n「非常」安靜。萬一被發現，\n你恐怕得向那位好心的\n醫生解釋一番。
msg:31118	[title25][sentence]\n你沒看到警衛，\n但還是決定按兵不動，\n不冒任何風險。
msg:31119	[title25][sentence]\n這間燈光極亮的房間裡，\n有張擺著兩台螢幕的桌子。\n環顧四周後，你判斷\n這裡應該是某種監控站。
msg:31120	[title19][sentence]\n你踹開柵欄時，幾乎\n把門閂弄爛了。要再打開\n應該不成問題。\n
msg:41310	[title25][sentence]\n雕像手上刻著一行字：\n「身高需達到此處以上，\n才能進入傳送器。」
msg:41311	[title16][sentence]\n你扛著這東西到處走，\n看起來會很滑稽。
msg:41312	[title26][sentence]\n這一定是行李輸送帶。\n自從你最愛的手提箱\n被一個雷克塔星球的\n行李搬運工吃掉之後，\n你就對這種東西很有戒心。
msg:41313	[title25][sentence]\n這可不是個好主意。\n幾乎可以肯定，凡是放上\n這條輸送帶的東西，最後\n都會掉進某個黑洞裡。
msg:41314	[title24][sentence]\n你已經很熟悉這類裝置了。\n上面有張小紙條寫著：\n「變體人請注意：這台機器的\n性別安控系統仍在運作中！」
msg:41315	[title22][sentence]\n顯示幕上列出各種\n傳送器的狀態資訊。從\n顯示的行數看來，這樣的\n傳送器數量應該不少。\n可惜這裡沒列出傳送代碼。
msg:41316	[title24][sentence]\n這裡通往一條東西向\n的長廊。
msg:41317	[title32][sentence]\n這些照片展示著各種精緻的\n度假勝地。你彷彿看到自己\n躺在沙灘上，手拿一杯\n「提基拉地出」，悠閒地\n撿貝殼，決定別再做白日夢，\n做點正經事吧。
msg:41318	[title17][sentence]\n這些植物需要澆水，\n除此之外看起來還好。
msg:41319	[title30][sentence]\n你突然湧起一股衝動，\n想摘些花，巧妙地擺在\n房間各個角落當裝飾。\n這股衝動讓你不禁\n希望性別轉換器還能\n反著用一次。
msg:41320	[title18][sentence]\n這間小房間裡有一座\n傳送器、牆上一個奇怪的\n顯示幕，還有一條輸送帶。\n一面牆上貼滿了照片。\n
msg:60598	[title32]咕嘟咕嘟咕嘟\n電梯往淹水的城市\n下降時，你有種不祥的\n預感。電梯門一開，\n感覺變得更糟。
msg:60599	[title32]咕嘟咕嘟咕嘟\n看來那顆定時炸彈，\n已經把你這條可悲的\n小命收拾掉了。
msg:32001	[title22][sentence]\n這是一台監視螢幕。\n你猜下方的按鈕是用來\n切換不同的攝影機畫面。
msg:32002	[title17][sentence]\n這是一台文字螢幕，\n大概連接著某處的電腦。
msg:32003	[title18][sentence]\n桌上堆滿了一堆\n無關緊要的東西。
msg:32004	[title19][sentence]\n這裡應該就是警衛\n監控保全的地方。
msg:32005	[title30][sentence]\n盯著咖啡杯底往下看，\n你發現裡面那坨小細菌，\n似乎正在向隔壁那坨\n龐然大物宣布獨立。
msg:32006	[title26][sentence]\n這甜甜圈早就不能吃了，\n放在這裡放到……嗯，\n大概老到連碳定年法\n都測不出來。糖霜已經\n把它和報紙黏成一體。
msg:32007	[title30][sentence]\n你抱著看點好料的期待，\n隨手翻了一下這本雜誌，\n卻發現它跟你以前看的\n《辣妹》雜誌完全不同——\n這期裡每個人都穿得整整齊齊。
msg:32008	[title27][sentence]\n這些迷你橄欖球讓你想起\n寄宿學校的日子。你這輩子\n唯一的一次「射門得分」，\n就是靠其中一顆達成的。
msg:32009	[title32][sentence]\n你不確定這份報紙有多舊了，\n穿過甜甜圈漬痕和咖啡\n漬跡，你勉強認出頭條\n寫著：「性別戰爭——\n女人終究『壓在上頭』。」
msg:32010	[title25][sentence]\n這塊寫字板上夾著一枝\n鉛筆和一張怪字條。\n看那鬼畫符般的筆跡，\n你猜這八成是醫生寫的。
msg:32011	[title25][sentence]\n你面前有兩台螢幕，\n是警衛用來監控保全的。\n螢幕下的桌子堆滿雜物。
msg:32012	[title29][sentence]\n這杯子裡的東西，\n已經髒到沒救，\n沒辦法再消毒了。\n你覺得想染上什麼怪病，\n應該有更有趣的辦法。
msg:32013	[title25][sentence]\n沒有空白的紙可以塗鴉了，\n你決定不拿它。
msg:32014	[title26][sentence]\n這甜甜圈說不定哪天\n會演化成什麼特效藥，\n但現在它一點用也沒有。
msg:32015	[title20][sentence]\n你只會把它弄丟，\n還是留在這裡吧。
msg:32016	[title19][sentence]\n裡面沒有裸體照片，\n對你來說沒什麼用。
msg:32017	[title22][sentence]\n報紙已經被黏答答的\n甜甜圈糖霜黏在桌上了。\n
msg:32210	[title12][sentence]\n你看到一面石牆。
msg:32211	[title29][sentence]\n這個鍵盤上有十二個按鍵，\n除了數字0到9之外，\n還多了『笑臉』和\n『哭臉』兩個鍵。
msg:32212	[title29][sentence]\n這台輸入裝置的複雜程度，\n大概跟計算機差不多。\n慢慢來，你遲早\n會搞懂的。
msg:32213	[title25][sentence]\n這是一把鑰匙。提示：\n它大概只有指尖那麼大。
msg:32214	[title17][sentence]\n你正站在一台\n外星傳送裝置裡。\n
msg:35110	[title26][sentence]\n仔細一看你發現螢幕\n已經報銷了——兇手是\n一小塊石頭，顯然把\n大量動能一股腦兒\n轉移到了映像管上。
msg:35111	[title25][sentence]\n看著這片狼藉，你慶幸\n自己是站在那隻\n蜥腳龍朋友的這一邊。
msg:35112	[title25][sentence]\n你對這隻蜥腳龍的\n蠻力嘆為觀止，也替附近\n可能出現的狗兒默哀。
msg:35113	[title27][sentence]\n這個警衛顯然過得不太好。
msg:35114	[title33][sentence]\n這個警衛顯然也不太妙。\n看她手裡還握著信用晶片，\n你猜她是想拿它跟你的\n大個子朋友買條命——\n看樣子，對方沒接受。\n
msg:35115	[title33][sentence]\n這台設備已經徹底報銷了。\n就算修得好，你也不會用。\n還是死心，\n當它是一堆「廢鐵」吧。
msg:35116	[title19][sentence]\n這張桌子連同周圍的一切，\n全都被砸爛了。
msg:35117	[title20][sentence]\n這台機器現在的功能，\n只剩下讓這可憐的警衛\n枕著頭而已。
msg:35118	[title20][sentence]\n這個小玩意你看著眼熟。
msg:35119	[title27][sentence]\n它在閃燈！表示大概還能用。\n可惜你完全不知道\n該怎麼操作它。
msg:35120	[title20][sentence]\n穿過這扇門，就是你\n剛剛離開的保全區。
msg:35121	[title26][sentence]\n這個房間被砸得亂七八糟，\n東西丟得到處都是。\n跟你上次來的時候\n完全不一樣了。真是一團亂！
msg:35122	[title20][sentence]\n這根柱子顯然有什麼\n重要的結構功能，\n但確切原理已經超出\n你的建築知識範圍。\n
msg:35310	[title25][sentence]\n別傻站在這裡了，\n繞過去吧。
msg:35311	[title24][sentence]\n這些粗水管一定是在\n輸送什麼東西。\n它們都完好無損。
msg:35312	[title21][sentence]\n這根斷掉的樑柱原本\n應該是撐著部分天花板的。\n萬一它整個垮下來，\n你可不想站在這裡。
msg:35313	[title18][sentence]\n往北透過門口，你\n可以看到另一個房間。
msg:35314	[title19][sentence]\n這條走廊往南通往\n一個十字路口。
msg:35315	[title25][sentence]\n你朋友顯然來過這裡，\n走廊被弄得慘不忍睹。\n這裡沒有警衛，活的死的都沒有。
msg:35316	[title25][sentence]\n地板上滿是牆壁\n崩落的碎片，\n還有幾塊大石塊。
msg:35317	[title20][sentence]\n天花板上佈滿了水管。
msg:35318	[title26][sentence]\n這裡的牆壁顯然是從\n原生岩石鑿出來的，\n大概只有地質學家\n會覺得有趣。\n
msg:35410	[title33][sentence]\n這些控制項負責操作走廊\n感測陣列，偵測溫度、\n濕度，還有鞋子跟上衣\n「撞色」之類的東西。
msg:35411	[title25][sentence]\n這應該是個繁忙的路口。\n號誌現在沒在運作，\n你猜這是離峰時段。
msg:35412	[title27][sentence]\n這些天橋看起來\n是給維修人員用的。\n它們的位置\n你根本搆不到。
msg:35413	[title21][sentence]\n你不記得這根管道\n跟你爬過的通風井\n有連在一起，應該是回風口。
msg:35414	[title24][sentence]\n你站在兩條走廊的\n交叉口，注意到一具\n警衛的屍體，癱坐在\n倒塌的牆邊。
msg:35415	[title26][sentence]\n北邊這條走廊看起來\n遭遇了跟這條\n一樣的下場。
msg:35416	[title25][sentence]\n南邊的走廊沒有\n受到太大的損害，\n你看到那邊有個奇怪的裝置。
msg:35417	[title25][sentence]\n通往拘留區的走廊，\n被你朋友嚴重破壞了。
msg:35418	[title30][sentence]\n西邊的走廊沒有受損，\n你朋友一定沒有\n往那個方向去。
msg:35419	[title25][sentence]\n有東西狠狠撞過\n這裡的牆壁，\n到處都是碎石堆。
msg:35420	[title29][sentence]\n這個警衛今天過得\n很不順。她的步槍\n斷成兩截，腿看起來\n也斷了，最慘的是——\n頭髮還亂了。\n
msg:35710	[title21][sentence]\n這就是你當初撬開\n逃出去的那個通風口。\n牢房區都被拆了，\n你不用再擔心它了。
msg:35711	[title22][sentence]\n不需要這麼做了，\n你現在可以自由進出拘留區。
msg:35712	[title27][sentence]\n再看一眼這張爛床，\n你慶幸自己不用睡這裡了。
msg:35713	[title33][sentence]\n我的天！排水孔裡\n卡著一坨一坨的頭髮，\n跟你家水槽一樣——\n只差沒有東西在裡面爬。
msg:35714	[title26][sentence]\n看到馬桶蓋是放下來的，\n你立刻推論出上一個\n囚犯一定是女的。\n你被自己的\n聰明才智震懾了一下。
msg:35715	[title25][sentence]\n你的牢房自從你\n離開後變了不少，\n你哥兒們似乎重新裝潢過了。
msg:35716	[title25][sentence]\n這間牢房的後牆\n顯然是從整塊岩石\n鑿出來的，其他牆則是堅固鐵金屬。
msg:35717	[title26][sentence]\n這盞燈大概是全場\n除了你以外最亮的東西，\n把房間染成一片鈉黃色。
msg:35718	[title17][sentence]\n就連地板也沒能\n逃過那隻怪物的暴走。
msg:35719	[title17][sentence]\n到處都是牆壁\n跟警衛的碎塊。
msg:35720	[title29][sentence]\n說到沒用的東西……\n你一度考慮撿點\n瓦礫走，但很快\n恢復理智，決定放棄。
msg:35721	[title29][sentence]\n走廊的牆壁在你這位\n大個子朋友手下\n受了點損傷。\n西邊的牆上，\n偶爾還噴著幾片警衛的碎肉。
msg:35722	[title27][sentence]\n這裡通往醫療檢查室，\n裡面似乎\n沒有半個人。
msg:35723	[title30][sentence]\n順著走廊看過去，\n損壞情況跟這裡\n差不多，到處都是警衛的殘骸。\n
msg:35810	[title26][sentence]\n那個方向看不到人，\n但走廊損壞得很嚴重。
msg:35811	[title22][sentence]\n那裡沒有人，\n走廊幾乎全毀了。
msg:35812	[title22][sentence]\n你實在無法想像\n你朋友怎麼躺得下這麼小的床。
msg:35813	[title25][sentence]\n水槽算是滿乾淨的，\n只有一些乾掉結痂的\n怪物口水。
msg:35814	[title27][sentence]\n是空的。也許你朋友\n口渴了？你決定不予置評——\n畢竟想想自己以前\n灌下肚的那些東西，\n你也沒資格說別人。
msg:35815	[title16][sentence]\n這間牢房看起來\n跟你之前那間很像。
msg:35816	[title25][sentence]\n這裡的走廊跟你朋友\n逃跑路上經過的\n所有地方一樣，\n被破壞得一乾二淨。
msg:35817	[title27][sentence]\n這個通風口的門閂\n完全沒有生鏽，\n從另一邊要打開\n會很困難。幸好你\n再也不用擔心\n要爬通風管了。\n
msg:35910	[title30][sentence]\n看著這滿是污漬的牆壁，\n你幾乎要感謝上天，\n讓這個大傢伙是你朋友。\n牢房裡有兩種顏色的污漬，\n你猜這隻怪物\n跟牠的最後一餐都在這裡了。
msg:35911	[title19][sentence]\n這張床看起來\n被拿來當餐桌用了。
msg:35912	[title25][sentence]\n水槽裡有很多\n認不出來的碎塊，\n為了你的胃，還是別看比較好。
msg:35913	[title25][sentence]\n很乾淨！住在這裡的怪物\n處理排泄物的方式，\n顯然跟一般不太一樣。
msg:35914	[title19][sentence]\n哇！你朋友真的說到做到。\n住在這間牢房的怪物，\n看起來像是不小心\n撞上了碎木機。\n怪物的碎塊灑得到處都是。\n你注意到血漬中\n有張卡片之類的東西。
msg:35915	[title20][sentence]\n哇！你朋友真的說到做到。\n住在這間牢房的怪物，\n看起來像是不小心\n撞上了碎木機，\n碎塊灑得到處都是。
msg:35916	[title22][sentence]\n東邊的走廊一片狼藉，\n你沒看到任何動靜。
msg:35917	[title27][sentence]\n那邊目前看不到\n任何警衛，走廊本身\n也是破爛不堪。
msg:35918	[title26][sentence]\n這條肢體看起來像人型，\n但你也說不準。\n反正殘肢就是殘肢，有差嗎？
msg:35919	[title25][sentence]\n你用不著\n這條噁心的殘肢。
msg:35920	[title26][sentence]\n你一邊皺眉一邊\n把卡片從那坨黏糊糊\n的血肉堆裡挖出來。
msg:35921	[title25][sentence]\n這應該是那個\n倒楣警衛的東西——\n就是被這隻怪物當點心吃掉的那個。
msg:35922	[title25][sentence]\n到處都是污漬。看樣子\n你的大個子朋友把這隻怪物\n撕成了無數小塊，\n噴得滿地都是。\n地上其中一堆裡，\n卡著一張小卡片。
msg:35923	[title26][sentence]\n到處都是污漬。看樣子\n巴德把這隻怪物撕成了\n無數小塊，噴得滿地都是。
msg:35924	[title26][sentence]\n這原本顯然是牆壁的一部分，\n在你朋友經過之前。
msg:35925	[title19][sentence]\n你很快就決定\n不要隨身帶著建材走。
msg:35926	[title27][sentence]\n你朋友那時心情\n一定很想搞破壞，才會把地板撕成這樣。
msg:35927	[title25][sentence]\n這裡的走廊慘不忍睹，\n牆壁被撕下一塊塊，\n地板也被撕開。\n你朋友絕對有暴力傾向。
msg:35928	[title25][sentence]\n地板上滿是紅色污漬\n和各種怪物碎塊。\n其中一小灘裡，\n卡著一張塑膠卡片。
msg:35929	[title25][sentence]\n地板上滿是紅色污漬，\n還有大小不一的怪物碎塊。\n
msg:36010	[title25][sentence]\n西邊的走廊已經\n被撕得四分五裂，看不到任何警衛。
msg:36011	[title25][sentence]\n東邊的走廊比這裡\n更慘。你沒看到\n那個方向有任何動靜。
msg:36012	[title21][sentence]\n這張床很乾淨，\n看起來沒人用過。
msg:36013	[title17][sentence]\n水槽乾淨又是空的。
msg:36014	[title21][sentence]\n你突然回想起許多\n跟這類衛浴設備\n有關的「宗教體驗」。\n等你回過神來，\n只注意到馬桶\n是乾淨的。
msg:36015	[title20][sentence]\n這間牢房是空的，\n周圍的損害也不大。
msg:36016	[title22][sentence]\n通風口是關著的，\n門閂狀況良好。\n幸好你再也\n不用爬進去了。
msg:36017	[title21][sentence]\n這條走廊的損壞，\n是某隻暴怒蜥腳龍經過造成的。
msg:36018	[title26][sentence]\n這裡牆壁的損壞\n相當嚴重，修好這條\n走廊得花不少功夫。\n
msg:36110	[title25][sentence]\n桌上有一對螢幕、\n一些文件，還有\n風乾的甜甜圈殘骸。\n螢幕連接的系統已經停擺。
msg:36111	[title26][sentence]\n後牆是從原生岩石鑿出來的，\n跟你剛逃出的牢房很像。\n走廊牆上留著你那位\n大個子朋友粗暴經過的痕跡。
msg:36112	[title30][sentence]\n你心想，幫後牆選了\n『中生代火成岩』風格的\n室內設計師，大概也是\n替這些燈具選了\n『裝飾藝術』風。掉落的\n雜物把它們砸壞了。
msg:36113	[title19][sentence]\n這片白光燈板\n把房間照得非常亮。
msg:36114	[title22][sentence]\n你用不著\n十二公尺長的日光燈具。
msg:36115	[title26][sentence]\n房間中央用電線吊著的\n那顆小燈泡，\n在兩側大燈板的對比下\n顯得特別渺小。\n這應該是當初\n施工隊留下來的。
msg:36116	[title21][sentence]\n想偷這顆小燈泡\n也不會有什麼收穫。
msg:36117	[title32][sentence]\n你朋友幾乎把附近\n所有活物都解決了，\n不用擔心那邊還有警衛。
msg:36118	[title16][sentence]\n那個方向看不到任何生命跡象。
msg:36119	[title22][sentence]\n這個房間裡的設備\n全都報廢了，你那位\n大個子朋友砸得很徹底。
msg:36120	[title26][sentence]\n你當初一腳把柵門踢開時，\n門閂差不多也毀了，\n要再打開應該不成問題。\n不過反正這裡\n已經沒有活著的警衛，\n你大概也不用\n再爬通風管了。\n
msg:36610	[title26][sentence]\n你看到裡面有些\n奇怪的機械，那應該是某種設備室。
msg:36611	[title26][sentence]\n想到它先前對你做的事，\n那一定就是惡名昭彰的錯體機！
msg:36612	[title20][sentence]\n反正門閂已經壞了，\n你輕輕一推就把柵門打開。
msg:36613	[title33][sentence]\n你第一腳只是讓\n本來就很痛的腳踝\n更火大而已。幸好\n第二腳就踢壞了門閂，\n柵門應聲彈開。\n
msg:38710	[title19][sentence]\n這裡曾經是你的\n牢房，你一點也不懷念。
msg:38711	[title27][sentence]\n你爬進來的時候\n讓通風口在身後關上，\n門閂又扣回去了。\n你踢了幾腳，\n但門閂太堅固了。\n
msg:38810	[title24][sentence]\n這是你朋友的牢房。\n他坐在那裡，看起來\n不太開心。你有種強烈的\n預感，要是讓他去\n撕警衛、砸東西，\n他一定會開心得多。
msg:38811	[title17][sentence]\n這裡是你放他出來\n之前，你朋友待的牢房。
msg:38812	[title25][sentence]\n你朝柵門用力踢了\n兩腳，但另一邊的\n門閂太堅固了。\n你決定反正自己\n也沒多想爬進這間牢房。
msg:38910	[title32][sentence]\n那隻恐怖的怪物在裡面，\n正忙著吃某個倒楣的警衛。\n牠發出的聲音\n讓你反胃。
msg:38911	[title25][sentence]\n牢房裡到處散落著\n警衛跟怪物的碎塊。\n地上有個閃亮的東西\n吸引了你的目光，\n但你從這裡看不清楚。
msg:38912	[title25][sentence]\n牢房裡到處散落著\n警衛跟怪物的碎塊，\n實在噁心到不行。
msg:38913	[title26][sentence]\n稍微想了一下那間\n牢房裡警衛的下場，\n你決定還是喜歡\n有個金屬柵欄\n擋在你跟那隻怪物之間。
msg:38914	[title29][sentence]\n你朝柵門踢了幾腳，\n結果發現它\n比你還硬。\n
msg:39010	[title21][sentence]\n這間牢房沒什麼\n特別的，完全是空的。
msg:39011	[title24][sentence]\n你朝柵門踢了幾腳，\n但它紋風不動。\n你不甘心又多踢了\n幾下，結果只是\n把自己的腳踝踢痛而已。
msg:39110	[title26][sentence]\n看起來像是保全站。桌上有\n幾台螢幕，上面還有一些\n控制裝置。
msg:39111	[title29][sentence]\n這是保全站。你就是在這裡\n把所有力場全部關掉的。
msg:39112	[title25][sentence]\n你朝柵欄踹了幾腳，毫無\n反應。你鼓起腎上腺素再試\n一次，這回聽到「喀」一聲，\n門閂應聲斷裂。
msg:39113	[title30][sentence]\n你第一次踹開這柵欄時就把\n門閂弄壞了，現在只要輕輕\n一推就行……
msg:50410	[title27][sentence]\n除了一張過期保險卡和幾團\n揉皺的衛生紙，置物箱裡\n似乎沒什麼有意思的東西。
msg:50411	[title27][sentence]\n你認得這些控制裝置，是\n法規規定廠商必須安裝的\n那種，即使車子全自動也\n得裝。萬一自動系統故障，\n這些裝置看起來也只是\n聊勝於無。
msg:50412	[title26][sentence]\n真是一團亂。這車的主人\n肯定是個邋遢鬼。除了擋風\n玻璃上那隻到處可見的絨毛\n貓，地上還堆了一堆汽水\n罐，所有控制裝置都蒙上一層\n污垢。中控螢幕上更積了\n厚厚一層灰。
msg:50413	[title27][sentence]\n這罐芳香劑的「清新常青\n消毒香」大概一百年前就\n用完了。
msg:50414	[title26][sentence]\n在你嫌棄留下這些東西的人\n之前，先想想自己冰箱裡的\n慘況吧。
msg:50415	[title20][sentence]\n哈！抓到一個了！喔，等\n等，原來只是吸盤黏在那裡。\n可惡！
msg:50416	[title26][sentence]\n透過琥珀色擋風玻璃，你能\n看見部分城市景色，還有那\n隻絨毛貓的全貌。
msg:50417	[title30][sentence]\n這車沒有後擋風玻璃，你猜\n這其實是一塊顯示螢幕。\n後方攝影機似乎已經壞了。
msg:50418	[title25][sentence]\n裝得太牢了，拔不下來。
msg:50419	[title25][sentence]\n又噁心又臭。某種程度上，\n讓你有種賓至如歸的感覺。
msg:50420	[title30][sentence]\n不行。信不信由你，這東西\n比你自己的還臭。你還是\n先留著自己的，等找到乾淨\n襪子再換吧。
msg:50421	[title32][sentence]\n你擺弄了一下車上的控制\n裝置，但什麼都沒反應。\n看樣子那小小的掃描器不\n喜歡它看到的東西。
msg:35210	[title27][sentence]\n這台掃描器是一塊大方板，\n上面有個手掌形狀的凹槽。
msg:35211	[title29][sentence]\n這台螢幕已經報銷了。看樣子\n有顆腎臟以夠強的衝擊力，\n狠狠砸中映像管正面，把\n螢幕徹底砸壞了。
msg:35212	[title30][sentence]\n這台螢幕已經報銷了。看樣子\n有塊石頭以夠強的衝擊力，\n狠狠砸中映像管正面，把\n螢幕徹底砸壞了。
msg:35213	[title22][sentence]\n這面板上的資訊大概對某些\n人有用，但對你沒用。
msg:35214	[title20][sentence]\n幫這座雕像當模特兒的顯然\n是個大美女。你心想，要是\n能離開這顆星球，不如考慮\n改行當雕刻家。
msg:35215	[title27][sentence]\n這東西一定是那邊那個死\n守衛的。你覺得奇怪，裡面\n居然沒有錄音帶。
msg:35216	[title26][sentence]\n壞了——跟這房間裡大多數\n東西一樣。
msg:35217	[title26][sentence]\n噁！地上躺著一隻斷手臂。\n手掌空空如也，手肘微微\n彎曲。
msg:35218	[title25][sentence]\n你思考這裝置到底有什麼\n用途。想了半天，還是放棄了。
msg:35219	[title25][sentence]\n你也該去找那個花瓶，然後\n離開這顆星球了。
msg:35220	[title27][sentence]\n你完全搞不懂這個儀表在\n量什麼。
msg:35221	[title21][sentence]\n這就是你被抓時，那個守衛\n收走你所有東西的地方。
msg:35222	[title25][sentence]\n好消息！你的大部分家當\n都還在這裡。少掉的東西，\n八成是被拿去化驗了。
msg:35223	[title26][sentence]\n你就知道：全是些不值錢的\n破爛。看來早該辦場車庫\n拍賣了。
msg:35224	[title27][sentence]\n你記得被抓的時候曾被押著\n走過這條走廊。現在這裡\n慘不忍睹。
msg:35225	[title25][sentence]\n這是保全室，你曾在這裡\n接受那次「刺激」的搜身。\n此後情況每況愈下。大部分\n設備都毀了，地上還躺著\n一具守衛的屍體。
msg:35226	[title22][sentence]\n這些東西你一樣都用不著。
msg:35227	[title25][sentence]\n好主意。誰知道你什麼時候\n會突然想聽點音樂呢。
msg:35228	[title26][sentence]\n你小心翼翼撿起那隻斷手臂，\n決定盡量縮短帶著它的時間。
msg:35229	[title25][sentence]\n這張桌子大概斷成一千塊了。\n這房間的破壞程度讓你\n嘆為觀止。
msg:35230	[title32][sentence]\n你看！就是那個搜你身、\n沒收你東西的女人。看樣子\n她是沒辦法再搜你身了。\n真可惜。她似乎少了一隻\n手臂，還有一兩個內臟。
msg:35231	[title27][sentence]\n這道門後還有一個房間。\n看來它跟這間一樣，都經歷\n了慘烈的一天。
msg:35232	[title18][sentence]\n這張桌子碎成木片了。
msg:35233	[title29][sentence]\n這台投影機壞得無法修了。\n你那位朋友經過這裡時，\n可沒放過什麼東西。
msg:35234	[title30][sentence]\n幸好你那位大塊頭朋友沒把\n這根支柱拆掉，不然整間\n房間大概都會塌下來。至少\n他還算有點分寸。
msg:35235	[title16][sentence]\n完全毀了。\n
msg:50510	[title30][sentence]\n這面螢幕分成三個主要區塊：\n第一區顯示你目前選定的\n目的地；第二區是城市的\n示意地圖；第三區則顯示一些\n系統狀態資訊，只是那些\n文字對你來說毫無意義。
msg:50511	[title24][sentence]\n這面控制板包含一個螢幕、\n一個指示器（看起來壞了），\n還有幾個按鈕。\n
msg:60110	[title30][sentence]\n這條街一路通向市中心。你\n忍不住注意到眼前這棟，大概\n是你見過最俗艷的公寓。一塊\n大招牌宣告這裡住著一個\n對霓虹燈有嚴重癖好的人。
msg:60111	[title30][sentence]\n這條街一路通向市中心。你\n忍不住注意到眼前這棟，大概\n是你見過最俗艷的公寓。一塊\n大招牌宣告這裡住著一個\n對霓虹燈有嚴重癖好的人。\n你還注意到屋頂伸出一道\n鉛筆細的光束。
msg:60112	[title26][sentence]\n這就是你搭來的那輛車。\n自從你離開後，它沒什麼\n變化。
msg:60113	[title26][sentence]\n遠處那座巨大競技場佔了好\n幾個街區，大小幾乎媲美你\n常去的臍帶星四號體育館。
msg:60114	[title24][sentence]\n這裡的建築物引不起你的\n興趣。
msg:60115	[title20][sentence]\n徒步逛遍整座城市可不是\n什麼好主意。你決定待在車\n附近。
msg:60116	[title33][sentence]\n這座陽台，從現代建築史上\n最俗氣的公寓伸出來。那些\n白柱子讓你很想找台電鋸。\n法蘭索瓦一定會愛死這裡。
msg:60117	[title16][sentence]\n入口大大敞開著。
msg:60118	[title27][sentence]\n巨大的圓柱形外牆，在你\n頭頂上延伸數百呎高。牆頂\n可以看見一圈明亮的藍天。
msg:60119	[title25][sentence]\n城市向遠方延伸而去。
msg:60120	[title30][sentence]\n你盯著這座雕像看，膀胱\n突然覺得又小又緊。你趕緊\n強迫自己移開視線，免得\n發生什麼糗事。\n\n
msg:31810	[title27][sentence]\n這裡的牆壁看起來塗了些\n什麼，大概是某種隔音材料。
msg:31811	[title26][sentence]\n被那個守衛揍過之後，你跟\n這片地板已經很熟了。現在\n看它，也不比當初更有\n興趣。
msg:31812	[title25][sentence]\n這條走廊通回牢房區。
msg:31813	[title19][sentence]\n走廊中段有個奇怪的裝置。
msg:31814	[title28][sentence]\n看這水龍頭的尺寸，這裡\n一定常常要大清洗。你很\n好奇，到底是什麼活動需要\n這麼頻繁的大規模清潔。
msg:31815	[title18][sentence]\n看起來是個普通的水槽。
msg:31816	[title20][sentence]\n這裡大概是關那些「不太\n合作的貴賓」的地方。
msg:31817	[title21][sentence]\n這把碩大鋒利、殺氣騰騰\n的刀刃，讓你不寒而慄。
msg:31818	[title13][sentence]\n螢幕沒開。
msg:31819	[title26][sentence]\n這是你見過最詭異的櫃子，\n看起來更像是放散落肢體\n的檔案格。你對裡面裝什麼\n的好奇心，瞬間就消退了。
msg:31820	[title24][sentence]\n這裡的設備跟這棟建築其他\n地方的差不多，用途完全\n讓你摸不著頭緒。
msg:31821	[title25][sentence]\n架子上有幾個小紅斑點，\n除此之外沒什麼看頭。
msg:31822	[title18][sentence]\n目前，這裡就是你家。
msg:31823	[title25][sentence]\n你對這張推床太熟悉了，\n完全不想再躺上去。
msg:31824	[title27][sentence]\n這裡大概是那位「主治醫師」\n擺放醫療器械的地方。上面\n值得一提的只有開瓶器、\n羽毛，還有一把手術刀。\n這些看起來都不像什麼\n「善意」的器具。
msg:31825	[title27][sentence]\n這就是你偷走手術刀的那張\n小桌子。現在上面已經沒有\n任何器械了。
msg:31826	[title27][sentence]\n這裡大概是某種診察室。\n從你「安穩」的姿勢望去，\n只看得到一片大鋸片、一位\n漂亮的實習醫生，還有天花板。
msg:31827	[title30][sentence]\n這是醫療診察室。那位漂亮\n女孩已經離開了。她大概是\n把桌上那些器械要做的事\n做完了。
msg:31828	[title22][sentence]\n這是醫療診察室。
msg:31829	[title25][sentence]\n抱歉，它們是鎖著的，而且\n看不出明顯的鎖具或插鑰匙\n的地方。
msg:31830	[title25][sentence]\n這位漂亮的年輕女子正在\n器械桌上擺弄著什麼東西。
msg:31831	[title24][sentence]\n這扇門上了鎖、加了閂，\n大概還被焊死了。這位女士\n你是別想偷窺了。再說，\n萬一她真的在裡面呢？
msg:31832	[title25][sentence]\n這位女士絕對是「烤得很\n透」了。她應該就是實習\n醫生在爆炸後跑去探望的\n那位教授。她手裡還握著一台\n錄音機。
msg:31833	[title27][sentence]\n她似乎緊緊抓著那台錄音機\n不放。裡面還有一捲錄音帶。
msg:31834	[title27][sentence]\n這就是你拿到那捲小錄音帶\n的錄音機。她還是死抓著\n不放。
msg:31835	[title25][sentence]\n你沒辦法從她指縫間扳開\n錄音機，她死抓著不放，\n你怎麼掰都掰不開。不過你\n倒是設法打開機身，取出了\n一捲小卡帶。
msg:31836	[title26][sentence]\n教授的推床，目前正撐著\n這位焦黑的教授，讓她不至於\n躺在地上。
msg:31837	[title32][sentence]\n趁實習醫生不在房間裡，\n你迅速伸手抓起那把手術刀，\n偷偷藏進袖子裡，希望沒人\n會發現它不見了。\n
msg:51310	[title27][sentence]\n你抬頭望向電梯井，發現\n它不是只通到城市的上層，\n而是一路通到整座城市所在\n圓柱體的邊緣。
msg:51311	[title29][sentence]\n電梯門是關著的。不過左側\n門旁有個插卡槽。
msg:51312	[title25][sentence]\n看樣子沒有某種通行卡，\n電梯就無法運作。
msg:51313	[title29][sentence]\n這個文化顯然很重視身障\n專用停車格。告示牌底部的\n小字寫著：「違規停車者，\n將有充分理由停在這裡。」
msg:51314	[title26][sentence]\n這看起來像是拴馬樁。在\n一座用磁浮車代步的城市裡，\n出現這種東西讓你覺得格格\n不入。
msg:51315	[title26][sentence]\n這才叫大型購物中心。看不\n到盡頭，說真的，連入口\n都看不到。光是想到要走\n進購物中心，就讓你不寒而\n慄。
msg:51316	[title25][sentence]\n有人在特價賣內臟。你不\n知道那是要拿去當替換器官，\n還是燉湯用的肉。
msg:51317	[title25][sentence]\n這條街一路通向城市的\n深處。你覺得還是待在車\n附近比較妥當。
msg:51318	[title29][sentence]\n這條街到這裡就到底了。\n你正站在城市所在圓柱體的\n邊緣，夾在購物中心和電梯\n之間。
msg:51319	[title25][sentence]\n十之八九，左側門旁那個\n插卡槽就是用來啟動電梯的。
msg:51320	[title29][sentence]\n插不進去。別忘了那張保全\n卡是哪來的，在這座城市裡\n派不上用場也不奇怪。
msg:51321	[title22][sentence]\n停在這裡之後，它沒什麼\n變化。
msg:51322	[title29][sentence]\n磚牆一路延伸到上一層，\n再往上就換成鐵皮。你再次\n停下腳步，驚嘆這座巨城所在\n圓柱體的規模。\n
msg:50310	[title26][sentence]\n這套監控設備看起來是用\n來監看城市各種自動化功能\n的。
msg:50311	[title25][sentence]\n你對雷明頓 OK-4 光子步槍\n相當熟悉。它會朝目標發射\n一道相干光子束，把對方燒得\n焦黑酥脆。
msg:50312	[title16][sentence]\n想都別想。這展示櫃堅不\n可摧。
msg:50313	[title22][sentence]\n這座漂亮的展示櫃裡擺著\n幾件有趣的武器。可惜櫃子\n的材質是貨真價實的「雷克斯\n剋星」。
msg:50314	[title32][sentence]\n酷！你曾在一場未來武器\n展上看過這玩意兒展出，\n那場展覽精彩絕倫。從那時\n起，你就一直想在後口袋\n裡揣一把。
msg:50315	[title26][sentence]\n你有點口渴，但這水看起來\n死氣沉沉。這瓶水大概至少\n一百年沒換過了。
msg:50316	[title27][sentence]\n這個大木箱看起來沒有任何\n開口。你以為蓋子能掀開，\n但怎麼弄都紋風不動。
msg:50317	[title27][sentence]\n你又哼又喊，卻毫無進展。\n這裡頭一定有什麼訣竅。
msg:50318	[title25][sentence]\n你有種毛骨悚然的預感，\n覺得自己不該出現在這裡。\n跟你被轟出天際前的感覺\n一模一樣。
msg:50319	[title26][sentence]\n你猜這裡就是辦理登記\n的地方。宣讀權利、按\n指紋、拍大頭照……你懂\n這套流程。
msg:50320	[title25][sentence]\n這台螢幕顯示嫌犯的相關\n資料，像是髮色、身高、\n體重、性病史等等。
msg:50321	[title25][sentence]\n檔案櫃放在這裡真奇怪。\n他們大概正在搬動它。
msg:50322	[title26][sentence]\n櫃子是空的。他們一定是在\n全部離開之前，正搬到一半\n就……去哪了？
msg:50323	[title25][sentence]\n箱子裡裝著一對造型古怪的\n東西，看起來像是炸藥用的\n雷管。
msg:50324	[title13][sentence]\n箱子現在空了。
msg:50325	[title20][sentence]\n看樣子有人留下了幾個\n雷管。
msg:50326	[title26][sentence]\n你小心翼翼撿起雷管，輕輕\n放進口袋，並在心裡告訴\n自己，這陣子最好別做開合\n跳。
msg:50327	[title18][sentence]\n你看見城市的邊緣，還有\n上方的天空。
msg:50328	[title29][sentence]\n右邊的展示櫃裡放著幾件\n有趣的武器。左邊則是警衛\n站，配備各種執法裝備一應\n俱全。
msg:50329	[title25][sentence]\n想打開這個堅不可摧的櫃子，\n大概得動用核彈。
msg:50330	[title27][sentence]\n那東西多半會彈回來，\n說不定還會砸中你的頭。\n
msg:61110	[title24][sentence]\n這條髒亂的小巷裡，似乎\n只住著一個孤零零的男人。\n幾雙紅眼睛從陰暗的角落\n盯著你看。
msg:61111	[title25][sentence]\n自從賀曼去了他林子裡的\n住處後，巷子裡就只剩幾隻\n小型鼠類到處竄。
msg:61112	[title24][sentence]\n巷子裡這個男人，一看到你\n就顯得極度緊張。他看起來\n大概一兩年沒洗澡了。你不\n知道這裡的人平均壽命多長，\n但他看起來老態龍鍾。他身上\n還戴著某種隨身音響。
msg:61113	[title25][sentence]\n這裡堆滿了各式各樣的垃圾，\n看起來就像你在油豬號上的\n臥室。
msg:61114	[title17][sentence]\n兩千磅的雜七雜八垃圾，\n你一點用處都沒有。
msg:61115	[title21][sentence]\n這東西可以裝下一台大型\n家電來運送，或是讓一個\n中等身材的人躺著睡覺。
msg:61116	[title22][sentence]\n你打算拿那個做什麼？\n扛回家當玩具玩嗎？
msg:61117	[title25][sentence]\n它已經開得夠大了，你一眼\n就看得出裡面是空的。
msg:61118	[title21][sentence]\n這台冰箱看起來比那位隱士\n還老。搪瓷早已被鐵鏽取代，\n幾乎整台都是。鉸鍊看起來\n也鏽得很嚴重。
msg:61119	[title19][sentence]\n別妄想了。那些鉸鍊簡直\n跟焊死沒兩樣。
msg:61120	[title25][sentence]\n你現在最不需要的就是疝氣。\n你平常也不會沒事把大型\n家電塞進口袋，現在何必\n破例？
msg:61121	[title27][sentence]\n巷子四周的大樓，一個個\n風吹雨打、滿是塗鴉。
msg:61122	[title32][sentence]\n牆上的塗鴉大多跟任何星球\n任何城市看到的沒兩樣。不過\n有幾行亂寫的字，像是\n「73766，347」和「PTJT50A」，\n讓你覺得有點奇怪。還有幾首\n不錯的打油詩，以及對一個叫\n布魯斯的傢伙身世的坦白\n評論。一股詩興突然湧上心頭，\n可惜翻遍口袋才發現，你忘了\n帶噴漆罐。
msg:61123	[title22][sentence]\n這根粗壯的直立支柱撐著上方結構，\n沒讓它砸到你頭上。\n
msg:50210	[title26][sentence]\n這台傳送器是嵌在牆裡的，\n觀景窗能看到的東西不多。
msg:50211	[title25][sentence]\n這個鍵盤上有十二個按鍵，\n0到9的數字鍵都有，\n另外還有「笑臉」跟「哭臉」鍵。
msg:50212	[title27][sentence]\n這台輸入裝置，\n複雜程度大概跟\n計算機差不多。\n別急，你遲早會弄懂的。
msg:50213	[title25][sentence]\n這是一把鑰匙。提示：\n大小差不多跟\n人類指尖一樣。
msg:50214	[title17][sentence]\n你正站在一台\n外星傳送裝置裡面。\n
msg:50710	[title27][sentence]\n這想必就是店家幫特選軟體\n打的「破盤特賣」燈號。
msg:50711	[title29][sentence]\n你一直很想在房間\n擺一台這個。不過你得先\n弄到一間新房間才行。
msg:50712	[title26][sentence]\n你很意外「聚酯西裝彼得」\n這牌子還沒倒。你夢想有天\n自己也能主演一款\n動作滿載的圖像冒險遊戲。
msg:50713	[title29][sentence]\n這套舊軟體得靠\n幾十年前就絕跡的電腦平台\n才能跑。你最好找一家\n這世紀有更新庫存的店。
msg:50714	[title26][sentence]\n店裡的後牆貼滿了\n零零散散的傳單跟海報。
msg:50715	[title30][sentence]\n這是一款遊戲的廣告：\n《下流尼克大戰布朗克斯》，\n看起來像是台街機射擊遊戲。
msg:50716	[title26][sentence]\n招牌上用大大的紫色字\n寫著這家軟體店的店名。
msg:50717	[title29][sentence]\n嗯……飛行模擬器、冒險遊戲、\n「假裝自己在演電影」遊戲、\n「真希望我會用劍」遊戲，\n還有各種逃避現實的\n娛樂軟體，擺滿了這面牆。
msg:50718	[title26][sentence]\n這層架上擺滿文書處理軟體、\n試算表、資料庫、通訊軟體，\n還有其他一堆無聊東西。
msg:50719	[title27][sentence]\n這些看起來像是\n防盜感應器。帶著沒付錢的\n軟體從這裡走過去，\n大概不是什麼聰明的做法。
msg:50720	[title22][sentence]\n收銀機看起來就是\n普通零售用的收銀台。
msg:50721	[title27][sentence]\n這裡寫了些什麼，但你\n看不懂那筆跡，\n看起來像楔形文字。
msg:50722	[title32][sentence]\n這顯然是一間電腦軟體店，\n主打個人生產力軟體\n跟遊戲。生產力。哼，\n真是浪費電腦硬體。
msg:50723	[title27][sentence]\n這台收銀機沒有「不結帳」鍵，\n你決定別花好幾個小時\n研究怎麼把抽屜打開，\n免得丟人現眼。
msg:50724	[title33][sentence]\n天啊這裡塞爆了。讓我看看：\n《貨船指揮官》（附「秘密貨艙」\n任務片）、克里尼克托夫斯普特蘭迪亞、\n《F-98 III》、《執行長的請求》、\n《模擬腸道》、《支票簿的平衡》、\n《究極羅馬數字》、《超級塗鴉高手》\n（八吋磁片版）、《桌面鼴鼠》、\n《方塊伯特》、《酥胸奇兵24》、\n一本OS-2攻略本。\n這裡少說有二十幾款遊戲。
msg:50725	[title21][sentence]\n這扇大窗戶，\n能將整座城市的美景\n盡收眼底。
msg:50726	[title26][sentence]\n一開始的幾個字讓你\n卡了好一會兒，但你最終\n還是把每個字都拼出來了。
msg:50727	[title25][sentence]\n櫃檯上擺著收銀機、\n一本便條紙，還有一罐鉛筆。
msg:50728	[title26][sentence]\n櫃檯上擺著收銀機、\n一本便條紙、一罐鉛筆，\n還有一支筆型手電筒。
msg:50729	[title16][sentence]\n這是一根小小的金屬圓筒，\n一端還有個燈泡。
msg:50730	[title17][sentence]\n你撿起筆型手電筒，\n塞進口袋裡。
msg:50731	[title20][sentence]\n這顯然是在停電時\n用來照亮出口的東西。
msg:55110	[title32][sentence]\n糟了。讓你毛的不是這具\n骷髏本身，而是居然\n沒人把它清走。
msg:55111	[title24][sentence]\n這看起來是電梯井。\n很明顯電梯不見了，\n這口井也就沒什麼用了。
msg:55112	[title22][sentence]\n這口井往下不算深，\n往上卻高得看不到頂。\n你突然一陣懼高，\n決定不要爬上去試試看。
msg:55113	[title27][sentence]\n從你現在站的地方看，\n這棟建築似乎還算堅固。\n當然，光看一面外牆，\n你也看不出多少名堂。
msg:55114	[title29][sentence]\n你不難理解，為什麼這個\n你已經很熟悉的裝置，\n會是這顆星球上\n最愛用的交通工具。
msg:55115	[title26][sentence]\n西邊你看到一個\n可能是車子的東西。
msg:55116	[title17][sentence]\n西邊的街上停著\n一輛車。
msg:55117	[title33][sentence]\n你很快就看清楚，自己\n既不在島上，也不在\n地底下。一股帶著腐臭的\n空氣鑽進你的鼻子。\n附近欄杆上還掛著一具\n骷髏，加上四周詭異的\n寂靜，讓你覺得這裡\n八成出了什麼問題。
msg:55118	[title19][sentence]\n人行道繼續往西\n通向市中心。
msg:55119	[title26][sentence]\n你已經漸漸習慣\n看到一堆你完全看不懂的\n設備了。
msg:55120	[title30][sentence]\n這欄杆圍著的地方，\n以前大概是某種觀測站。\n如今它唯一的功能，\n似乎就是撐著一具\n骷髏，不讓它倒地。\n
msg:41110	[title24][sentence]\n這台螢幕上不斷冒出\n看似重要的資訊，\n對你來說毫無意義。
msg:41111	[title24][sentence]\n從這裡的味道判斷，\n你猜空氣清淨機\n大概故障了。
msg:41112	[title26][sentence]\n實驗室裡擺滿了各種\n設備，但你幾乎\n一樣都不認得。
msg:41113	[title26][sentence]\n這看起來是某種\n緊急電源開關。裸露的\n接點讓你有點緊張——\n萬一抓錯地方的話……
msg:41114	[title25][sentence]\n你最好別這麼做。\n燈一滅，你大概就會\n撞得到處都是，\n搞不好還會受傷。
msg:41115	[title26][sentence]\n你很好奇這東西\n在這裡放了多久，\n讓你想起自己冰箱裡\n那些調味料。
msg:41116	[title25][sentence]\n在你想隨身帶著走的\n東西清單裡，有毒廢棄物\n大概排在\n倒數幾名。
msg:41117	[title18][sentence]\n這塊板子寫滿了\n實驗公式，你一個都\n看不懂。你猜最下面那條\n大概是巧克力麥芽\n奶昔的分子結構，\n但也不太確定。
msg:41118	[title26][sentence]\n每個玻璃罩底下都泡著\n一顆用福馬林醃著的腦。\n罩子下方的標籤寫著\n「西特隆腦」、「莫特隆腦」，\n還有「人腦」。人腦看起來\n比其他兩顆小上不少。\n你搞不懂這實驗到底在\n幹嘛，但你決定還是\n別自願參一腳。
msg:41119	[title30][sentence]\n回想起高中化學課，\n你記得這種化合物\n是種高揮發性氧化劑，\n還是酸？不對，等等，\n它是……嗯。
msg:41120	[title21][sentence]\n你萬分小心地\n拿起了燒瓶。
msg:41121	[title26][sentence]\n這個小凹室裝了\n抽風扇，看起來是專門\n設計來調和揮發性化學品的。\n凹室裡還有一個小茶壺。
msg:41122	[title19][sentence]\n標籤上寫著\n「福馬林」。
msg:41123	[title21][sentence]\n標籤上寫著「卵磷脂」，\n但你對磷脂類化合物\n幾乎沒什麼印象。
msg:41124	[title19][sentence]\n你小心地\n拿起燒瓶。
msg:41125	[title21][sentence]\n茶壺是空的，但你推斷\n這應該是個調和用的容器。
msg:41126	[title19][sentence]\n茶壺裡裝著\n一些液體。
msg:41127	[title27][sentence]\n我懂了！你竟然成功\n重現了教授的爆炸物\n配方！接下來呢？
msg:41128	[title16][sentence]\n你不需要\n扛著一個沉重的茶壺到處走。
msg:41129	[title22][sentence]\n這面板想必是用來\n控制這間實驗室裡\n進行的各種實驗。你決定\n別亂碰，免得傷到自己。
msg:41130	[title21][sentence]\n嘿！這裡看起來還聞起來\n都很新鮮。這裡想必就是\n你跟史萊奇醫師的助理\n「聊天」時炸開的地方。\n不管是什麼東西搞的，\n威力都不小。
msg:41131	[title19][sentence]\n這裡通往\n實驗室外的走廊。
msg:41132	[title20][sentence]\n這裡看起來是某種\n研究實驗室。一張工作台上\n正進行著實驗，\n一個小凹室裡放著茶壺，\n地板上還有一大片焦痕。\n看樣子那邊曾經\n炸過什麼東西。
msg:41133	[title22][sentence]\n這個空氣喇叭\n想必是在宣布休息時間。
msg:41134	[title18][sentence]\n不管是什麼東西\n把地板炸開的，碎片\n散落了滿地都是。
msg:41135	[title20][sentence]\n從這裡的溫度判斷，\n暖氣應該是有在運轉的。
msg:41136	[title16][sentence]\n好幾根管線\n把東西接到牆上。
msg:41137	[title25][sentence]\n這個水槽乾淨得誇張。\n不是全新的，就是剛清過，\n或者是專門用來\n倒強酸的。
msg:41138	[title22][sentence]\n別這麼做。你一定能找到\n[noun1]更有建設性的\n用法。
msg:41139	[title24][sentence]\n換一顆新腦袋雖然\n不是壞主意，但你完全\n不知道要怎麼裝。
msg:41140	[title25][sentence]\n電流正在電極之間\n打火放電。除了看出這點，\n你完全搞不懂這場\n小小燈光秀的用意。
msg:41141	[title26][sentence]\n去摸會噴出十八吋\n火花的金屬物體，大概是你\n近期做過最蠢的事。
msg:41142	[title24][sentence]\n你小心翼翼地把茶壺裡的\n東西倒進兩個裝藥盒。\n你做的炸藥量，剛好\n夠裝滿這兩個盒子。
msg:41143	[title30][sentence]\n你沒有東西可以拿來\n裝炸藥。你需要專門\n設計來裝炸藥的容器，\n而不是鞋子、帽子，\n或其他同樣荒謬的東西。\n\n
msg:40910	[title16][sentence]\n你看不太清楚。
msg:40911	[title24][sentence]\n這個鍵盤上有十二個按鍵，\n0到9的數字鍵都有，\n另外還有「笑臉」跟「哭臉」鍵。
msg:40912	[title17][sentence]\n這台輸入裝置，\n複雜程度大概跟\n計算機差不多。\n別急，你遲早會弄懂的。
msg:40913	[title22][sentence]\n這是一把鑰匙。提示：\n大小差不多跟\n人類指尖一樣。
msg:40914	[title17][sentence]\n你正站在\n一台外星傳送裝置裡。\n
msg:40710	[title27][sentence]\n這台掃描器嵌在走廊裡，\n擋住去路，你得穿過它\n才能繼續往前走。\n從這裡看，它顯得相當\n有威脅感。
msg:40711	[title25][sentence]\n根據你過去的經驗，\n你判斷這是某種\n性別掃描器。
msg:40712	[title26][sentence]\n這扇門看起來非常堅固，\n想必是從裡面鎖上的。\n你在外面找不到任何\n可以解鎖的機關。
msg:40713	[title19][sentence]\n南邊的走廊繞過一個\n轉角，消失在視線外。
msg:40714	[title26][sentence]\n你看到北邊走廊盡頭\n有一片眼熟的大鋸片。
msg:40715	[title24][sentence]\n走廊中間有一台\n造型古怪的掃描器，\n你還注意到一扇\n大鐵門。
msg:40610	[title14][sentence]\n垃圾臭得要命。
msg:40611	[title22][sentence]\n噁！是在考慮\n轉行嗎？
msg:40612	[title17][sentence]\n十之八九，這東西\n就是用來開旁邊那扇門的。
msg:40613	[title26][sentence]\n[noun1]不合用。\n你需要的顯然是\n別的東西。
msg:40614	[title27][sentence]\n「如遇火警請擊破玻璃——\n然後拔腿狂奔。」看來\n已經有人用過\n這具滅火器了。
msg:40615	[title22][sentence]\n抱歉，這其實只是個\n滅火器的置放箱，\n裡面是空的。
msg:40616	[title27][sentence]\n走廊往東北方向延伸了\n幾碼，接著轉向正北。
msg:40617	[title21][sentence]\n走廊繼續往西延伸，\n那個方向還有更多的門。
msg:40618	[title27][sentence]\n這裡瀰漫著腐爛垃圾\n跟燒焦毛髮的臭味。\n北邊牆上排著幾扇門，\n走廊東端還堆著一些殘骸。
msg:40619	[title18][sentence]\n這裡的牆壁\n是堅硬的岩石。
msg:40620	[title30][sentence]\n這裡有兩扇門。西邊的門\n標示著「儲藏室」，\n旁邊還有一個電子卡插槽。\n東邊的門下方有焦黑痕跡，\n讓你猜測這裡最近\n發生過爆炸。
msg:40621	[title25][sentence]\n這裡有兩扇門。西邊的門\n現在已經打開了。\n東邊的門下方有焦黑痕跡，\n讓你猜測這裡最近\n發生過爆炸。
msg:40622	[title25][sentence]\n你或許該仔細\n看看這扇門。看吧，\n就當是為了你的鼻子好。
msg:40623	[title25][sentence]\n這又是這附近眾多\n讓你搞不懂用途的\n裝置之一。
msg:40624	[title18][sentence]\n這根路標顯然是被\n旁邊那顆大石頭\n砸壞的。
msg:40625	[title24][sentence]\n你不需要它——反正也\n壞了。就算沒壞，\n對你大概也沒什麼用。
msg:40626	[title27][sentence]\n這顆石頭又大又重。\n屋頂上有個凹洞，\n形狀跟大小都差不多。
msg:40627	[title16][sentence]\n現在是把自己\n當成奧運舉重選手了？
msg:40628	[title18][sentence]\n「警告：落石區」
msg:40629	[title26][sentence]\n然後呢？把它掛在你那\n磚塊書架上方，夾在\n「停」字標誌跟樂團海報\n中間嗎？\n\n
msg:41010	[title17][sentence]\n這些桶子裡裝的東西，\n對你來說是個謎。
msg:41011	[title22][sentence]\n你不需要這些桶子。\n再說，它們也太大了，\n沒辦法帶著走。
msg:41012	[title26][sentence]\n桶子上的標記讓你猜測，\n裡面裝的可能是液體。\n你很快就打消了\n打開它們的念頭。
msg:41013	[title16][sentence]\n這裡的地毯捲起來\n綁好收在這裡。
msg:41014	[title27][sentence]\n你不覺得自己有\n室內設計的天分，\n現在也沒地方\n擺地毯。
msg:41015	[title25][sentence]\n你注意到其中一個紙箱裡\n有個有趣的東西。\n其他紙箱看起來\n沒什麼你感興趣的。
msg:41016	[title22][sentence]\n既然你已經把\n裝藥盒摸走了，\n這些紙箱裡就沒有\n你感興趣的東西了。
msg:41017	[title24][sentence]\n這裡有三袋麵粉：一袋\n幾乎空了，另外兩袋\n是滿的。你的烘焙功力\n近乎於零，麵粉對你\n沒什麼吸引力。
msg:41018	[title25][sentence]\n你現在沒空烘焙。\n食材就讓它們\n待在原地吧。
msg:41019	[title27][sentence]\n這裡散落著幾個綠色\n袋子，裡面裝的\n看起來像是某種布料，\n搞不好是待洗的髒衣服。
msg:41020	[title20][sentence]\n它們八成是髒衣服。\n你不需要去碰它們。
msg:41021	[title22][sentence]\n這桶瀝青讓你想起\n曾經有人說過你活該\n受到的某種懲罰。\n又黑又黏。
msg:41022	[title13][sentence]\n噁！不用了，謝謝。
msg:41023	[title19][sentence]\n這個罐子是空的，\n看起來甚至還破了個洞。
msg:41024	[title16][sentence]\n你不需要任何\n大型的空紙筒。
msg:41025	[title27][sentence]\n這些看起來是標準的\n裝藥盒，用來裝填炸藥。\n要是裡面真的裝了東西，\n那可就非常危險了。
msg:41027	[title27][sentence]\n這道圍籬設計來把貨物\n關在裡面，把人擋在外面。\n現在看來，它的工作\n做得挺盡責的，謝了。\n你花了好幾分鐘想找路\n穿過去，又花了好幾分鐘\n想把它剪開。最後你放棄了，\n心想自己其實也沒那麼\n想翻遍那堆小箱子。\n
msg:41028	[title18][sentence]\n架子上擺著\n許多箱子。
msg:41029	[title21][sentence]\n這隻老鼠似乎\n在盯著你看。
msg:41030	[title24][sentence]\n你沒有地方\n可以養寵物。
msg:41031	[title20][sentence]\n別去惹牠。\n牠又沒對你做什麼。
msg:41032	[title25][sentence]\n你撿起裝藥盒，\n快速檢查了一下。\n是空的。
msg:41033	[title26][sentence]\n環顧四周片刻後，\n你天才般地推斷出，\n這裡想必是某種儲藏室。\n這裡有水桶、地毯、\n袋子、桶子，甚至還有\n一隻老鼠。一道看起來\n很堅固的圍籬，擋著\n閒雜人等靠近下層架子。\n
msg:10401	[title25][sentence]\n要是你從沒見過\n懸崖側面，那現在\n你算是見識到了。
msg:10402	[title25][sentence]\n這讓你想起以前交往過的\n一對絕色雙胞胎，\n珊蒂跟雪莉。
msg:10403	[title25][sentence]\n她還在上面。\n記得那句「地獄之火，\n不及棄婦之怒」……
msg:10404	[title27][sentence]\n這株植物看起來很像地球上\n俗稱「斷頭葉綠草」的植物，\n是一種源自惡名昭彰\n「食人捕蠅草」的稀有兇猛肉食植物。
msg:10405	[title26][sentence]\n這裡有株怪模怪樣的植物。\n東邊有個東西懸浮在海底上方，\n南邊則能看到你的太空船——\n風光不再了。
msg:10406	[title32]花肥\n好啦，這趟冒險還真夠短的。\n可惜最後你落得變成\n花肥的下場。\n
msg:51110	[title32][sentence]\n你站在一座大圓頂底下的街角，\n這圓頂顯然就是『波莉歡樂\n圓頂』。這裡還有間海鮮餐廳，\n你也注意到先前從城市上方\n丟下的釣魚線末端垂在這裡。
msg:51111	[title32][sentence]\n你站在一座大圓頂底下的街角，\n這圓頂顯然就是『波莉歡樂\n圓頂』。這裡還有間海鮮餐廳，\n以及一艘用釣魚線繫住的船。
msg:51112	[title32][sentence]\n你站在一座大圓頂底下的街角，\n這圓頂顯然就是『波莉歡樂\n圓頂』。這裡還有間海鮮餐廳。\n你距離城市那道高聳筆直的\n外牆只有幾碼遠，牆的上方\n可以看見一片晴朗的藍天。
msg:51113	[title19][sentence]\n這是你搭來的那輛磁浮車。
msg:51114	[title33][sentence]\n人行道只被一座大型雕像\n那雙美腿打斷。人行道往南\n再延伸幾碼後，就會抵達\n城市的垂直外牆而中斷。\n往東的話，人行道還會\n繼續延伸幾個街區，\n然後轉向北方。
msg:51115	[title27][sentence]\n這是一座大城市。你決定\n待在車子附近，免得迷路。
msg:51116	[title29][sentence]\n哇！你猜這裡以前一定很\n熱鬧——至少在還有人住的\n時候是這樣。燈還亮著，\n但裡面似乎沒半個人。
msg:51117	[title27][sentence]\n裡面沒有半個人。你注意到\n標價用的是你從沒聽過的\n貨幣單位。這裡顯然不收\n銀河幣。
msg:51118	[title27][sentence]\n看起來鎖住了。鎖的機構\n似乎也因鏽蝕而卡死。\n就算你有鑰匙，恐怕\n也打不開這東西。
msg:51119	[title29][sentence]\n抱歉，鑰匙不對。就算是\n對的鑰匙，這鎖也鏽蝕得\n太嚴重，恐怕根本轉不動。\n這把鎖注定就是打不開了。
msg:51120	[title29][sentence]\n把門炸離鉸鏈，大概也會\n順便炸爛裡面任何值得看的\n東西。你何不乾脆放棄這裡，\n專心去煩惱那個花瓶就好！
msg:51121	[title32][sentence]\n建築物上的魚鱗裝飾，加上\n懸在頭頂上方的那艘船，讓你\n猜這裡是間海鮮餐廳。不過你\n不太敢走到船底下——那些\n纜繩看起來不太牢靠。
msg:51122	[title27][sentence]\n你看到一間小餐廳，裡面\n有幾張桌子和一個櫃台。\n櫃台上似乎有台收銀機，\n但從這裡看不出更多細節。
msg:51123	[title26][sentence]\n這艘船似乎還能用，是有人\n掛在這間海鮮餐廳上方，用來\n營造『氣氛』的。吊著它的\n纜繩，另一端接在城市上層的\n某個東西上。當初把它吊上來\n想必費了一番工夫。要把它\n放下來大概簡單得多，但你得\n先找到那些纜繩的上端才行。
msg:51124	[title21][sentence]\n你成功把船放到了街上。\n接下來呢？
msg:51125	[title27][sentence]\n你把釣魚線綁到了船上。\n現在船繫在城市上緣的\n維修平台上了。
msg:51126	[title32][sentence]\n你從維修平台丟下的釣魚線，\n正垂掛在餐廳前方。
msg:51127	[title27][sentence]\n哇！你願意用左手小指\n換一次機會，見見這座\n雕像的模特兒本人！
msg:51128	[title32][sentence]\n建築物上的魚鱗裝飾，加上\n那艘已經放到街上的船，\n讓你猜這裡是間海鮮餐廳。
msg:51129	[title32][sentence]\n你已經把釣魚線綁在船上了。
msg:51130	[title32][sentence]\n你現在沒有東西可以綁\n釣魚線，撿起鬆脫的那端\n也沒有意義。
msg:51131	[title32][sentence]\n現在把線綁到船上沒有\n意義，因為線根本沒固定\n在任何東西上。
msg:51132	[title32][sentence]\n你搆不到船，沒辦法把線綁上去。
msg:51133	[title32][sentence]\n釣魚線已牢牢綁在船上了。
msg:40510	[title30][sentence]\n這些砲彈為走廊增添了\n濃濃的軍事氣息。看起來\n像是儀式用的，但你還是\n不會想在時速千呎的情況下\n和其中一顆迎面相遇。
msg:40511	[title24][sentence]\n想找點運動做嗎？一想到\n要扛著好幾個沉重的金屬\n砝碼到處走，就違背了你\n對運動近乎信仰般的厭惡。
msg:40512	[title20][sentence]\n一想到要喝不含酒精的東西，\n你就不寒而慄。
msg:40513	[title27][sentence]\n這條走廊顯然不只是用來\n通行的。那塊籃板看起來\n用得很勤。
msg:40514	[title24][sentence]\n看來這盞燈是為了輔助\n裁判而裝的，只要有人\n得分就會亮起。如果換成\n是你，這盞燈大概永遠\n都是暗的。
msg:40515	[title20][sentence]\n這應該就是打開那扇大門\n的方法。你大概需要一張\n高度機密的超級秘密保全\n識別證，插進這個插槽裡。
msg:40516	[title20][sentence]\n走廊往東繼續延伸。你看到\n那個方向還有幾扇門。
msg:40517	[title27][sentence]\n走廊沿著西北向的斜坡\n往上延伸約十碼，然後\n轉往北方。
msg:40518	[title29][sentence]\n這個裝置似乎是在監測\n環境光線，或空氣密度之類\n的東西。以你外行的眼光\n來看，被監測的東西狀況\n似乎不錯。
msg:40519	[title33][sentence]\n你位在一條東西向走廊的\n西端。一堆砲彈點綴著北邊\n的一扇大門。這裡還看得到\n一座飲水機和一扇較小的門。
msg:40520	[title24][sentence]\n這扇大門看起來是用比你\n還硬的材質做的。門旁邊\n有個小小的卡片插槽。
msg:40521	[title17][sentence]\n這道門看起來通往某種\n軍械庫。
msg:40522	[title17][sentence]\n那扇小門開著。你看到\n裡面有個眼熟的裝置。
msg:40523	[title24][sentence]\n這盞仿馬車燈的樣式，\n看起來像是你的室內設計師\n會裝的那種。
msg:40524	[title24][sentence]\n這裡有幾根支柱。你一時\n納悶，在這種從實心岩石\n鑿出來的洞穴裡，到底\n為什麼需要這些支柱。
msg:40525	[title26][sentence]\n[noun1]不合，你可能\n需要別的東西。\n
msg:80510	[title19][sentence]\n你身上沒有瞄準模組。
msg:80511	[title21][sentence]\n你身上沒有護盾調變器。
msg:80512	[title32][sentence]\n拆掉維生模組可不是\n什麼明智之舉。
msg:40110	[title27][sentence]\n這台掃描器直接嵌在走廊\n裡，你不穿過它就沒辦法\n繼續往前走。從這裡看，\n它顯得頗有威脅感。
msg:40111	[title25][sentence]\n憑過去的經驗，你判斷\n這是某種性別掃描器。
msg:40112	[title29][sentence]\n從這裡什麼都看不到，\n但聽起來像是個熱鬧的\n地方。你正開始納悶，\n這裡的人平常都做什麼\n消遣。
msg:40113	[title27][sentence]\n仕女之夜！讚喔！不過話說\n回來，在一個沒有男人的\n星球上，這也沒什麼好意外的。
msg:40114	[title19][sentence]\n南邊的走廊轉過一個彎角，\n消失在視線之外。
msg:40115	[title19][sentence]\n這條走廊通往拘留區的方向。
msg:40116	[title27][sentence]\n走廊中間有台造型古怪的\n掃描器。你還注意到一扇門\n上方掛著一塊電子招牌。
msg:51212	[title26][sentence]\n這台收銀機看起來又老又\n破舊。這間餐廳想必生意\n不怎麼好。你忍不住想，\n多擺幾張桌子搞不好會有\n幫助。
msg:51213	[title20][sentence]\n這台又老又破的收銀機開著，\n可惜裡面空空如也。
msg:51214	[title29][sentence]\n這台又老又破的收銀機開著。\n裡面沒有現金，但你發現\n一把小鑰匙。
msg:51215	[title19][sentence]\n這把鑰匙看起來是一般\n掛鎖在用的那種。
msg:51216	[title32][sentence]\n稍微有點格調的海鮮餐廳，\n牆上都少不了這種黏死的\n釣竿裝飾。
msg:51217	[title29][sentence]\n你從牆上扯下釣竿，把它\n繞著自己彎了好幾圈，\n小心翼翼塞進口袋裡。你\n由衷希望這根釣竿別突然\n彈開（就像小學時那樣），\n把你的褲子毀了。\n
msg:51218	[title26][sentence]\n這東西當壁飾真不錯。你\n一時想像某片海洋上，有艘\n船正載著一位滿肚子火、\n卻沒辦法操舵的船長。
msg:51219	[title26][sentence]\n別費心了。車上的自動\n系統運作得好好的。再說，\n你也沒有工具可以把它裝上去。
msg:51220	[title20][sentence]\n天空和地平線只是畫在\n紙上的，紙的上面還釘著\n一個個舷窗。
msg:51221	[title27][sentence]\n很明顯，這間餐廳的老闆\n沒在桌子上花什麼錢。他\n大概是從附近的廢料場\n撿了這些舊纜線捲軸來充數。
msg:51222	[title25][sentence]\n這些乾癟的老海星，是用\n釘槍釘在牆上的。
msg:51223	[title25][sentence]\n今天扛魚扛得夠多了，\n別再管它們了。
msg:51224	[title26][sentence]\n自從你進來之後，一切都\n沒變。你的車沒被偷——\n至少從你今天稍早把它\n偷來以後就沒再被偷過。
msg:51225	[title29][sentence]\n這看起來就是標準的俗氣\n海鮮餐廳。各式各樣的\n擺飾用膠水黏、釘子釘、\n釘書針釘滿了整面牆。\n桌子是廉價的纜線捲軸，\n椅子的顏色醜得讓你反胃，\n後牆上那條馬林魚標本還發出臭味。\n少的大概只剩龍蝦籠浮球，\n和掛在天花板上的一張魚網。
msg:51226	[title25][sentence]\n你覺得這東西可能派得上\n用場，便悄悄把它塞進口袋。
msg:51227	[title29][sentence]\n這看起來像是從旅行社\n偷來的海灘照片，已經\n褪色又龜裂了。
msg:51228	[title20][sentence]\n你才不需要這張蠢海報。
msg:51229	[title32][sentence]\n後牆上的馬林魚標本正把\n整個房間薰得臭氣沖天。\n不過收銀機旁邊那顆怪異\n的海怪頭倒是有點眼熟。\n嘿！牠長得很像你透過水下\n觀景窗看到的那隻醜東西。\n只不過觀景窗裡那隻，\n體型大上「非常」多。
msg:51230	[title30][sentence]\n後牆上的馬林魚標本正把\n整個房間薰得臭氣沖天。\n收銀機旁邊那顆怪異的\n海怪頭看起來相當離奇。\n你納悶這種怪獸是否\n真的存在過。
msg:51231	[title21][sentence]\n這種廉價塑膠模製椅，\n坐起來永遠讓你腰痠背痛。
msg:51232	[title27][sentence]\n看來這裡生意太差了，\n老闆只好把用餐區其他\n部分封起來。至少你大概\n能享受到專屬服務吧。
msg:51233	[title27][sentence]\n這甚至不是真正的麻繩。\n只要靠上去，大概就會\n散開。這種爛繩子你\n派不上用場。
msg:51234	[title27][sentence]\n這些俗氣的燈，替每張桌子\n投下昏暗的光。你很意外，\n這麼小氣的餐廳老闆居然\n願意花電費點亮這個地方。
msg:51235	[title24][sentence]\n櫃台上唯一吸引你目光的，\n就是那台收銀機。
msg:51236	[title25][sentence]\n你翻找了一會兒，總算\n找到那個『無銷售』鍵……
msg:51237	[title30][sentence]\n看樣子這裡以前也賣新鮮\n魚貨。櫃台裡嵌著三個\n冰櫃，大概已經「很久」\n沒清空過了。
msg:51238	[title26][sentence]\n就在你的手快摸到最近那個\n冰櫃蓋把手時，你停下來\n想了想。這些櫃子上次清理\n是多久以前的事了？裡面\n會不會躺著上百年的死魚？\n既然忘了帶防化裝備，你\n決定還是別開這些冰櫃了。
msg:51239	[title32][sentence]\n收銀機已經開著了。你要是\n再一直拉它，抽屜大概會\n直接摔到地上。
msg:80410	[title24][sentence]\n你坐在一艘小型、配備\n齊全的單人私人太空船裡，\n看起來像是跑車型號。
msg:80411	[title18][sentence]\n透過玻璃，你能看到\n遠方的樹木。
msg:80412	[title27][sentence]\n透過玻璃，你能看到遠方\n的樹木，不過透過反重力\n光束看過去，樹木的顏色\n顯得有點古怪。
msg:80413	[title24][sentence]\n船艙罩上有道小裂縫。\n或許還能維持氣密，但\n以這種狀態把船開進真空，\n你恐怕會捏一把冷汗。
msg:80414	[title21][sentence]\n你把艙罩上的裂縫修得\n很漂亮。這艘船現在應該\n已經氣密了。
msg:80415	[title22][sentence]\n稍微研究了一下操控裝置後，\n你有信心能駕駛這艘船。
msg:80416	[title26][sentence]\n瞄了一眼狀態面板，你\n發現燃料是滿的，曲速\n線圈狀況良好，而且你\n現在位於一個標準重力場。
msg:80417	[title20][sentence]\n瞄了一眼狀態面板，你\n發現燃料是滿的，曲速\n線圈狀況良好，而且你\n現在位於一個人工微重力場中。
msg:80418	[title19][sentence]\n這艘船以前的主人，顯然\n是為長途旅行做足了準備。
msg:80419	[title21][sentence]\n你現在還用不著這個。
msg:80420	[title21][sentence]\n儀器看起來運作正常。\n你有信心能駕駛這艘船。
msg:80421	[title26][sentence]\n這座椅相當舒適。你早就\n想要一台這種跑車型號，\n但一直都湊不出錢來。
msg:80422	[title24][sentence]\n你拉了幾下節流閥，才\n發現這艘船是設計來在\n低重力或零重力環境下\n起飛的。你現在處於標準\n重力，這艘船哪裡都去不了。
msg:80423	[title26][sentence]\n你伸手去拉操縱桿……不行！\n你就是沒辦法丟下那個\n花瓶離開這顆星球。你這輩子\n沒失手過一次，現在也不會\n破例。再說，你還等著那筆\n錢去付新船的頭期款呢。
msg:80424	[title19][sentence]\n你拉動節流閥，感覺到\n引擎點火啟動……
msg:80425	[title30][sentence]\n想起外頭那隻可憐、被拍成\n肉餅的哺乳動物，你決定\n先關掉反重力場，再打開艙罩。
msg:80426	[title24][sentence]\n你把一大坨強力膠擠進\n裂縫最深的地方。膠幾乎\n瞬間就硬化了。你有信心，\n憑這手工，飛出太空也\n不會漏氣減壓。\n\n
msg:80710	[title26][sentence]\n由於這台傳送器是嵌在\n牆裡的，透過觀景窗其實\n看不到什麼。這種機器顯然\n是設計給室內外通用的——\n可惜只有室外機型才有\n風景可看。
msg:80711	[title24][sentence]\n這個鍵盤上有十二個按鍵，\n除了0到9的數字鍵之外，\n還有『笑臉』和『哭臉』鍵。
msg:80712	[title25][sentence]\n這個輸入裝置的複雜程度，\n大概跟一台口袋型計算機\n差不多。慢慢來，你遲早\n會搞懂的。
msg:80713	[title22][sentence]\n這是一把鑰匙。提示：\n大小跟人類指尖差不多。
msg:80714	[title16][sentence]\n你站在一台外星傳送\n裝置裡。
msg:80110	[title26][sentence]\n天花板上布滿電線、\n管道和大樑，顯然當初\n建造者沒有完工。
msg:80111	[title30][sentence]\n這台監視器提供關於當地\n空域的有用資訊。你很意外\n它居然還在運作。等等！\n如果這些讀數沒錯，那艘\n擊落你的大型戰艦還在\n天上。你得想辦法繞過\n那艘船，才能離開這顆星球。
msg:80112	[title17][sentence]\n這看起來就跟你在這顆\n星球上見過的其他傳送器\n一樣。
msg:80113	[title27][sentence]\n你認出這裡的設備，是\n小型機場的必備裝置。\n雷達螢幕和反重力控制\n面板就是最明顯的線索。
msg:80114	[title26][sentence]\n廣播喇叭一直安靜無聲。\n你為此感到慶幸，因為\n從它的尺寸判斷，一旦\n響起來肯定吵得要命。
msg:80115	[title29][sentence]\n這東西想必是用來替太空船\n飛行員做視力測驗的。你\n瞄了一眼視力表，很高興\n發現自己視力依然是滿分。
msg:80116	[title27][sentence]\n牆上唯一值得留意的東西，\n是一張視力表、一個控制\n面板，和一台大型雷達螢幕。
msg:80117	[title18][sentence]\n這扇門目前是關著的。\n
msg:80210	[title33][sentence]\n這座發射台看起來狀況\n不太好。事實上，有棵樹\n直接從中間長穿過去。同一\n棵樹，也讓停在上面的一艘\n小型太空船受到無法修復\n的損壞。
msg:80211	[title26][sentence]\n這座發射台看起來狀況\n不太好。事實上，有棵樹\n直接從中間長穿過去。同一\n棵樹，也讓停在上面的一艘\n小型太空船受到無法修復\n的損壞。你注意到，從那艘\n報廢船隻腐爛的線束殘骸上，\n垂掛著某個東西。
msg:80212	[title25][sentence]\n這座發射台看起來狀況\n不太好。事實上，有棵樹\n直接從中間長穿過去。同一\n棵樹，也讓停在上面的一艘\n小型太空船受到無法修復\n的損壞。你注意到，發射台\n上靠近船的地方，有個小裝置。
msg:80213	[title26][sentence]\n這座發射台看起來狀況\n不太好。事實上，有棵樹\n直接從中間長穿過去。同一\n棵樹，也讓停在上面的一艘\n小型太空船受到無法修復\n的損壞。你注意到，從那艘\n報廢船隻腐朽的線束殘骸上，\n垂掛著某個東西。你還看到\n發射台上靠近船的地方，\n有個小裝置。
msg:80214	[title24][sentence]\n這大概是那種先進的防禦\n用護盾調變器。你在油豬號\n上就有一個一模一樣的，\n上次那場太空戰也是靠它\n保住一命。
msg:80215	[title25][sentence]\n你覺得這東西可能派得上\n用場，便把護盾調變器\n塞進口袋裡。
msg:80216	[title22][sentence]\n這看起來像是你錄音機的\n遙控器，只不過上面只有\n一個按鈕。
msg:80217	[title19][sentence]\n這艘船的狀況很慘。歷史上\n曾有棵樹長穿過它，把\n大部分引擎零件都毀了。\n這艘船哪裡都去不了了。
msg:80218	[title20][sentence]\n這艘船的狀況很慘。歷史上\n曾有棵樹長穿過它，把\n大部分引擎零件都毀了。\n這艘船哪裡都去不了了。\n駕駛艙殘骸上，垂掛著\n一個看起來眼熟的裝置。
msg:80219	[title16][sentence]\n這些灌木叢又厚又密，\n根本過不去。看來這是\n這一帶最主要的植被類型。
msg:80220	[title20][sentence]\n那邊還有一座發射台，\n上面停著一艘船。
msg:80221	[title18][sentence]\n天空湛藍無雲。
msg:80222	[title19][sentence]\n這艘船不值得偷。
msg:80223	[title21][sentence]\n你撿起那個造型古怪的\n遙控器，放進口袋裡。
msg:80224	[title19][sentence]\n這裡的樹跟你在墜機地點\n附近那座島上看到的樹\n非常相似。或許你離那裡\n不算太遠。
msg:80225	[title20][sentence]\n西邊可以看到那棟\n有控制室的建築。
msg:80310	[title33][sentence]\n這裡的發射台狀況比西邊\n那座好多了。沒有樹長穿\n過它，灌木叢似乎也保持\n距離，停在上面的船看起來\n狀態相當不錯。
msg:80311	[title24][sentence]\n西邊可以看到那艘可憐的\n船，樹就那樣從中間長穿過去。
msg:80312	[title29][sentence]\n看來你打開反重力光束時，\n有隻小動物誤闖了進去。\n計時結束、光束關閉後，\n這可憐的傢伙就重重摔了\n下來。
msg:80313	[title18][sentence]\n反重力光束打開時，顯然有隻小動物\n誤闖了進去。計時器歸零、\n光束關閉的瞬間，那可憐傢伙\n重重摔了下來。你看！\n六腔的心臟耶！酷斃了！
msg:80315	[title30][sentence]\n灌木叢又密又擋路，完全過不去。\n看來這一帶最常見的\n植被就是它們了。
msg:80317	[title17][sentence]\n哇！這才叫像樣的太空船！配了\n躍遷線圈、四管雷射砲、\n克萊納防護罩，還有一組\n威力十足的傳統推進器。\n船況保養得很不錯。
msg:80318	[title30][sentence]\n這裡可能曾經是某種\n航管塔台。由於原生植被\n幾乎蓋滿了整座太空港，\n很難判斷原本的格局。
msg:80319	[title19][sentence]\n這裡的樹和你墜機地點附近\n島上看到的樹很像。\n或許你離那裡不遠。
msg:80320	[title18][sentence]\n天空一片湛藍，萬里無雲。
msg:80321	[title20][sentence]\n這東西可塞不進你口袋。\n要不試著坐進駕駛艙？\n
msg:50810	[title24][sentence]\n這是雷射光束瞄準的\n那面牆。看樣子材質\n異常堅固耐用。
msg:50811	[title29][sentence]\n看來有人把一個小娃娃\n留在基座上。大概是覺得\n太可愛捨不得丟？你按捺住\n想放火燒了它的衝動——\n你一向討厭這種東西。
msg:50812	[title25][sentence]\n你死也不會被人看到\n拿著這種東西。你向來\n討厭這種粗製濫造的\n商業垃圾。
msg:50813	[title33][sentence]\n你猜蓋這間實驗室的人，\n特地在這裡擺了基座，\n就是為了放測試物。\n雷射瞄準的位置，似乎在\n基座頂端上方幾吋處——\n現在這個高度，剛好對準\n那個娃娃的左眼。
msg:50814	[title29][sentence]\n基座靜靜立在強力雷射\n光束之下，上面還留著\n幾撮娃娃填充棉絮。
msg:50815	[title27][sentence]\n基座上現在擺著一面\n精準放置的鏡子，正把\n雷射光導向天花板。
msg:50816	[title26][sentence]\n這些沙包是用來保護\n站在控制台前的人，\n免得被飛濺的碎片打到。
msg:50817	[title19][sentence]\n這東西對你來說\n重得扛不動。
msg:50818	[title33][sentence]\n控制站是個小基座，上面\n有鍵盤和螢幕。鍵盤上\n沒有標準字母，滿滿都是\n怪里怪氣的符號，你一個\n字都看不懂。
msg:50819	[title25][sentence]\n螢幕一片空白，\n顯然是關著的。
msg:50820	[title25][sentence]\n這螢幕顯示，雷射目前\n輸出大約一兆瓦的光能。\n螢幕上的數值不斷跳動，\n溫度變化劇烈——\n這絕對是門正經的雷射砲！
msg:50821	[title29][sentence]\n這是一門超巨大雷射砲。\n看那堆管線，你猜是液冷式，\n還直接接上整座城市的\n電網。這頭猛獸，你絕對\n不會想擋在它前面。
msg:50822	[title32][sentence]\n這門大雷射砲正持續\n發射光束。從這龐然大物\n內部的冷卻系統，傳來\n低沉的嗡嗡聲。
msg:50823	[title33][sentence]\n你也很想啊！拿這玩意\n對某個外星爛貨來場\n快速拔槍對決，豈不痛快？\n只不過，要拔出一個比你\n臥室還大的傢伙，大概\n沒那麼容易。
msg:50824	[title20][sentence]\n這根小拉桿上沒有標示，\n看不出是做什麼用的。
msg:50825	[title26][sentence]\n這就是你用來啟動\n雷射砲的拉桿。目前\n似乎卡死在這個位置。
msg:50826	[title27][sentence]\n這根拉桿已經『推』到底了，\n不能再推。如果想把它\n往自己這邊移，你該試試\n『拉』。
msg:50827	[title21][sentence]\n看起來還是離遠一點\n比較好。
msg:50828	[title29][sentence]\n雷射光束被反射向上，\n穿過天花板，射進了\n這間實驗室樓上的某處。
msg:50829	[title29][sentence]\n喔，對啦，伸手抓住就好了，\n是吧？你搖搖頭，腦袋\n晃了一晃歸位，最後幾條\n神經總算接對線。你決定\n還是別去抓那道光束。
msg:50830	[title26][sentence]\n天花板上有幾道焦痕，\n你猜是光束反射造成的。\n除此之外沒什麼好看的。
msg:50831	[title22][sentence]\n反射的雷射光束在天花板\n上鑿出一個大洞，現在\n正直直穿過那個洞發射。
msg:50832	[title26][sentence]\n牆上有幾道焦黑痕跡，\n應該是某個半反光物體\n被雷射打中留下的。
msg:50833	[title26][sentence]\n哇！你一直很想\n把那些蠢娃娃碎屍萬段，\n這下真是爽快！不過，\n這雷射砲是設計來連續\n發射的，現在還開著。
msg:50834	[title25][sentence]\n你熟練地把[noun1]放上\n基座，擋在雷射路徑上。\n光束被你反射得筆直向上，\n燒穿了天花板。
msg:50835	[title30][sentence]\n基座上沒有空間\n放[noun1]了。或許你該\n先把娃娃『移開』。
msg:50836	[title30][sentence]\n雷射光束已經被\n另一面鏡子反射走了。
msg:50837	[title32][sentence]\n你用力拉拉桿，但它似乎\n卡死在「開」的位置。
msg:50610	[title25][sentence]\n你該不會真的想去\n『痢勝客』吃飯吧？\n你自己想想看。
msg:50611	[title30][sentence]\n根據車上的顯示，這裡\n應該是巴奈特汽車旅館。\n你當然還有更重要的事\n要忙，沒空睡覺，對這家\n旅館也就意思一下，\n很快就沒了興趣。
msg:50612	[title25][sentence]\n招牌寫著：『席德機車行』。\n門口停著一輛老舊的\n飛行機車。
msg:50613	[title30][sentence]\n哇！貨真價實的飛行機車！\n你從小到大都沒再見過\n這種寶貝了。可惜這台\n又老又鏽，不然你真想\n騎上去兜兜風。
msg:50614	[title27][sentence]\n這老骨董鏽成這樣，\n你腳架一收大概就\n當場散架。還是\n別碰的好。
msg:50615	[title29][sentence]\n軟體商店的屋頂上有個\n大螢幕。門上方裝著感應器，\n看來是自動門。
msg:50616	[title22][sentence]\n從建築外型判斷，\n你猜這裡應該是某種\n研究實驗室——屋頂上\n那台大顯微鏡，\n算是個不算隱晦的提示。
msg:50617	[title32][sentence]\n這條街延伸得相當遠。\n你決定還是待在車子\n附近比較好——萬一在\n市中心迷路，搞不好\n要花好幾天才找得回來。
msg:50618	[title26][sentence]\n你環顧四周，看到一家餐廳、汽車旅館、\n實驗室、軟體店等各種建築。\n圓筒形城市的內牆，高聳在你頭頂上方。
msg:50619	[title32][sentence]\n軟體店的招牌看起來\n像個大螢幕。憑你狡猾\n又聰明的直覺，你懷疑那\n根本不是真螢幕，而是個\n假的外殼！哈！休想在\n雷克斯‧尼布勒面前耍花招！
msg:50620	[title27][sentence]\n這就是你搭來的\n那台可愛小磁浮車。
msg:50621	[title30][sentence]\n你盯著天空看了一會兒。\n你又盯著天空看了一會兒。\n你再次盯著天空看了一會兒。\n你放空盯著天空看了一輩子。\n你花半秒鐘回過神來。\n
msg:40810	[title26][sentence]\n這看起來是種地面載具，\n能應付各種地形。\n可惜你根本不會開。
msg:40811	[title21][sentence]\n哇塞！你也太有野心了！\n你知道『雙重疝氣』是\n什麼滋味嗎？挑點\n比你體重輕的東西拿吧。
msg:40812	[title24][sentence]\n看看那枚飛彈的尺寸！\n又長又硬。等等！\n這種東西以前從沒讓你\n心癢過。你最好祈禱\n錯體機還能正常運作。
msg:40813	[title13][sentence]\n你用不著\n這個『維和者』。
msg:40814	[title25][sentence]\n現在的手榴彈真是今非昔比。\n這顆看起來被灌了\n植物肥料。
msg:40815	[title20][sentence]\n你不可能扛得動\n這麼大一顆。更別說\n丟得動了。難道你要\n拔掉插銷然後拔腿狂奔？
msg:40816	[title21][sentence]\n你很快考慮了一下，\n要不要拔掉這顆巨型\n手榴彈的插銷。你想像著\n要花多久才能在整座\n軍械庫把這裡炸上\n平流層之前逃出去。\n你決定還是多活\n幾年比較實在。
msg:40817	[title25][sentence]\n這艘飛船讓你想起某天\n早上醒來，身邊躺著的\n那個人。你想到就一陣\n反胃，再次發誓絕不\n空腹喝『安塔利安\n腎臟扭轉』。
msg:40818	[title32][sentence]\n講到自我膨脹也該有個限度。\n考慮拿點體積不到你\n五千倍的東西吧。
msg:40819	[title27][sentence]\n這地方到處都是彈藥。\n或許你該小心自己\n踩的地方。畢竟一步\n踩錯，就是『轟隆』\n的時候了。
msg:40820	[title19][sentence]\n你手上沒有槍能\n上這種口徑的彈藥。
msg:40821	[title25][sentence]\n這台好用的機關，這些年\n大概拿來拋射過鐵砧、\n一噸重番茄、飛彈，\n還有翻船的外星訪客。
msg:40822	[title33][sentence]\n這下有點過分了。你要\n怎麼把它弄出去？你能\n想像自己低調地推著一台\n投石機，在地底基地裡\n到處逛嗎？算了吧。
msg:40823	[title21][sentence]\n箱子裡有各種沒用\n的東西，還有一個閃亮\n的裝置——你一眼\n就認出是瞄準模組。
msg:40824	[title21][sentence]\n這就是你找到瞄準模組\n的那個箱子。裡面\n沒有其他有趣的東西了。
msg:40825	[title12][sentence]\n你現在手上\n已經有一個了。
msg:40826	[title26][sentence]\n你懷疑這麼薄一層金屬\n能擋得住雷射轟擊嗎？\n這大概是某種運動器材。\n你想像穿上這玩意，\n繞著小圈子跑步，\n應該是很棒的運動。
msg:40827	[title22][sentence]\n你知道穿著那玩意走路\n能撐多久嗎？前五分鐘\n你流的汗，大概就能把\n所有活動零件鏽光。
msg:40828	[title19][sentence]\n這應該是裝甲車的\n出入口。
msg:40829	[title27][sentence]\n你怎麼弄都打不開。\n不過也無所謂，你本來\n也不太想爬進一台老舊\n裝甲車裡到處鑽。
msg:40830	[title33][sentence]\n這些桶子看起來應該裝著\n火藥之類的東西。結果，\n裡面裝的似乎全是\n塑膠猴子。你很納悶，\n這些猴子到底有什麼\n軍事用途。
msg:40831	[title20][sentence]\n你用不著這些桶子——\n塑膠猴子也一樣。
msg:40832	[title25][sentence]\n這艘救生筏看起來\n狀況不太好。你懷疑\n它到底能不能下水。
msg:40833	[title18][sentence]\n你用不著這艘又舊\n又破、靠不住的充氣筏。
msg:40834	[title22][sentence]\n看起來有點像番茄，\n但重得多。看正面\n噴漆印的數字，你判斷\n這是一噸重的番茄\n（而不是，比如說，\n五噸重的番茄）。
msg:40835	[title24][sentence]\n你怎麼使勁都舉不起來。\n這玩意大概真的\n重達一噸。
msg:40836	[title21][sentence]\n這個鐵砧上滿是刮痕\n與凹痕。大概是在\n紀念碑谷用來砸\n嗶嗶鳥的道具。
msg:40837	[title26][sentence]\n你盯著這顆兩噸重的\n砝碼看了一會兒。實在\n想不出兩噸重砝碼有什麼\n軍事用途，你決定\n去看點別的。
msg:40838	[title25][sentence]\n痱子粉？這座軍械庫\n顯然是性別大戰時\n女性陣營囤的貨。你腦中\n閃過一絲大男人主義的\n念頭，但一想到\n她們可是打贏了那場戰爭，\n立刻就矮了一截。
msg:40839	[title21][sentence]\n這顯然是用來\n大量施灑痱子粉\n的工具。
msg:40840	[title17][sentence]\n是喔，對啦，\n你才不會想要\n這種東西。
msg:40841	[title11][sentence]\n紙箱就放在\n鐵砧下面。
msg:40842	[title12][sentence]\n這箱子有點大，\n扛著到處走不方便。
msg:40843	[title17][sentence]\n你打不開這箱子，\n因為你搬不動鐵砧。
msg:40844	[title20][sentence]\n南邊是你進入\n軍械庫時走的通道。
msg:40845	[title25][sentence]\n這裡顯然是某種軍械庫。\n這些軍火足夠武裝\n一整個師。到處覆蓋著\n一層細灰，讓你猜這些\n東西已經好一陣子\n沒人用過了。
msg:40846	[title25][sentence]\n這看起來是標準的\n47爪瞄準模組——用來\n提升重型武器射擊\n精準度的那種。
msg:40847	[title27][sentence]\n你把瞄準模組\n塞進口袋裡。
msg:40848	[title25][sentence]\n這裡應該是用來裝載\n飛船的。目前被一輛\n大型裝甲車擋住了。
msg:40849	[title26][sentence]\n這東西已經\n開著了。
msg:31610	[title24][sentence]\n這座平台位在一個外形\n古怪的裝置下方。一道\n小斜坡通往平台中央。
msg:31611	[title26][sentence]\n你看不出這個裝置\n是做什麼用的。這東西\n跟你以前看過的\n完全不一樣。
msg:31612	[title24][sentence]\n想到這東西曾對你\n做過什麼，這一定就是\n那台惡名昭彰的錯體機。
msg:31613	[title24][sentence]\n你完全不知道這些\n控制器怎麼操作，\n決定別亂按出糗。
msg:31614	[title27][sentence]\n這台設備超出你的\n理解範圍，跟開罐器\n還有電燈泡屬於\n同一個檔次。
msg:31615	[title21][sentence]\n面板上那些詭異的燈光\n讓你一時看得出神。
msg:31616	[title22][sentence]\n這裡的螢幕顯示著\n房間中央那台裝置的\n詭異畫面。你怎麼找\n都找不到拍出這畫面\n的攝影機。
msg:31617	[title24][sentence]\n這道斜坡看起來\n是通往平台的\n主要路線。
msg:31618	[title22][sentence]\n你踹開通風口時\n把門閂弄壞了。以後\n需要的話，應該很容易\n再打開。
msg:31619	[title22][sentence]\n你覺得看到走廊\n另一頭有東西在動。
msg:31620	[title19][sentence]\n沿著走廊走幾公尺，\n你看到一個岔路口。
msg:31621	[title25][sentence]\n這層樓唯一顯眼的東西，\n就是房間中央那座\n外形古怪的平台。
msg:31622	[title17][sentence]\n這根支柱顯然是用來\n撐住天花板的。
msg:31623	[title32][sentence]\n你踏上平台，但這次\n什麼事也沒發生。看來\n錯體機已經關閉，\n等待醫療區維修。
msg:60210	[title25][sentence]\n你終於知道『地獄室內\n設計師』住在哪了。\n俗氣的壁飾用刺眼的\n粉彩色朝你襲來。厚厚\n一層灰塵蓋滿全場，\n看來這裡已經荒廢\n很久了。
msg:60211	[title27][sentence]\n這片地毯的花紋看得你\n直反胃，彷彿在起伏。\n從那層灰塵判斷，\n幾十年沒人踩過它了。
msg:60212	[title29][sentence]\n這條小走廊通往\n建築物的入口。
msg:60213	[title19][sentence]\n其中一張桌上擺著\n一盞蠢兮兮的小燈，\n其餘桌子都是空的。
msg:60214	[title26][sentence]\n積滿灰塵的塑膠模製椅上，\n擺著廉價、扁塌、\n坐起來不舒服的坐墊，\n毫無吸引力。你完全\n沒興趣坐上去。
msg:60215	[title22][sentence]\n啊啊！怎麼會有人\n把這種東西掛上牆？！\n一陣噁心感湧上心頭。
msg:60216	[title26][sentence]\n嗯，這不算真的壁爐，\n比較像是『裝了閃燈的\n醜陋小角落』。你是那種\n連太空船都非得配一座\n真材實料柴火壁爐不可的人，\n看到這些塑膠木柴\n和電燈，你渾身不自在。
msg:60217	[title32][sentence]\n牆上在各種雜物之間\n掛著幾幅畫。大概有人\n把這當藝術品。你倒覺得\n拿來鋪飼養箱底層\n還比較實用。
msg:60218	[title22][sentence]\n這房間裡那些蠢燈\n哪裡吸引人，你完全\n看不出來。你覺得拿去\n當壓艙物還比較有用。
msg:60219	[title25][sentence]\n啊，果然少不了這種\n裝飾用戲劇面具。\n拿去玩飛靶射擊\n說不定還挺適合。
msg:60220	[title22][sentence]\n看看這裡其他的裝潢，\n會找到這種東西，\n你一點都不意外。
msg:60221	[title27][sentence]\n這道門通往臥室。\n八成也是那個裝潢\n這房間的神經病搞的。
msg:60222	[title27][sentence]\n這看起來是標準的\n壁式保險箱。門上\n顯眼地裝著一個小轉盤\n和一根把手。
msg:60223	[title25][sentence]\n保險箱門正開著。\n裡面只剩幾張\n『晦暗影業』的\n資產負債表。
msg:60224	[title27][sentence]\n保險箱門正開著。\n一把小鑰匙在一疊\n『晦暗影業』資產\n負債表上閃著光。
msg:60225	[title24][sentence]\n這是密碼鎖保險箱。\n光靠鑰匙可打不開。
msg:60226	[title30][sentence]\n你多希望手邊有支\n聽診器，轉了幾次轉盤。\n試了幾次後你發現\n成功機率微乎其微。\n你得先查出密碼\n才行。
msg:60227	[title26][sentence]\n這座壁爐是假的，\n裡面完全沒有真的\n火焰。幹嘛把[noun1]\n放進去？」
msg:60228	[title22][sentence]\n雷射光束在地板上\n鑿出一個洞，天花板\n對應位置也有一個洞。
msg:60229	[title26][sentence]\n這道雷射光束\n極度危險。你走路\n最好看清楚點。
msg:60230	[title21][sentence]\n你熟練又『小心翼翼』地\n把[noun1]放進雷射\n光束之中……
msg:60231	[title26][sentence]\n花箱裡裝著積滿灰塵\n的塑膠花，沒什麼\n其他值得看的東西。
msg:60232	[title19][sentence]\n要是在這密閉空間\n引爆炸彈，你會被炸得\n滿牆都是。
msg:60233	[title29][sentence]\n可惜你找不到一個\n離保險箱夠近、能提高\n成功率的地方來放\n定時炸彈。開這保險箱\n一定還有更高明的\n辦法。
msg:60234	[title32][sentence]\n你用雷射玩的這招，\n把保險箱炸出了一個\n大洞。現在你應該伸手\n進去就能把它打開了。
msg:60235	[title32][sentence]\n在燒焦的保險箱殘骸中，\n你看到一把略微\n燒黑的門鑰匙。
msg:60236	[title32][sentence]\n在燒焦的保險箱殘骸中，\n除了幾張烤得酥脆的\n『晦暗影業』資產\n負債表之外，什麼\n都沒有。
msg:61210	[title25][sentence]\n這條巨大的路面\n連接城市上層的\n兩個區域。從表面的\n磨損痕跡判斷，\n應該是給輪式車輛\n使用的。
msg:61211	[title29][sentence]\n從支架垂下的繩索，\n吊著一艘船，懸在下層\n一家餐廳上方。繩索\n連著一對小型絞盤。\n你猜其中一個支架上的\n控制箱，應該是用來\n操控絞盤的。這些絞盤\n看起來已經鏽壞了。
msg:61212	[title30][sentence]\n吊臂垂下的繩索，自從你把吊艙放到路面後，\n就鬆垮下來，懸在下方晃盪。可惜絞盤壞得徹底，\n你沒辦法把繩子收回去。
msg:61213	[title17][sentence]\n粗重繩索的另一端，牢牢固定在絞盤上。
msg:61214	[title21][sentence]\n控制箱的門被一把掛鎖鎖死。\n箱子本身鏽蝕得很嚴重，\n偏偏那把掛鎖卻完好如初。
msg:61215	[title19][sentence]\n控制箱被一把大掛鎖鎖住，你需要一把鑰匙才行。
msg:61216	[title25][sentence]\n鐵鏽幾乎吃光了控制箱裡的零件。這堆鏽爛廢鐵，\n你已經榨不出什麼名堂了。
msg:61217	[title27][sentence]\n拆掉鎖之後，控制箱的蓋子直接掉了下來。\n裡頭幾乎全是鐵鏽的釋放拉桿，\n當場在你眼前碎成一堆。絞盤跟著鬆手放繩，\n吊艙就這樣一路摔到樓下街上。
msg:61218	[title21][sentence]\n樓下的建築物包括一座圓頂大廈，\n前面立著一尊雕像，還有一小段商店街、\n一間海鮮餐廳，以及幾戶私人住宅。
msg:61219	[title22][sentence]\n「波莉的歡樂圓頂」，聽起來就是你的菜。\n門口那尊雕像，更是吸引了你的目光。
msg:61220	[title26][sentence]\n這尊巨大雕像立在「波莉的歡樂圓頂」門前，\n身材比例絕對無可挑剔。雖然右手臂斷了，\n她還是讓你盯著看了好幾分鐘。\n你突然好希望自己有五十呎高。
msg:61221	[title22][sentence]\n這裡想必是施工與維修人員存放器材的地方。
msg:61222	[title25][sentence]\n你根本沒打算修什麼高架道路，\n懶得理會這棟維修用房。
msg:61223	[title29][sentence]\n這道及腰矮牆，應該是用來防止行人和車輛，\n不小心摔落或衝到下一層樓面。
msg:61224	[title27][sentence]\n這根支柱盡忠職守，一輩子只做一件事：\n把高架道路撐在城市上空。
msg:61225	[title32][sentence]\n這座城市大到誇張，迷路絕對不是好玩的事。\n你決定隨時讓車子保持在視線範圍內。
msg:60710	[title25][sentence]\n你站的這條街，沿著這層樓面的邊緣延伸。\n隔著圍籬，你能看到城市另一區在遠遠的下方。\n一隻吵鬧的小狗，正對著一間汽車修理廠狂吠。
msg:60711	[title25][sentence]\n你站的這條街，沿著這層樓面的邊緣延伸。\n隔著圍籬，你能看到城市另一區在遠遠的下方。\n街角這裡有間汽車修理廠，窗戶還破了一個洞。
msg:60712	[title25][sentence]\n圍籬下方這道矮牆，\n應該是為了防止手動駕駛的車輛，\n從這層樓面摔下去。
msg:60713	[title22][sentence]\n這道矮圍籬，\n想必是用來防止行人從這層邊緣摔下去。\n那一摔肯定不好受。
msg:60714	[title16][sentence]\n載你來這裡的磁浮車，從你下車後就沒什麼變化。
msg:60715	[title25][sentence]\n封住人孔蓋的那層塑膠蓋，\n看起來不打算再被打開。\n你猜這是蓋城市時留下的施工痕跡。
msg:60716	[title18][sentence]\n這裡想必是那隻吵鬧小狗的廁所。
msg:60717	[title14][sentence]\n招牌上畫著一個直直向下的箭頭。\n你完全看不懂它的意思，有點惱火。
msg:60718	[title25][sentence]\n這扇破窗，讓整個社區的破敗感又更上一層樓。
msg:60719	[title22][sentence]\n寬大的車庫門緊閉上鎖。\n門前人行道上的橡膠煞車痕，\n讓你猜這裡修的不只是磁浮車。
msg:60720	[title20][sentence]\n這條人行道，一頭被路障擋住，\n另一頭則通往城市深處。
msg:60721	[title25][sentence]\n你想通了！這裡修的，一定是那種用橡膠輪胎、\n直接貼地跑的老式車輛。\n不然哪來的煞車痕和打氣管？\n這傢伙肯定是個古董迷。
msg:60722	[title25][sentence]\n從招牌看得出來，這間店的老闆叫「阿布杜」。\n大門緊閉上鎖，不過側邊還有一扇小門。
msg:60723	[title25][sentence]\n從招牌看得出來，這間店的老闆叫「阿布杜」。\n大門緊閉上鎖，側邊那扇小門，\n看起來被那隻吵鬧的小狗把守著。
msg:60724	[title18][sentence]\n側門看起來是開著的。
msg:60725	[title27][sentence]\n不巧的是，側門就在那隻吵鬧討厭的小狗另一邊。
msg:60726	[title30][sentence]\n牠看起來餓壞了。那尖銳的狂吠聲，\n聽在你耳裡就跟指甲刮黑板一樣要命。
msg:60727	[title21][sentence]\n牠早就在跟你說話了。聽不懂，難道是牠的錯嗎？
msg:60728	[title22][sentence]\n這道路障看起來是臨時的，\n那邊的街道可能還在施工。
msg:60729	[title29][sentence]\n哇！這隻小狗兇得可以！你或許不該靠牠這麼近。
msg:60730	[title29][sentence]\n你決定不要離車子太遠。在這麼大的城市迷路，\n一點都不好玩。
msg:60731	[title22][sentence]\n你用力拉了一下門，它動也不動，\n證實你猜得沒錯——鎖住了。
msg:60810	[title18][sentence]\n你站的這間店，\n讓你想起臍帶星四號一位朋友的店。\n不過話說回來，這裡的零件大概沒那麼燙手。
msg:60811	[title25][sentence]\n這間店讓你想起臍帶星四號一位朋友的店。\n那隻討厭的小狗似乎又找上你了，\n惱人的吠叫聲快把你逼瘋。
msg:60812	[title21][sentence]\n這間店讓你想起臍帶星四號一位朋友的店。\n差別大概是，\n你朋友店裡不會掛著這麼多被壓扁的動物。
msg:60813	[title22][sentence]\n這裡到處散落著零件。你不是修車那塊料，\n這些東西對你毫無用處。
msg:60814	[title21][sentence]\n你的車開得好好的，用不著什麼汽車零件。
msg:60815	[title20][sentence]\n車庫地板上到處都是油漬，顏色都變了。
msg:60816	[title21][sentence]\n車庫地板上到處都是油漬。舉升機上那台車底下，\n還多了一灘新鮮的粉紅色污漬。
msg:60817	[title19][sentence]\n看這些排骨的年紀，\n你決定敬而遠之——這味道恐怕會是場嗅覺災難。
msg:60818	[title21][sentence]\n噁！超級噁！這些排骨老到都能拿去做碳定年了。\n你沒發現連那隻煩人的狗都不敢碰嗎？
msg:60819	[title20][sentence]\n噁！超級噁！這些排骨老到都能拿去做碳定年了。\n離遠一點！
msg:60820	[title27][sentence]\n這顆按鈕接的是車輛舉升機，\n上面用油膩膩的黃字寫著「上升」。
msg:60821	[title27][sentence]\n這顆按鈕接的是車輛舉升機，\n上面用油膩膩的黃字寫著「下降」。
msg:60822	[title27][sentence]\n垃圾桶裡塞著幾條又髒又臭的舊油布，\n沒什麼別的東西值得你多看一眼。
msg:60823	[title22][sentence]\n看樣子，阿布杜挑月曆的品味跟你幾乎一模一樣。
msg:60824	[title19][sentence]\n這個收納箱，應該是用來裝小型汽車零件的。
msg:60825	[title21][sentence]\n這個收納箱，應該是用來裝小型汽車零件的，\n像是放在上頭的那面後視鏡。
msg:60826	[title21][sentence]\n這箱子裡的汽車零件，你根本用不上。
msg:60827	[title26][sentence]\n你撿起後視鏡，塞進口袋。隨手一照，\n才發現自己鬍子已經該刮了。
msg:60828	[title25][sentence]\n這面後視鏡看起來很普通，\n大概比油豬號上那面小了一百倍。
msg:60829	[title29][sentence]\n工具箱只有最下層的抽屜開著。\n裡頭放著一把扳手和一條強力膠，\n箱子頂上則擺著一支千斤頂。
msg:60830	[title20][sentence]\n除了頂上那支千斤頂，這工具箱沒什麼好看的。
msg:60831	[title27][sentence]\n工具箱裡全是高度專業的磁浮車維修配件，\n你根本不知道從何用起。
msg:60832	[title21][sentence]\n這東西好用得很。強力膠幾乎什麼都能黏。\n油豬號上有一具姿態推進器，\n當年就是靠它黏上去的。
msg:60833	[title22][sentence]\n你先確認蓋子有沒有鎖緊——上次忘了這麼做，\n害你口袋內側永遠黏著一條空管。\n這條管子還軟軟的，強力膠應該還很新鮮。\n你把它塞進口袋。
msg:60834	[title21][sentence]\n牆邊擺滿了汽車用油品和潤滑劑。在這裡點火，\n大概不是什麼好主意。
msg:60835	[title25][sentence]\n車輛舉升機讓技師能站著在車底下工作，\n對身高超過一公分的技師來說相當方便。\n現在舉升機上正吊著一台車。
msg:60836	[title22][sentence]\n這些才不是什麼汽車零件。阿布杜這人，\n肯定有點怪癖。
msg:60837	[title25][sentence]\n那隻討厭的畜生又來了。\n這隻陸地食人魚正一臉飢餓地盯著你，\n牠那六條小短腿的速度，快得讓你嘖嘖稱奇。
msg:60838	[title27][sentence]\n地板上漆的橘色警戒區是個警告：\n車子放下來的時候，站在這裡很危險。
msg:60839	[title16][sentence]\n你大概該去檢查一下視力了，\n車子早就已經放到地上了。
msg:60840	[title22][sentence]\n舉升機被你搞得一頭霧水，\n它正想辦法把車子舉得比「頂到頭」還高。
msg:60841	[title25][sentence]\n在這間空蕩蕩的修車廠裡丟骨頭，\n根本是浪費時間。
msg:60842	[title22][sentence]\n那塊橘色警戒區，現在被車子占著。
msg:60843	[title18][sentence]\n這裡以前有隻討厭的小狗，現在沒了。
msg:60844	[title21][sentence]\n這討厭鬼再也叫不出聲了！牠接下來、\n也是最後一次的「冒犯」，大概會是氣味上的。
msg:60845	[title20][sentence]\n噁！那攤黏糊糊的東西留在這裡就好。\n真那麼餓的話，去弄顆甜滋果吃吃吧。
msg:60910	[title25][sentence]\n街角一塊大招牌，標示著一間影帶店的入口。\n你還看到一尊挺有意思的雕像，和一間流動廁所。
msg:60911	[title20][sentence]\n街道繞過大雕像旁，一路延伸過轉角。
msg:60912	[title22][sentence]\n流動廁所飄出一股「有趣」的氣味。看樣子，\n大概有一百年沒人清過、倒過了。
msg:60913	[title29][sentence]\n這間影帶店看起來想營造「開幕之夜」的氣氛。\n不過你比較熟的，是那種只在晚上開門的影帶店。
msg:60914	[title18][sentence]\n廣告看板上，推銷著一款新的荷爾蒙補給品。\n住在這裡的男人，顯然很想要「更man」一點。
msg:60915	[title29][sentence]\n這尊雕像吸引了你的目光。\n而且持續吸引著你的目光。\n你盯著它看了好幾分鐘，\n決定在需要沖冷水澡之前，還是去做點別的事。
msg:60916	[title18][sentence]\n這是你搭來的車。
msg:60917	[title25][sentence]\n這座報攤，原本大概賣過上百種雜誌，\n還有兩份不同的城市報紙。你能看到幾則標題：\n「女性疑涉研發生物武器，\n國防委員會表示關切」，\n以及「新住宅區今日正式供電」。
msg:60918	[title22][sentence]\n拉門是鎖著的，看來得有鑰匙才能進去。
msg:60919	[title21][sentence]\n拉門現在解鎖了。\n\n\t"20 percent off sign" should all become "BANNER"
msg:61010	[title21][sentence]\n這點無庸置疑，\n那絕對是你這輩子看過最醜的小孩。
msg:61011	[title27][sentence]\n《文明帝國：電影版》。你很好奇，\n這部電影會不會跟遊戲一樣好玩。
msg:61012	[title29][sentence]\n你是看著哈波、格魯喬和卡爾的老片長大的。
msg:61013	[title27][sentence]\n櫃檯上的螢幕正播著一部新片，毫無性與暴力，\n你完全提不起興趣。架上另一台螢幕，\n則播著一部叫《史萊奇歸來》的恐怖片。\n你對這部片也沒興趣。
msg:61014	[title22][sentence]\n門關著，你看不到外面。
msg:61015	[title30][sentence]\n店裡塞滿了各式各樣的影帶。\n你還注意到幾台試看螢幕，和一支電話聽筒。
msg:61017	[title26][sentence]\n你把電話聽筒從底座上拿了起來。
msg:61018	[title24][sentence]\n這是你看過最浮誇的商標，\n大概只有臍帶星四號那個賽奈克斯通訊的商標，\n能相提並論。
msg:61019	[title32][sentence]\n看樣子，各路名人都曾遠道而來，\n把腳印永久留在水泥地上。\n你隱約覺得這點子不是原創。\n這些名字你一個都不認得。
msg:61020	[title25][sentence]\n看樣子，各路名人都曾遠道而來，\n把腳印永久留在水泥地上。\n你隱約覺得這點子不是原創。\n這裡你唯一認得的名字是布魯斯。嗯，\n他當時似乎穿著高跟鞋。
msg:61021	[title18][sentence]\n鮮紅色的櫃檯上，擺著一台螢幕和一支電話。
msg:61022	[title21][sentence]\n看這根天線就知道，這是老式的無線電話。
msg:61023	[title27][sentence]\n看來有人踩進水泥前等太久了。呼！\n他該不會得了壞疽吧。
msg:61024	[title26][sentence]\n拜託，放過自己吧。你肯定想得出更好的紀念品。
msg:61025	[title29][sentence]\n聚光燈打亮著《文明帝國：電影版》的看板。
msg:61026	[title21][sentence]\n這是電話拿起來對著講話的那部分啦，愛因斯坦。
msg:61027	[title27][sentence]\n這部分的電話擺在櫃檯上，用來架住聽筒。\n聽筒放在座上時電池會充電，也能響鈴接聽來電。
msg:61028	[title22][sentence]\n這個投遞口，方便歸還租來的影帶。\n你注意到回收箱是空的。
msg:61029	[title30][sentence]\n在你眼裡，[noun1]像是電影嗎？
msg:61030	[title25][sentence]\n這裡有成千上萬部片子，\n可惜你已經沒有播放機了。
msg:61031	[title19][sentence]\n有人要花十萬銀河幣跟你買一個花瓶，\n你居然還想著看電影！清醒一點吧！
msg:61032	[title18][sentence]\n你把聽筒穩穩放回座上，充電燈閃著紅光。
msg:10101	[title26][sentence]\n這是你那張忠實的駕駛椅，過去這幾年，\n你醒著的時間大多耗在上頭。坐在駕駛椅上，\n全船系統任你差遣——只不過墜機之後，\n大概都只剩下「被淘汰」的份了。
msg:10102	[title22][sentence]\n壞消息：你「降落」在水底，船報廢了，\n而且那艘醜陋的大船十之八九還在找你。好消息：\n你剛付完最後一期船款，\n這艘船終於完完全全屬於你了！
msg:10103	[title29][sentence]\n你的船艦內殼，整片都是「扎實金」打造的。\n外殼則主要是「破銅金」加上幾圈膠帶，\n重返大氣層時的表現只能說差強人意。
msg:10104	[title25][sentence]\n這大概是你前任室內設計師，\n唯一沒讓你當場彎腰狂吐的作品。畢竟，\n毛絨骰子這種東西，可是你的堅持。
msg:10105	[title22][sentence]\n你發現自己該修修鼻毛了，\n同時也注意到牙縫裡卡著一坨綠色菠菜。\n奇怪的是，你已經兩個禮拜沒吃過菠菜了。\n要是這裡有條20號高張力鋼絲，\n拿來當牙線用該有多好。
msg:10106	[title25][sentence]\n你看著這幅「憤怒的窗簾」直皺眉，\n發誓等哪天把前設計師綁上火刑柱，\n就拿它們來點火。
msg:10107	[title30][sentence]\n你拚命回想，那個命中注定的夜晚，\n幫你把那東西焊上去的女人叫什麼名字。
msg:10108	[title29][sentence]\n這片螢幕監控著船上許多系統，\n包括所有遠端感測探測器。\n你得坐進駕駛椅才能正常操作它。
msg:10109	[title21][sentence]\n那是緊急逃生艙——重點就在「緊急」兩個字。\n它靠爆炸螺栓啟動，現在這種狀況打開，\n幾秒內整個駕駛艙就會灌滿水。\n天花板不會掉下氧氣罩，\n座椅也沒辦法當救生浮具，\n你最好的選擇是走主氣閘，\n那裡看起來還沒被泥巴堵住。
msg:10110	[title27][sentence]\n就算你先戴上水中呼吸器，\n打開緊急逃生艙也絕非明智之舉，\n外頭那一大片水正等著衝進來，\n把你拍扁在對面艙壁上。\n逃生艙原本就只設計給外太空，\n或有大氣層的環境使用。以你現在的處境，\n主氣閘才是最好的選擇。
msg:10111	[title26][sentence]\n瞄準電腦回報，\n已經算出三隻附近敵意孔雀魚的精確射擊解，\n現在正對前方那叢形跡可疑的海草，\n進行全面威脅評估。
msg:10112	[title27][sentence]\n你敢信？從四萬呎高空以超高速墜落，\n落地力道相當於五十億噸中子彈的爆炸威力，\n結果控制面板居然壞了。更慘的是，\n保固上禮拜才剛過期。
msg:10113	[title30][sentence]\n導航電腦能帶你穿越星際虛空、\n預測超空間的摺疊、繞過流浪小行星、\n維持行星軌道，\n甚至能降落穿越八種類地與半類地大氣層。\n可惜它似乎沒有「引擎全毀、\n在海底十呎爛泥中導航」這個選項，\n現在大概幫不上什麼忙。
msg:10114	[title24][sentence]\n工程控制台讓你在準備讓船躍遷之際，\n監控輸往次元裂隙引擎的電力。\n現在面板完全沒反應，\n你的引擎顯然出了問題——比如說，\n已經不在船上了。
msg:10115	[title30][sentence]\n武器狀態顯示器告訴你，船上的武裝，\n最近被一道相當粗暴的粒子束拆掉了。
msg:10116	[title32][sentence]\n雖然後方偏導護盾在太空戰中被徹底摧毀，\n前方護盾倒是撐到了讓你安然穿過大氣層。\n不過現在所有偏導系統都已經停擺，\n因為艙室已經進水了。
msg:10117	[title30][sentence]\n那具探測器降落在濕答答的海灘上，\n想必已經短路了。至少，\n你的《太空男孩》雜誌還在。
msg:10118	[title24][sentence]\n不，為了紀念那個叫什麼來著的女人，\n你決定讓耶穌像留在原地。
msg:10119	[title17][sentence]\n毫無疑問，你那個設計師非死不可。
msg:10120	[title27][sentence]\n你小心翼翼地拿起護盾調變器。
msg:10121	[title27][sentence]\n還是算了。你大概會平白挨上八百八十伏特的電，\n電得頭髮直豎，\n順便引發一場災難級的頭皮屑雪崩。記住，\n第一印象只有一次機會。
msg:10122	[title27][sentence]\n你的前室內設計師特別交代過，\n別讓你那雙髒手碰這片美麗的窗飾。\n什麼樣的男人敢對這種奢華垂墜的布料動手動腳？\n何況，你對印花布過敏。
msg:10123	[title27][sentence]\n這完全沒有必要，搞不好還會被當成有被害妄想。\n放心，周圍的海洋生物，\n不會被你這種怪模怪樣的生物嚇到的。
msg:10124	[title32][sentence]\n這台機器擺在這裡這麼久了，\n你到現在還是搞不懂「投入硬幣」是什麼意思。
msg:10125	[title27][sentence]\n這裡是你心愛的油豬號駕駛艙。\n駕駛椅擺在艙室正中央，\n前方則是全船每個系統的控制台與螢幕。
msg:10126	[title26][sentence]\n它已經完全報廢了。
msg:10127	[title32][sentence]\n這片面板可以通往護盾\n子系統電路與強化插槽，\n目前是關閉的。
msg:10128	[title32][sentence]\n護盾面板已經打開，露出\n護盾子系統的電路與強化\n插槽。其中一個插槽裡，\n是你「以防萬一」擺在這裡\n的51齒二次式護盾調變器。\n用力一拉，應該就會鬆脫。
msg:10129	[title32][sentence]\n護盾面板已經打開，露出\n護盾子系統的電路與強化\n插槽。其中一個插槽是空\n的，因為調變器被你挪去\n做了不可告人的用途。
msg:10130	[title26][sentence]\n早就開著了！
msg:10131	[title26][sentence]\n你瞧！你早就坐在\n裡面了。\n
msg:70610	[title25][sentence]\n你猜這間富麗堂皇的會客室，\n主人必定是個有錢有勢的人物。\n牆上掛著精美的肖像畫；珍稀瓷器\n擺在訂製的小架子上；正中央，\n一座造型獨特的花瓶，端坐在\n宏偉的底座上。
msg:70611	[title33][sentence]\n你猜這間富麗堂皇的會客室，\n主人必定是個有錢有勢的人物。\n牆上掛著精美的肖像畫，\n珍稀瓷器則擺在訂製的\n小架子上。
msg:70612	[title18][sentence]\n黑白兩色的磚塊交錯鑲嵌，\n形成整片堅實的大理石地板。
msg:70613	[title19][sentence]\n幾根碩大的柱子雄偉地\n直逼天花板，看起來\n是整塊實心大理石打造。
msg:70614	[title24][sentence]\n這些小巧易碎的茶杯，\n看起來是用極細緻的\n瓷器燒製而成。
msg:70615	[title25][sentence]\n精緻茶杯不是你的菜；\n你比較像用「髒兮兮\n咖啡杯」的那種人。
msg:70616	[title25][sentence]\n這只花瓶雖然漂亮，\n但和史東上校給你的\n描述對不上。
msg:70617	[title26][sentence]\n三幅手繪油畫裝點著\n房間的北牆。這幾位\n紳士似乎頗有家族\n相似之處，但你一個\n也不認得。每幅肖像\n下方都有名牌。
msg:70618	[title20][sentence]\n由左到右分別寫著：\n「噴沫Ｔ‧大尾魚」、\n「Ｗ‧粗管‧大尾魚」、\n以及「班傑明‧深樁‧\n大尾魚」。這幾位的\n眼神都透著狡詐，讓你\n確信這是三代政客\n的畫像。
msg:70619	[title29][sentence]\n好幾幅肖像畫和瓷器\n裝飾著這間奢華會客室\n的牆面。你總覺得，\n牆頂那排裝飾用的\n金屬釘子有點不對勁。
msg:70620	[title19][sentence]\n一只可愛的紫水晶花瓶，\n端坐在裝飾底座上。
msg:70621	[title20][sentence]\n沒了花瓶擺在上頭，\n這座底座看起來怪怪的。
msg:70622	[title22][sentence]\n瓶子擺在這華麗的\n底座上顯得格格不入，\n但它確實騙過了\n保全系統。
msg:70623	[title27][sentence]\n你早就對傳送器\n瞭若指掌了。不過\n這一台，是你見過\n裝潢最有品味的\n傳送器，顯然是\n私人擁有的。
msg:70624	[title19][sentence]\n就是這個！你欣喜若狂，\n終於伸手就能碰到史東\n上校的寶貝花瓶了！\n光線在淡紫色的\n水晶中閃爍。
msg:70625	[title27][sentence]\n好個保全系統。花瓶才剛\n離開底座，你就撞上一場\n「六道雷射光束」的悲劇\n意外。你只剩幾秒鐘可以\n反省人生，然後——你那\n具燒焦的軀體就領便當了。
msg:70626	[title25][sentence]\n這樣行不通，\n[noun1]太重了。
msg:70627	[title25][sentence]\n這樣行不通，\n[noun1]太輕了。
msg:70628	[title21][sentence]\n很不幸，瓶子太輕了。\n你正細細品味自己這個\n「重大」失誤，胸腔深處\n已經裊裊冒出縷縷輕煙。
msg:70629	[title25][sentence]\n很不幸，瓶子太重了。\n你只剩短短片刻反省\n這個錯誤，然後你那顆\n燒焦的心臟，就會發出\n最後一聲悶響。
msg:70630	[title32][sentence]\n終於！歷經千辛萬苦，\n你終於把史東上校的\n寶貝花瓶抓在手裡了！\n七萬五千銀河幣能做的\n事，一一在你腦中閃過：\n一艘新船、蘿莉塔、\n用不完的柴火、蘿莉塔……
msg:70631	[title32][sentence]\n那樣做相當愚蠢，\n畢竟你才剛費盡\n千辛萬苦，繞過了\n那套精密的保全系統。
msg:70632	[title32][sentence]\n瓶子現在穩穩擺在底座\n上，裡頭的水量似乎\n剛好能騙過保全系統。\n你曾在某部電影裡看過\n這招，慶幸自己這次\n抓對了份量——畢竟你\n可不想被一顆巨石\n追著滿屋子跑。
msg:60411	[title27][sentence]\n你站在城市邊緣，\n在巨大的圓柱形\n外牆下方，一扇大型\n玻璃觀景窗前。
msg:60412	[title30][sentence]\n望著外頭的海洋，\n你停下腳步思考了\n一下。這座城市的\n工程技術真讓你驚嘆\n——竟然能在海平面\n「以下」的火山口裡\n蓋出一整座都市，\n真是了不起的成就。
msg:60413	[title26][sentence]\n望著外頭的海洋，\n你停下腳步思考了\n一下。這座城市的\n工程技術真讓你驚嘆\n——竟然能在海平面\n以下的火山口裡蓋出\n一整座都市，真是\n了不起的成就。水裡\n似乎有什麼東西，\n對你產生了興趣。
msg:60414	[title27][sentence]\n你站在圓柱形\n外牆的底部。觀景窗\n嵌進牆裡，看來\n這道牆相當厚實。
msg:60415	[title21][sentence]\n你這輩子再也\n不想多看一眼\n通風口了。
msg:60416	[title22][sentence]\n這個指示器正發出\n一個指示，指示著\n某件事，而那件事\n本身又指示著別的\n事。至於那個指示\n到底在指示什麼，\n你完全一頭霧水。
msg:60417	[title22][sentence]\n這座雕塑看起來\n像個立方體，上面\n黏了一道閃電。你\n完全看不懂這個\n造型有什麼意義。
msg:60418	[title20][sentence]\n這是你搭來的車。\n看起來和你剛到時\n一模一樣。
msg:60419	[title22][sentence]\n雕像下方的小噴泉\n目前沒有運作。\n池子裡的水大概\n已經死水一灘了。
msg:60420	[title27][sentence]\n想想看：如果你要\n把觀景窗炸掉，是不是\n該先確定自己能逃得掉？\n在手裡引爆炸彈，\n對你的膚質可不會\n有什麼好處。
msg:60421	[title29][sentence]\n你小心翼翼地把\n定時炸彈放在窗前的\n小平台上。你把計時器\n設定成五分鐘，但當它\n從4：49跳到4：02時，\n你不禁緊張了起來。\n這個計時器一定有點\n秀逗——你現在最好\n立刻找地方躲起來！
msg:60422	[title17][sentence]\n你不覺得現在\n該閃人了嗎？
msg:60423	[title25][sentence]\n你小心翼翼地\n拆除定時炸彈，\n把它塞回口袋裡。
msg:60424	[title32]新手等級警告\n小心！炸掉那扇窗，會讓\n你走上一條無法回頭的路。\n你現在還沒蒐集齊解開\n遊戲下一段謎題所需的\n東西，現在炸掉窗戶會讓\n你無法過關。回去仔細\n搜索，等你覺得準備好了，\n再回來把炸彈放到平台上\n試試看。特別要記得，\n帶點好吃的東西去餵\n那隻海怪。
msg:60425	[title32]進階等級警告\n小心！炸掉那扇窗，會讓\n你走上一條無法回頭的路。\n如果你還沒找齊解開\n遊戲下一段謎題所需的\n東西，現在炸掉窗戶會讓\n你無法過關。因此我們\n建議你現在先存檔，\n然後再次下達這個指令\n來放置炸彈。這樣一來，\n萬一卡關，你還能回到\n這裡，找齊你需要的\n額外物品。\n
msg:70210	[title26][sentence]\n你站在這座小型\n維修平台的東半邊。\n一堆骨頭散落在\n傳送器入口周圍。
msg:70211	[title27][sentence]\n城市的邊緣顯然\n就是火山口的頂端。\n你站著的這一小段\n路面經過鋪設，\n你猜這裡應該是\n個維修平台。
msg:70212	[title26][sentence]\n你完全想不透，\n這塊水泥磚到底\n有什麼用途。
msg:70213	[title25][sentence]\n一圈火成岩錐\n環繞著城市邊緣。\n陽光溫暖地灑在\n它坑坑疤疤的\n藍紫色表面上。
msg:70214	[title16][sentence]\n你不需要任何浮石。
msg:70215	[title20][sentence]\n西邊你看到\n那部載你來\n這裡的電梯。
msg:70216	[title25][sentence]\n這看起來跟這星球上\n其他傳送器沒兩樣，\n只是裡頭似乎比\n大多數傳送器都暗\n一些。
msg:70217	[title18][sentence]\n一具近乎完整的\n人形骨骸散落在\n傳送器入口附近。\n這一小堆裡有不少\n認得出來的骨頭。
msg:70218	[title18][sentence]\n你小心翼翼地\n從骨堆裡挑了\n一根骨頭撿起來。
msg:70219	[title18][sentence]\n別太貪心，\n你已經有兩根骨頭了。
msg:70220	[title21][sentence]\n這座城市已經\n完全沒入水中。\n
msg:70310	[title25][sentence]\n這下麻煩了。這正是\n先前在城市觀景窗那邊，\n對你的「營養價值」\n表現出興趣的那隻怪獸。\n牠似乎正在盤算你\n到底算開胃菜還是\n主菜。你最好動作\n快一點。
msg:70311	[title27][sentence]\n還有幾塊怪獸的\n殘塊漂浮在水面\n下方。你已經看不到\n你摧毀的那座城市\n的任何痕跡了。
msg:70312	[title25][sentence]\n你現在正跟一隻\n看起來很餓的\n獨眼海怪共用\n同一片水域。與其\n像盤開胃菜一樣\n呆坐在那裡，你\n或許該做點什麼。
msg:70313	[title27][sentence]\n一隻飢餓的\n大型爬蟲類擋住了\n你往北邊看向那棟\n建築的視線。不過\n你現在有比那棟\n建築更緊急的事\n要煩惱。
msg:70314	[title27][sentence]\n你正逐漸接近\n那棟你以為\n看到花瓶的建築。
msg:70315	[title26][sentence]\n北邊那棟建築\n孤零零地聳立在\n波浪之上。城裡\n其他建築全都\n沒入了黑暗的\n水底，什麼也\n看不見。
msg:70316	[title25][sentence]\n很難想像這麼窄\n的一圈邊緣，竟然\n能擋住海水這麼\n多年。不過話說\n回來，這顆星球\n沒有月亮，所以\n沒有潮汐，天氣\n也一直相當溫和。
msg:70317	[title25][sentence]\n那樣做顯然\n沒什麼用。事實上，\n我們就當作你\n沒做過這件事吧。
msg:70318	[title20][sentence]\n那樣做顯然\n沒什麼用。事實上，\n你現在大概\n後悔做了這件事吧，\n是不是？
msg:70319	[title29][sentence]\n這樣做是挺\n有禮貌的，雖然\n沒什麼用。畢竟\n不常見到「主菜」\n還會自備一份\n「開胃菜」。我們\n就當作你沒做過\n這件事吧。
msg:70320	[title20][sentence]\n海怪心滿意足地\n吞下了[noun1]。\n接下來呢？
msg:70321	[title26][sentence]\n太好了！你有\n看到嗎！？那隻\n怪獸絕對不會\n再來煩你了。你\n從臉頰上抹掉\n一顆淋巴結，\n從座位上撿起\n一片舌頭，然後\n坐回原位。
msg:70322	[title26][sentence]\n太好了！你有\n看到嗎！？那隻\n怪獸絕對不會\n再來煩你了。
msg:70323	[title32][sentence]\n瓶子已經滿了，\n笨蛋。
msg:70324	[title32]瓶子四分之一滿\n你小心舀了一點\n水進瓶子裡，只\n裝到四分之一滿。\n瓶子摸起來還是\n輕輕的，挺舒服。
msg:70325	[title32]瓶子半滿\n你舀了些水進\n瓶子裡，小心\n只裝到一半。\n瓶子現在感覺\n重了一些，但\n還不至於難以\n攜帶。
msg:70326	[title32]瓶子四分之三滿\n你舀了些水進\n瓶子裡，小心只\n裝到四分之三滿。\n瓶子現在感覺\n重了不少，開始\n有點難以攜帶了。
msg:70327	[title32]瓶子全滿\n你舀了大量的水\n進瓶子裡，一路\n裝到頂。你滿意地\n注意到，瓶子現在\n重得不得了。
msg:70410	[title20][sentence]\n你摧毀的那座\n城市，深深\n沉在水底下。
msg:70411	[title19][sentence]\n你正逐漸接近\n那棟你以為\n看到花瓶的建築。
msg:70412	[title20][sentence]\n那棟孤零零的\n建築，突出在\n水面之上。
msg:70413	[title25][sentence]\n很難想像這麼窄\n的一圈邊緣，竟然\n能擋住海水這麼\n多年。不過話說\n回來，這顆星球\n沒有月亮，所以\n沒有潮汐，天氣\n也一直相當溫和。
msg:70414	[title21][sentence]\n一小片漂流\n殘骸，隨著水面\n載浮載沉。
msg:70415	[title18][sentence]\n你小心不讓\n船翻覆，伸手\n撿起了瓶子。
msg:70416	[title20][sentence]\n你看到南邊\n漂著幾小塊\n海怪的殘骸。
msg:70417	[title16][sentence]\n（呵欠）你……嗯……\n盯著……（呵欠）……\n天空……看了好\n……一會兒。\n
msg:70511	[title17][sentence]\n你摧毀的那座\n城市，深深\n沉在水底下。
msg:70512	[title25][sentence]\n很難想像這麼窄\n的一圈邊緣，竟然\n能擋住海水這麼\n多年。不過話說\n回來，這顆星球\n沒有月亮，所以\n沒有潮汐，天氣\n也一直相當溫和。
msg:70513	[title18][sentence]\n往南你可以\n看到遠處的\n維修平台。
msg:70514	[title16][sentence]\n（呵欠）你……嗯……\n盯著……（呵欠）……\n天空……看了好\n……一會兒。
msg:70515	[title22][sentence]\n這裡想必曾是\n總督的頂樓套房。\n三扇窗戶中有一扇\n是開著的，透過它\n你看到一間裝潢\n奢華的會客室。
msg:70516	[title21][sentence]\n窗戶是開著的，\n大到你可以\n直接跳進去。\n\n
msg:70710	[title16][sentence]\n你幾乎什麼\n都看不到。
msg:70711	[title19][sentence]\n這個鍵盤上\n有十二個按鍵。\n除了0到9的\n數字鍵之外，\n還有「笑臉」和\n「哭臉」鍵。
msg:70712	[title25][sentence]\n這台輸入裝置\n的複雜程度，\n大概跟一台\n口袋型計算機\n差不多。慢慢來，\n你遲早會搞懂的。
msg:70713	[title22][sentence]\n這是一把鑰匙。\n提示：大小跟\n人類的指尖差不多。
msg:70714	[title17][sentence]\n你站在一台\n外星傳送裝置裡。\n
msg:75210	[title33][sentence]\n你站的地方，想必是\n俯瞰城市的一座維修\n平台。眼前是令人屏息\n的城市全景，展現出\n這座詭異雙層結構的\n全貌。看來，整座城市\n都是建在一座巨大的\n死火山口內部。遙遠\n下方，你看到溫暖著\n城市的發光岩漿。你\n身後、城市邊緣之外，\n只有一片汪洋。你駐足\n片刻，讚嘆這項工程\n奇蹟。
msg:75212	[title27][sentence]\n你站的地方，想必是\n俯瞰城市的一座維修\n平台。眼前是令人屏息\n的城市全景，展現出\n這座詭異雙層結構的\n全貌。看來，整座城市\n都是建在一座巨大的\n死火山口內部。遙遠\n下方，你看到溫暖著\n城市的發光岩漿。你\n身後、城市邊緣之外，\n只有一片汪洋。你駐足\n片刻，讚嘆這項工程\n奇蹟，接著你注意到\n自己剛才巧妙轉向的\n那道雷射光束。
msg:75213	[title27][sentence]\n城市的邊緣顯然\n就是火山口的頂端。\n你站著的這一小段\n路面經過鋪設，\n你猜這裡應該是\n個維修平台。
msg:75214	[title26][sentence]\n你完全想不透，\n這塊水泥磚到底\n有什麼用途。
msg:75215	[title25][sentence]\n一圈火成岩錐\n環繞著城市邊緣。\n陽光溫暖地灑在\n它坑坑疤疤的\n藍紫色表面上。
msg:75216	[title16][sentence]\n你不需要任何浮石。
msg:75217	[title20][sentence]\n西邊你看到\n那部載你來\n這裡的電梯。
msg:75218	[title25][sentence]\n這看起來跟這星球上\n其他傳送器沒兩樣，\n只是裡頭似乎比\n大多數傳送器都暗\n一些。
msg:75219	[title32][sentence]\n一具近乎完整的\n人形骨骸散落在\n傳送器入口附近。\n這一小堆裡有\n不少認得出來的\n骨頭。骨堆裡半埋\n著一張護貝過的\n小卡片。
msg:75220	[title18][sentence]\n一具近乎完整的\n人形骨骸散落在\n傳送器入口附近。\n這一小堆裡有\n不少認得出來的\n骨頭。\n
msg:75221	[title18][sentence]\n你小心翼翼地\n從骨堆裡挑了\n一根骨頭撿起來。
msg:75222	[title19][sentence]\n別太貪心。\n你已經有兩根骨頭了。\n
msg:60310	[title29][sentence]\n已知宇宙中\n最俗豔的臥室，\n在你眼前展開。\n你有種感覺，\n布魯斯以前\n一定是個演員。\n牆上掛滿了\n各式各樣的\n劇場紀念品。\n這裡的一切都\n覆蓋著薄薄\n一層灰塵。
msg:60311	[title32][sentence]\n一張蓬鬆的\n羽絨床墊，鋪在\n紫色塑膠模製\n床架上。你是\n有點累，但你\n知道現在該做的\n事，可不是小睡\n一下。而且，你要是\n躺下去，揚起的\n灰塵雲大概會\n把你活活嗆死。
msg:60312	[title29][sentence]\n布魯斯以前\n大概有六頂假髮，\n每一頂都有\n自己的假髮架。\n那些是保麗龍\n做的小人頭模型。
msg:60313	[title20][sentence]\n你沒有任何假髮，\n所以也不需要\n假髮架。
msg:60314	[title26][sentence]\n一篇雜誌評論\n布魯斯首次舞台\n演出的文章。你\n快速瀏覽了一遍，\n只有「……幾乎\n信以為真……」\n和「……還以為\n敵人真的闖進\n來了……」這兩段\n留在你腦海裡。\n這位評論家想必\n很喜歡這場演出，\n給了四顆半星。
msg:60315	[title32][sentence]\n這張護貝裝框\n的戲票上，寫著\n劇名：《愛你的\n敵人》。這張票\n想必是布魯斯\n某一場演出的\n入場券。
msg:60316	[title24][sentence]\n照片裡，首演\n之夜，一位高挑\n女子站在劇院\n門口。你正想\n稱讚她的美腿，\n卻猛然意識到——\n這位是布魯斯。\n你倒抽一口氣，\n尷尬地盯著\n地板好一會兒。
msg:60317	[title27][sentence]\n房間裡的\n各式檯燈，完美\n襯托出這間公寓\n裡到處可見的\n俗氣裝潢。雖然\n難看，但至少\n把房間照得\n很亮。
msg:60318	[title25][sentence]\n從門上方掛的\n那些東西看來，\n布魯斯曾經\n很想當導演。
msg:60319	[title29][sentence]\n牆上到處掛著\n布魯斯穿著\n各種服裝、出席\n各種劇場活動\n的照片。很顯然，\n布魯斯就是\n百看不厭自己。
msg:60320	[title29][sentence]\n你對這些照片\n一點興趣也\n沒有。每個人\n都穿得整整\n齊齊，而且\n裡面也沒有你。
msg:60321	[title25][sentence]\n嗯……雅氛香水。\n很貴的。
msg:60322	[title30][sentence]\n還是算了。\n你比較喜歡\n帶點麝香味的\n東西。
msg:60323	[title20][sentence]\n你撿起那張\n摺起來的小\n紙條，放進\n口袋裡。
msg:60324	[title17][sentence]\n這看起來是\n一張摺起來的\n小紙片，上面\n寫著些什麼。
msg:60325	[title27][sentence]\n轉角桌上，\n你看到一張\n小相框照片和\n一瓶香水噴霧瓶。
msg:60326	[title29][sentence]\n轉角桌上，\n你看到一張\n相框照片、\n一張小紙條，\n還有一瓶\n香水噴霧瓶。
msg:60327	[title21][sentence]\n這座圍著裙邊\n的梳妝台上，\n擺滿了各式\n化妝用品。梳妝台\n角落一個小粉盒，\n吸引了你的目光。
msg:60328	[title21][sentence]\n這座圍著裙邊\n的梳妝台上，\n擺滿了各式\n各樣的化妝用品。
msg:60329	[title25][sentence]\n這是一個\n圓形粉盒，\n裡面有各種\n色號的腮紅\n和一面小鏡子。\n用來上妝的\n刷子似乎\n不見了。
msg:60330	[title32][sentence]\n你撿起粉盒，\n吹掉上面的\n灰塵，闔上後\n塞進口袋。結果\n它馬上又彈開了。\n你判斷這個\n扣鎖大概壞了，\n但還是把粉盒\n留了下來——\n畢竟誰知道\n什麼時候會\n需要鏡子，或是\n換個新色號的\n腮紅呢。
msg:60331	[title21][sentence]\n這些東西，\n看起來就是\n照片裡布魯斯\n穿的那些行頭。
msg:60332	[title29][sentence]\n好啊。你抓起\n那件襯裙穿上，\n純粹為了好玩\n又套上胸罩，\n把羽毛圍巾\n繞在脖子上。\n接著你蹦蹦\n跳跳地衝到\n街上，跳了\n好幾個小時的\n舞。……好啦，\n其實你根本\n沒有。\n
quote:1	完成
quote:2	取消
quote:3	儲存
quote:4	載入
quote:5	洗掉
quote:6	是
quote:7	否
quote:8	確定
quote:9	（空的）
quote:10	錯體奇航 遊戲功能選單
quote:11	儲存進度
quote:12	載入進度
quote:13	其它功能
quote:14	回到目前的遊戲之中
quote:15	回到遊戲主選單
quote:16	錯體奇航 其它功能
quote:17	音樂開關 @
quote:18	音效開關 @
quote:19	操作介面 @
quote:20	物品顯示 @
quote:21	指令與物品視窗 @
quote:22	畫面切換 @
quote:23	故事線 @
quote:24	開
quote:25	關
quote:26	開
quote:27	關
quote:28	標準型
quote:29	簡易型
quote:30	旋轉型
quote:31	靜止型
quote:32	活動型
quote:33	靜止型
quote:34	平滑型
quote:35	中等型
quote:36	快速型
quote:37	限制級
quote:38	輔導級
quote:39	為這個進度取個名字
quote:40	選擇要載入的進度
quote:41	選擇難度
quote:42	新手 — 簡單
quote:43	進階 — 困難
quote:44	專家 — 非常困難
quote:45	儲存完成
quote:46	載入完成
quote:47	儲存失敗
quote:48	載入失敗
quote:49	「船長日誌，啟動。~
quote:50	~船長日誌，結束。」
quote:51	「靠！」
quote:52	「唉唷！」
quote:53	「可是那個瘋女人還在上面啊！」
quote:54	~唉，做的是什麼衰夢啊！
quote:55	~夢到自己被人打下來……
quote:56	~……然後一頭撞進……糟了！
quote:57	「該死！」
quote:58	「啊啊啊……」
quote:59	「嗚啊！
quote:60	「呀！
quote:61	「靠！
quote:62	「嗚咕！
quote:63	「嘎！
quote:64	活了！」
quote:65	「唷呵，辣喔！」
quote:66	「你看這辣妹！」
quote:67	「喔耶，正點！」
quote:68	「你看那對沙鈴！」
quote:69	「你看看『這個』！」
quote:70	「糟了……」
quote:71	「嗨，賓奇。」
quote:72	「你好，雷克斯指揮官。」
quote:73	「粗活？！我？！」
quote:74	「我已經有一條死魚了。」
quote:75	「不需要再一條了。」
quote:76	「不用了，謝謝。」
quote:77	~好吧，那個瘋女人還在上面。
quote:78	~我最好別浮上水面，
quote:79	~另外想辦法上岸。
quote:80	~希望快點找到辦法。這個爛
quote:81	~水中呼吸器咬得我嘴好痛。
quote:82	「噯～」
quote:83	「嗝～」
quote:84	「打嗝！」
quote:85	「有意思……」
quote:86	「耐人尋味……」
quote:87	「太神奇了……」
quote:88	「嗯……」
quote:89	「螃蟹！酷喔！」
quote:90	「嗨！我是雷克斯！」
quote:91	「嗨，我是薩托克斯。」
quote:92	「噁～好臭喔！」
quote:93	「這什麼鬼味道！」
quote:94	「有辱我的嗅覺器官！」
quote:95	「噁爆了！」
quote:96	「臭斃啦！」
quote:97	「這風景，讚！」
quote:98	「哎呀！」
quote:99	「這梯子已經不行了。」
quote:100	「讚啦！」
quote:101	「對，就是這樣，進去吧……」
quote:102	「哇塞！傳送我離開這裡！」
quote:103	「我剛剛好像聽到後面有聲音……」
quote:104	「怪怪的……」
quote:105	「不太對勁……」
quote:106	「該不會有人在跟蹤我吧？」
quote:107	「看起來真好吃！」
quote:108	「咯！」
quote:109	「咕咕。」
quote:110	「咕嚕。」
quote:111	「咯咯咯咯咯！」
quote:112	「嘿呀！」
quote:113	「唔。」
quote:114	「你們這種人，在我們村子不受歡迎。」
quote:115	「呃，不好意思……」
quote:116	「你有沒有看到一個花瓶？」
quote:117	「要不要買艘二手太空船？」
quote:118	「介意我借用一下那隻烤雞嗎？」
quote:119	「我先閃了，掰。」
quote:120	「守護者到底是什麼東西啊？」
quote:121	「早安，守護者。」
quote:122	「衣服不錯喔，守護者。」
quote:123	「你不是應該在別的地方嗎？」
quote:124	「不。」
quote:125	「好啊，守護者，你要什麼就拿去吧。」
quote:126	「反正你每次都這樣。」
quote:127	「再會了，守護者。」
quote:128	「喂！那是我的晚餐耶，守護者！」
quote:129	「那隻猴子到底跑哪去了？」
quote:130	「巴嗚嗚嗚～」
quote:131	唉喲！
quote:132	這傢伙的曲球有夠犀利！
quote:133	你不該惹我的！
quote:134	抓到你了！
quote:135	靠！沒打中！
quote:136	可惡！又沒打中！
quote:137	唔！
quote:138	好，先別動，等我一下……
quote:139	嗨啊，我的毛茸茸好朋友！
quote:140	你聽得懂我說話嗎？
quote:141	呃，我有個小小的請求。
quote:142	把我的DRAM望遠鏡還來！！
quote:143	等等，戰術用錯了……
quote:144	客氣一點，客氣一點……
quote:145	好，你拿了不屬於你的東西……
quote:146	可以把我的望遠鏡還給我嗎，拜託？
quote:147	好啊。
quote:148	現在就還我，你這隻惹人厭的雜碎！！！
quote:149	呸！
quote:150	呦呦，你抓不到我——
quote:151	唉喲！
quote:152	切！
quote:153	呀啊啊啊！
quote:154	嘿嘿！
quote:155	嘿嘿！嘿嘿！
quote:156	啊——呀！
quote:157	吼！吼！
quote:158	喔——！
quote:159	唔！
quote:160	唉喲！
quote:161	唔……日誌，開始記錄。
quote:162	什麼鬼……喂！
quote:163	那隻死猴子拿走我的望遠鏡了！
quote:164	日誌，結束記錄。我要給他點顏色瞧瞧！
quote:165	唔……日誌，開始記錄。
quote:166	唔……啊……
quote:167	哇塞，超痛的！
quote:168	日誌，結束記錄。她們大概很討厭男人吧！
quote:169	我已經有一個了。
quote:170	我不需要再一個了。
quote:171	呃……哈囉？
quote:172	不用了，謝謝。
quote:173	不，我不要那個。
quote:174	不用了，你自己留著吧。
quote:175	太好了，又是個變體人。
quote:176	~我要的是『真男人』。
quote:177	又是你，這次要幹嘛？
quote:178	什麼！？！
quote:179	什麼！？！我說我要的是『真男人』。
quote:180	『變體人』是什麼？
quote:181	我就是『真男人』！
quote:182	妳的星座是什麼啊，寶貝？
quote:183	（我們能不能直接上床，拜託？）
quote:184	呃，嘿嘿，當我沒說……
quote:185	喔，少來，你十分鐘前也不是女人啊。
quote:186	~性別被搞來搞去是什麼滋味啊，守護者？
quote:187	『搞』？『守護者』？你在說什麼啊？
quote:188	小姐，我是船難漂流到這裡的。妳有看到花瓶嗎？
quote:189	小姐，你腦子秀逗了喔。掰。
quote:190	你們的變性裝置根本是詛咒。
quote:191	~你們守護者應該去找『真男人』來，
quote:192	~別在那邊玩什麼蠢機器。
quote:193	可是我就是『真男人』啊！
quote:194	我真的搞不懂，『變性裝置』是什麼東西？
quote:195	真好。我可以摸摸妳的頭髮嗎？
quote:196	好啊，沒問題，我馬上去辦。
quote:197	去跳崖啦。
quote:198	去坐棍子啦。
quote:199	去插貝殼裡啦。
quote:200	去插沙子裡啦。
quote:201	去吸螃蟹啦。
quote:202	你知道嗎，你們守護者用那台蠢機器
quote:203	~假裝自己是男人，我覺得很變態。
quote:204	我不是這裡的人——我也不是什麼『守護者』。
quote:205	我們來假扮亞當和夏娃吧！
quote:206	我們可以進去裡面聊嗎？
quote:207	我得考慮一下，先這樣，掰。
quote:208	是喔？我看你就是個守護者。
quote:209	~你怎麼可能是『真男人』？
quote:210	~這整個星球上早就沒剩半個了！
quote:211	我不是這星球的人，是船難漂流到這裡的。
quote:212	妳不穿衣服的時候有多高啊？
quote:213	我不是什麼真男人啦，我只是個軟腳蝦，抱歉。
quote:214	那你得證明給我看！
quote:215	~那，什麼是扭力扳手？
quote:216	老海盜用來罵頑固女人的說法。
quote:217	用來鎖緊送子鳥的扳手。
quote:218	用來測量鎖緊螺栓時所施加扭力的裝置。
quote:219	用來開紅酒瓶的工具。
quote:220	呃，這個我再回覆妳，掰。
quote:221	算你矇對了。好，換一題難的：
quote:222	~擺餐桌的時候，叉子要放哪邊？
quote:223	左邊。
quote:224	右邊。
quote:225	從廚房丟出去，落到哪就算哪。
quote:226	唉唷，我哪知道。
quote:227	呃，這個我再回覆妳，掰。
quote:228	哇！是『真男人』耶！！！
quote:229	~你說你叫雷克斯？
quote:230	~過來，雷克斯。我帶你看看我的小屋。
quote:231	嘿，這小屋還挺不錯的。
quote:232	你看，一張床！
quote:233	雷克斯，我有東西要給你看。
quote:234	過來吧，『真男人』先生。
quote:235	哇咧！
quote:236	說得對，人渣！像根香蕉一樣，剝皮走人！
quote:237	啊——舒服多了。
quote:238	沒法再這樣了，我已經空了。
quote:239	來看看能不能把這格柵打開。
quote:240	再拼一次吧。
quote:241	哇塞！我還真的辦到了！
quote:242	不過這把手術刀是報銷了。
quote:243	好啦，我又回到這裡了。
quote:244	嘎啊——喔！
quote:245	嗚喔喔喔——！
quote:246	啊啊啊啊！
quote:247	嗯嗯嗯嗯——！
quote:248	喀滋——喀滋！
quote:249	喔啊——喀！
quote:250	我要是走出去，那些守衛會看到我！
quote:251	糟了，這個好像壞了。
quote:252	這東西壞了。
quote:253	搞什麼……？！
quote:254	嘎嗚——啊喔！
quote:255	這隻手臂，我看還是留在這裡好了……
quote:256	有夠臭！
quote:257	靠。
quote:258	耶！
quote:259	耶！
quote:260	噓——
quote:261	喂！
quote:262	嘿！
quote:263	喂，隔壁那位！
quote:264	對，就是在說你！
quote:265	過來一下。
quote:266	我想跟你聊聊。
quote:267	老兄！你在嗎？
quote:268	在，我還在。
quote:269	呃，哈囉？
quote:270	嘿，兄弟！
quote:271	嘿，你會講話啊。
quote:272	~你是男的，對吧？
quote:273	老兄，我問你話呢。
quote:274	~你是不是男的？
quote:275	對，我是男的。
quote:276	不是，我是女的，笨蛋。
quote:277	滾開。
quote:278	隨便你。
quote:279	我猜也是，你看起來就像。
quote:280	~嘿嘿，她們有得玩了。
quote:281	我聽得到啦，老兄。
quote:282	你是誰？
quote:283	這裡是什麼地方？
quote:284	地面上那些美女是誰啊？
quote:285	那男人都跑哪去了？
quote:286	那個瘋子醫生是怎麼回事？
quote:287	這裡有辦法出去嗎？
quote:288	你隔壁牢房那東西是什麼？
quote:289	我來想辦法把咱倆弄出去。
quote:290	好啦，聊得很愉快。
quote:291	好啊，隨你便。
quote:292	叫我巴德就好，
quote:293	~我的真名你唸不出來。
quote:294	~我是另一個星區來的探險家，
quote:295	~當時正在勘查這個星系，
quote:296	~卻測到一個不該出現的質量訊號。
quote:297	~下一秒，一艘大船解除隱形
quote:298	~直接對我開火。他們在我的
quote:299	~逃生艙裡找到昏迷的我，把我帶了下來。
quote:300	~那是一個月前的事了，
quote:301	~現在我滿腦子只想著怎麼離開這裡。
quote:302	這裡是個地下小型設施，
quote:303	~住著一群自稱『守護者』的女人。
quote:304	~我對這地方所知不多，
quote:305	~都是偷聽守衛講話學來的。
quote:306	~看樣子這裡沒有男性人類，
quote:307	~所以我懂她們幹嘛盯上你了。
quote:308	這我還沒搞懂。
quote:309	~我聽人提過『大戰』，
quote:310	~但不知道她們在講什麼。
quote:311	~我有夠討厭這個鬼地方。
quote:312	你是說親愛的史萊奇醫師，
quote:313	~那位可真是位『淑女』。
quote:314	~她把我修理了一頓，讓我永生難忘。
quote:315	~算我走運，我離人類差得遠，
quote:316	~不然大概也會跟你一樣，淪為種畜。
quote:317	~真希望能早點離開這裡。
quote:318	要是有辦法，我還會待在這？
quote:319	~我什麼都試過了。只要能突破
quote:320	~這道力場，我一定讓那些守衛
quote:321	~見識一下，把有智慧的生物
quote:322	~關進籠子是什麼下場。
quote:323	~誰擋在我跟傳送器中間，通通殺給她們看。
quote:324	守護者管牠們叫『家畜』，
quote:325	~大概是指種畜的意思。
quote:326	~真搞不懂沒男人她們怎麼一直生的。
quote:327	~我真的得離開這裡。
quote:328	不管他是什麼東西，反正很餓，
quote:329	~也把我惹毛了。我聽夠了整天的
quote:330	~尖叫聲跟咀嚼聲。
quote:331	~我叫他安靜點，他理都不理。
quote:332	~他還問我是白肉還是黑肉。
quote:333	~要是讓我掙脫，我一定
quote:334	~把他扁到不成人形。
quote:335	謝了，老兄。要是你能把我
quote:336	~弄出這牢籠，我就能收拾那些
quote:337	~守衛跟她們那些破機器。
quote:338	快把我弄出去啦。
quote:339	回頭見。
quote:340	喂，兄弟！這邊上面！
quote:341	沒問題。
quote:342	太好了！你成功爬進通風管了！
quote:343	~現在去找找看力場的
quote:344	~控制裝置，把我弄出去！
quote:345	嗨！我叫雷克斯！
quote:346	哈囉？
quote:347	你……會……講……英文……嗎？
quote:348	小心點，上禮拜我們才
quote:349	因為那東西死了一個守衛。
quote:350	我會小心的，長官。
quote:351	那麼，你有沒有
quote:352	~心臟病史？
quote:353	那麼，我再問一次，
quote:354	~你有沒有心臟病史？
quote:355	那麼，這是最後一次問，
quote:356	~你到底有沒有心臟病史？
quote:357	有，心臟有點雜音。
quote:358	沒有，這顆老心臟勇得很。
quote:359	不知道欸，妳自己檢查看看啊。
quote:360	呃，我認識個臍帶星九號來的辣妹……
quote:361	真的啦！那辣妹超麻煩一個的！
quote:362	老實說，她長得跟妳有夠像……
quote:363	啊——你的腎臟
quote:364	~或肝臟有什麼毛病嗎？
quote:365	我再問一次，
quote:366	~你的腎臟或肝臟有問題嗎？
quote:367	這是最後一次問，
quote:368	~你到底腎臟或肝臟有沒有問題？
quote:369	有，還不少。
quote:370	沒有，至少我不知道。
quote:371	我不記得了。
quote:372	妳是醫生，妳應該比我清楚。
quote:373	去跳海啦。
quote:374	少囉唆，滾啦！
quote:375	你的肚臍
quote:376	~是凹的還是凸的？
quote:377	我再問一次，
quote:378	~你的肚臍是凹的還是凸的？
quote:379	這是最後一次問，
quote:380	~你的肚臍到底是凹是凸？
quote:381	凹的。
quote:382	凸的，還挺自豪的咧！
quote:383	忘了，來看看吧。
quote:384	算了，我什麼都不說。
quote:385	我還是什麼都不說。
quote:386	給我去坐旗桿啦！！
quote:387	好啦，『哈囉，棒子先生。』滿意了嗎？
quote:388	啊——謝謝你的
quote:389	~配合。
quote:390	我是史萊奇醫師，現在要開始
quote:391	~一連串的問題。你如果配合，
quote:392	~事情會很輕鬆；如果不配合，
quote:393	~嘛……那就會更好玩一點。
quote:394	歡迎回來。我要再問你一次，
quote:395	~一連串的問題。
quote:396	不好意思。
quote:397	嗨。
quote:398	咳咳。
quote:399	什麼？
quote:400	嘿！別碰那個！
quote:401	我在哪裡？
quote:402	檢查！？什麼檢查？
quote:403	種畜？聽起來也沒那麼糟嘛。
quote:404	你們要我幹嘛？
quote:405	『錯體機』到底是什麼東西？
quote:406	男人都跑哪去了？
quote:407	那『變體人』又是什麼？
quote:408	妳是誰？
quote:409	可以幫我鬆綁嗎？
quote:410	妳知道那個珍貴花瓶的事嗎？
quote:411	可以跟我說說這些藝術收藏嗎？
quote:412	算了。
quote:413	（作弊選項）。
quote:414	你現在人在我們的醫療設施裡，
quote:415	~等著接受檢查。
quote:416	我們得先確認，你的基因
quote:417	~夠不夠資格跟我們混種。
quote:418	~及格的話，你就去當種畜；
quote:419	~不及格的話，
quote:420	~你就去當肥料。
quote:421	你大概會滿享受的。不過
quote:422	~第六百次到第八百次之間，
quote:423	~可能會有點不太舒服。
quote:424	~當然，第二天更慘。
quote:425	因為我們得延續種族。
quote:426	~既然這裡沒有男人，
quote:427	~我們就只能動用
quote:428	~那台可怕的錯體機，
quote:429	~不然就抓像你這種
quote:430	~偶爾出現的外地人。
quote:431	那是一台能把使用者
quote:432	~性別轉換的機器。用它
quote:433	~等於是自貶身分，但這是
quote:434	~延續種族唯一的辦法。
quote:435	~只可惜藥效退得毫無
quote:436	~規律，所以偶爾會出現
quote:437	~一些尷尬的場面。
quote:438	他們在我們打贏那場
quote:439	~『性別大戰』之後全死光了。
quote:440	~多虧了錯體機，我們
quote:441	~再也不需要他們那些骯髒東西。
quote:442	~當然，像你這種寵物，偶爾還是有點用處。
quote:443	『變體人』是村民對
quote:444	~被錯體機轉換過性別的
quote:445	~守護者的稱呼。他們看不起
quote:446	~我們的機器，還怪我們害
quote:447	~男人絕跡，但他們也有他們的用處。
quote:448	我是史萊奇醫師的助手，
quote:449	~負責幫她準備銳利的器械，
quote:450	~還要收拾她『檢查』完的
quote:451	~爛攤子。這工作挺有趣的，
quote:452	~我很少有機會跟『真男人』說話。
quote:453	抱歉，這個我沒辦法。
quote:454	~雖然我也很想，但你是病人，
quote:455	~我們得先幫你檢查完才行。
quote:456	花瓶？沒有，抱歉，
quote:457	~我對藝術沒什麼研究。
quote:458	~可惜男人都死光了，聽說
quote:459	~他們以前把收藏藝術品
quote:460	~當身分象徵，越有錢收藏越誇張。
quote:461	我看起來像歷史老師嗎？
quote:462	~誰收藏過什麼我哪知道，
quote:463	~那是我出生前的事了。
quote:464	好啊。
quote:465	糟了，我猜又是
quote:466	~派羅教授在搞事。我最好
quote:467	~去看看發生什麼事，你留在這裡。
quote:468	不錯……
quote:469	才怪，才不好咧！
quote:470	真漂亮……
quote:471	嗨！我叫雷克斯！
quote:472	雷克斯？是喔。
quote:473	這名字取得還真有男子氣概。
quote:474	跟你聊天真是愉快啊！
quote:475	拜託，我只是想聊聊天而已。
quote:476	祝你有美好的一天……
quote:477	聽得懂我在講什麼嗎，齁？
quote:478	閃啦，辣妹！
quote:479	怎麼不搬張凳子坐？
quote:480	謝謝你
quote:481	幫我修好了，海爾嘉。
quote:482	要調酒
quote:483	還是要一整瓶？
quote:484	想喝點什麼？
quote:485	要喝啥？
quote:486	要我幫你調點什麼？
quote:487	不行，這款
quote:488	我不會調。
quote:489	蛤？！
quote:490	點個正常一點的吧。
quote:491	沒聽過這玩意兒。
quote:492	好，你要什麼？
quote:493	那要收你75凱德幣。
quote:494	付現，還是刷卡？
quote:495	現在又要幹嘛？
quote:496	洗碗？
quote:497	我們這裡不洗碗的。
quote:498	現在滾遠一點，你這個遊民！
quote:499	沒問題。
quote:500	什麼？！抱歉，
quote:501	我們這裡不接受以物易物。
quote:502	你到底要不要放棄啊？
quote:503	不收小玩意，付現或刷卡！
quote:504	好啦，隨便你。
quote:505	不行，一瓶那玩意
quote:506	應該夠你喝一個禮拜了，
quote:507	走開啦。
quote:508	我說了，走開！
quote:509	我沒差。
quote:510	有夠麻煩的。
quote:511	我最討厭這些
quote:512	三不五時就秀逗的機器了。
quote:513	才剛修好，
quote:514	馬上又壞給你看。
quote:515	可能還得
quote:516	再修一下才行。
quote:517	我這邊還有一長串
quote:518	故障傳送器的清單，
quote:519	得先
quote:520	修完那些才行。
quote:521	「抱歉啦，甜心，
quote:522	我不跳舞的。」
quote:523	「現在不是時候。」
quote:524	「別鬧了！」
quote:525	「噁！這張椅子上
quote:526	怎麼黏黏的！」
quote:527	「酒保！」
quote:528	「喂，酒保！」
quote:529	「要不要跳支舞啊，正妹？」
quote:530	「來嘛，跳恰恰！」
quote:531	「來搖擺一下吧！」
quote:532	「給我一杯調酒。」
quote:533	「好啦，那就給我一瓶。」
quote:534	「我要一杯『大鐵鎚』，像血腥瑪麗那攤調的一樣。
quote:535	「我要一杯『大鐵鎚』，
quote:536	像血腥瑪麗那攤調的一樣。」
quote:537	「給我一杯『火燒兔』。」
quote:538	「我要一杯『抹布特調』。」
quote:539	「給我來一杯『茅坑迷霧』。」
quote:540	「算了。」
quote:541	「來一杯加檸檬的『滴答痰盂』如何？」
quote:542	「來一杯加檸檬的
quote:543	『滴答痰盂』如何？」
quote:544	「我要一杯加冰塊的『火燒小貓』。」
quote:545	「我要一杯加冰塊的
quote:546	『火燒小貓』。」
quote:547	「給我一杯『嗑藥神父』。」
quote:548	「我要一杯純的『嘔吐物一灘』。」
quote:549	「我要一杯純的『嘔吐物
quote:550	一灘』。」
quote:551	「給我一杯『香脆青蛙』，骨頭別去掉。」
quote:552	「給我一杯『香脆青蛙』
quote:553	骨頭別去掉。」
quote:554	「我要來一杯加冰的『沙鼠果昔』。」
quote:555	「我要來一杯加冰的
quote:556	『沙鼠果昔』。」
quote:557	「來一杯『健忘跳傘客』正對胃口。」
quote:558	「來一杯『健忘跳傘客』
quote:559	正對胃口。」
quote:560	「我要一杯『熱騰騰大便』，麻煩搖勻，不要攪拌
quote:561	「我要一杯『熱騰騰大便』
quote:562	麻煩搖勻，不要攪拌。」
quote:563	「有金星白蘭地嗎？」
quote:564	「安多利亞魷魚膽汁如何？」
quote:565	「有崔布球果汁蒸餾伏特加嗎？」
quote:566	「給我來點哈利科特腎臟花蜜。」
quote:567	「不用了，謝謝。」
quote:568	「呃，我可以用洗碗抵帳嗎？」
quote:569	「可以刷這張信用晶片嗎？」
quote:570	「要不要拿這個很酷的計時器跟你換？」
quote:571	「要不要拿這個很酷的
quote:572	計時器跟你換？」
quote:573	「這副望遠鏡你要不要？」
quote:574	「錢？啊……那我先閃了。」
quote:575	「謝啦。」
quote:576	「麻煩給我一小杯威士忌。」
quote:577	「來一杯你們家最頂級的穀物烈酒，加冰塊。
quote:578	「算了，我現在好像沒那麼想喝了。」
quote:580	「有人說這酒很烈——」
quote:581	「所以千萬小心。」
quote:582	「那要收你14.75信用點。」
quote:583	「晶片還你。」
quote:584	「喂！酒保！」
quote:585	「來一杯如何？」
quote:586	「答得好。」
quote:587	「要不要先坐下？」
quote:588	「我說了，坐下！」
quote:589	「抱歉，我得先扣住你的晶片。」
quote:590	「噁！這張椅子上怎麼黏黏的！」
quote:591	「唉唷！」
quote:592	「糟了。」
quote:593	「嘿，你看！」
quote:594	加入一滴外星酒。
quote:595	加入一滴卵磷脂。
quote:596	加入一滴福馬林。
quote:597	加入一滴貝托克斯。
quote:598	加入少許外星酒。
quote:599	加入少許卵磷脂。
quote:600	加入少許福馬林。
quote:601	加入少許貝托克斯。
quote:602	加入一潑外星酒。
quote:603	加入一潑卵磷脂。
quote:604	加入一潑福馬林。
quote:605	加入一潑貝托克斯。
quote:606	加入一大坨外星酒。
quote:607	加入一大坨卵磷脂。
quote:608	加入一大坨福馬林。
quote:609	加入一大坨貝托克斯。
quote:610	算了。
quote:611	「……還有一大坨外星酒……」
quote:612	「……還有一大坨福馬林……」
quote:613	「……還有一大坨卵磷脂……」
quote:614	「……還有一大坨貝托克斯……」
quote:615	「……還有少許外星酒……」
quote:616	「……還有少許福馬林……」
quote:617	「……還有少許卵磷脂……」
quote:618	「……還有少許貝托克斯……」
quote:619	「……還有一潑外星酒……」
quote:620	「……還有一潑福馬林……」
quote:621	「……還有一潑卵磷脂……」
quote:622	「……還有一潑貝托克斯……」
quote:623	「……還有一滴外星酒……」
quote:624	「……還有一滴福馬林……」
quote:625	「……還有一滴卵磷脂……」
quote:626	「……還有一滴貝托克斯……」
quote:627	「來看看這個有什麼效果。」
quote:629	「噁。」
quote:630	「噁。看來這招騙不了它。」
quote:631	「看來這招沒騙成。」
quote:632	「麻煩上樓。」
quote:633	「你這隻髒老鼠……滾出去！」
quote:634	「嘿，賀曼！」
quote:635	「嘿，你！」
quote:636	「嘿，老兄！」
quote:637	「哈囉。」
quote:638	「而我啊……終於做到了……」
quote:639	「我的——————」
quote:640	「路啊——————！」
quote:641	「我能為你
quote:642	做點什麼？」
quote:643	「什麼事啊，
quote:644	年輕人？」
quote:645	「別煩我。」
quote:646	「別傷害我。」
quote:647	「你是誰？」
quote:648	「你在這裡幹嘛？」
quote:649	「這裡怎麼都沒有女人？」
quote:650	「女人不能直接用那台錯體機就好了嗎？」
quote:651	「戰爭？你在說哪場戰爭？」
quote:652	「所以是女人贏了？她們是怎麼辦到的？」
quote:653	這座城市跟這一切有什麼關係？
quote:654	你知道什麼稀世花瓶的事嗎？
quote:655	那你在這裡都幹嘛？
quote:656	你都怎麼到處跑？這裡到處都鎖死了。
quote:657	那張識別證可以借我一下嗎？
quote:658	我幫你找找電池吧。
quote:659	算了吧，老兄。電池自己找去。
quote:660	來，這些電池給你。
quote:661	總督的收藏放在哪？
quote:662	回頭見。
quote:664	賀曼‧潑奶……
quote:665	你又是誰？
quote:666	我啊，是在
quote:667	躲那些兇女人。
quote:668	我是雷克斯‧尼布勒，老天賞給全銀河的禮物！
quote:669	我是雷克斯‧尼布勒，太空冒險家兼型男一枚。
quote:670	我是雷克斯‧尼布勒，在這裡船難落難。
quote:671	算了——很高興認識你。
quote:672	你肯定是個真男人。女人
quote:673	才不可能這麼臭屁。
quote:674	太空冒險家喔？那你不是
quote:675	這裡的人。太好了，我還以為你
quote:676	是那些怪女人的其中一個咧。
quote:677	船難喔？那你終究不是
quote:678	那些瘋女人的一員嘛。
quote:679	嗯啊，彼此彼此。
quote:680	這裡還留著不少
quote:681	當年大戰留下的防女保全系統，
quote:682	女人在這座城裡不安全。
quote:683	她們幾乎不會用那玩意兒
quote:684	跑進來這裡。她們有多討厭當男人，
quote:685	寧可放棄整座城市不進來，
quote:686	也不肯當男人——哪怕只當幾個小時。
quote:687	我說的是性別大戰。
quote:688	差不多一百年前，這星球上的
quote:689	兩性打了起來，慘不忍睹。
quote:690	戰爭結束時我還只是個毛頭小子。
quote:691	男人忙著鑽研物理科學的時候，
quote:692	女人則搞起了生物那一套，研發出
quote:693	一種能殺光全星球男人的病毒，
quote:694	而且真的成功了。當然，這也順便讓女人
quote:695	沒辦法再生出男孩。
quote:696	現在她們真的得靠那台
quote:697	錯體機才能延續種族。
quote:698	這裡是猛男城，男人的城市，
quote:699	是在開戰幾年後蓋起來的，
quote:700	當作非戰鬥男性的避難所。
quote:701	當然，到頭來也沒撐住多久。
quote:702	花瓶？要是真的珍稀，那大概
quote:703	是比爾‧大尾魚藝術收藏的一部分。
quote:704	他是我們戰敗那時的總督。
quote:705	聽說他的藝術收藏還挺不錯的。
quote:706	我以前常常到處走走，聽著
quote:707	音樂消磨一整天，可是我的聒噪隨身聽
quote:708	已經一兩個月沒法用了。這座城裡
quote:709	找得到的電池全被我用光了。
quote:710	我好想念我的音樂……好想。
quote:711	這座城裡以前每個人
quote:712	都有張識別證，靠它到處通行。
quote:713	我搞丟了原本那張，只好自己
quote:714	弄了一張。做得是不怎麼樣，但堪用。
quote:715	這樣吧，只要你能幫我
quote:716	找到幾顆電池，這張識別證
quote:717	就給你，拿去裝我這台聒噪隨身聽。
quote:718	太好了。我現在走起路來
quote:719	已經不像以前那麼輕鬆，在這城裡
quote:720	走來走去，最近實在累人。
quote:721	好啊，那你自己
quote:722	想辦法弄識別證吧。
quote:723	哇，太謝謝你了！我終於有音樂聽了！我要
quote:724	傳送回我在林子裡的另一個家，
quote:725	去呼吸點新鮮空氣。這是我答應
quote:726	給你的假證，做得不算頂好，
quote:727	但在這一帶還挺管用的。音樂！讚啦！
quote:728	謝了。等等！我這台
quote:729	聒噪隨身聽要吃四顆電池，你才給我
quote:730	兩顆。拿回去，
quote:731	再多找幾顆來。才兩顆，哼！
quote:732	太好了。等等，這裡面
quote:733	有幾顆是沒電的。拿去，
quote:734	全部拿回去，自己挑出哪些是壞的。
quote:735	我要四顆有電的電池
quote:736	才能聽音樂！沒電的電池，哼！
quote:737	總督以前住在城裡
quote:738	最高的那棟大樓，他的頂樓套房
quote:739	是唯一探出城牆邊緣的東西。我看
quote:740	你現在也去不了了——那一區
quote:741	早就塌光了。可惜你不會飛。
quote:742	好，回頭見。
quote:743	回頭見。
quote:744	咕嚕。
quote:745	汩。
quote:746	咕嘟嚕。
quote:747	咕。
quote:748	哼，你才咕嚕啦！
quote:749	哼，你才汩啦！
quote:750	哼，你才咕嘟嚕啦！
quote:751	哼，你才咕啦！
quote:752	哎唷，你舌頭真大啊！
quote:753	討厭，鎖住了。
quote:754	哇！
quote:755	登楞！
quote:756	嗯，這樣放船下水還真簡單。
quote:757	嗯……船一放下去，就回不去了！
quote:758	喂，臭狗！自己去玩！
quote:759	看看那滿嘴利牙！
quote:760	掰囉，笨蛋！
quote:761	汪！
quote:762	哎呦呦呦——！
quote:763	汪汪！
quote:764	夭壽壽壽壽……痛啊！
quote:765	去撿啦，你這討厭鬼！
quote:766	閃邊去，來福！
quote:767	該死的臭狗！
quote:768	喂，臭狗！接招！
quote:769	開飯啦，狗狗！
quote:770	要被輾扁囉！
quote:771	唔汪！
quote:772	手腳真快嘛，臭狗？
quote:773	鑰匙……門……門……鑰匙！！！
quote:774	來試試看吧！
quote:775	不知道有沒有限制級錄影帶？！
quote:776	嗯……來看看這地方吧。
quote:777	可惡！鎖住了！
quote:778	唉唷，我這腰大概閃到了！
quote:779	呼，總算搞定了！
quote:780	那下面還真深啊！
quote:781	電梯等一下我！
quote:782	這視野還真是壯觀！
quote:783	各位鄉親……看我幹了什麼好事！
quote:784	「要下去嘍！」
quote:785	把瓶子裝到四分之一滿。
quote:786	把瓶子裝到一半滿。
quote:787	把瓶子裝到四分之三滿。
quote:788	把瓶子裝滿到瓶口。
quote:789	算了。
quote:790	「我還是先進去比較好。」
quote:791	「我閃人啦！」
quote:792	「有夠——好玩的啦！」
quote:793	「你看看……」
quote:794	「有裂縫！」
quote:795	「才怪！」
quote:796	「哈！哈！哈！」
quote:797	「有顆眼珠！」
quote:798	「噁心！」
quote:799	「哪有可能！」
quote:800	「臭到爆！」
quote:801	「那是什麼？」
quote:802	「噁！還在滲耶！」
quote:803	「我才不要那個蠢東西。」
quote:804	「幫我帶點『電池』來！」
txr:CREDITS.TXR.5	製作與設計
txr:CREDITS.TXR.6	MATT GRUSON
txr:CREDITS.TXR.8	執行製作人
txr:CREDITS.TXR.9	TED MARKLEY
txr:CREDITS.TXR.11	首席程式設計與技術總監
txr:CREDITS.TXR.12	BRIAN REYNOLDS
txr:CREDITS.TXR.14	美術指導
txr:CREDITS.TXR.15	KENN NISHIUYE
txr:CREDITS.TXR.17	音樂
txr:CREDITS.TXR.18	JEFFERY L. BRIGGS
txr:CREDITS.TXR.23	設計團隊
txr:CREDITS.TXR.25	遊戲設計 @ MATT GRUSON
txr:CREDITS.TXR.26	\t    @ JEFF CHARLEBOIS
txr:CREDITS.TXR.27	\t    @ TED MARKLEY
txr:CREDITS.TXR.29	雷克斯船長日誌文字 @ STEVE MERETZKY
txr:CREDITS.TXR.31	說明手冊文字 @ DOUG KAUFMAN
txr:CREDITS.TXR.33	遊戲文字 @ JEFF CHARLEBOIS
txr:CREDITS.TXR.34	\t  @ MATT GRUSON
txr:CREDITS.TXR.35	\t  @ BRIAN REYNOLDS
txr:CREDITS.TXR.40	美術團隊
txr:CREDITS.TXR.42	美術指導 @ KENN NISHIUYE
txr:CREDITS.TXR.44	繪圖 @ MIKE GIBSON（首席）
txr:CREDITS.TXR.45	\t @ NICHOLAS RUSKO-BERGER
txr:CREDITS.TXR.46	\t @ KENN NISHIUYE
txr:CREDITS.TXR.48	動畫 @ FRANK FRAZIER（首席）
txr:CREDITS.TXR.49	\t  @ CHARLES SHENTON
txr:CREDITS.TXR.50	\t  @ KEN RACE
txr:CREDITS.TXR.51	\t  @ CINDY LANG-BACHUR
txr:CREDITS.TXR.52	\t  @ KEVIN BOEHM
txr:CREDITS.TXR.53	\t  @ ANNE-MARIE COX
txr:CREDITS.TXR.54	\t  @ JACKIE ROSS
txr:CREDITS.TXR.55	\t  @ PATRICK DOWNEY
txr:CREDITS.TXR.56	\t  @ KENN（又是他）
txr:CREDITS.TXR.58	3-D 動畫 @ MATT GRUSON
txr:CREDITS.TXR.59	\t      @ ANDY LAKEN
txr:CREDITS.TXR.61	3-D 模型 @ FRANK VIVIRITO
txr:CREDITS.TXR.62	\t   @ ANDY LAKEN
txr:CREDITS.TXR.63	\t   @ GINNY SCHMIDT
txr:CREDITS.TXR.64	\t   @ MAX REMINGTON
txr:CREDITS.TXR.66	首席轉描工程師
txr:CREDITS.TXR.67	CHARLES SHENTON
txr:CREDITS.TXR.69	轉描與影像處理工具
txr:CREDITS.TXR.70	MATT GRUSON
txr:CREDITS.TXR.72	轉描建模 @ DREW WILLIAMS
txr:CREDITS.TXR.73	\t\t   @ BONNIE SHEEKS
txr:CREDITS.TXR.74	\t\t   @ CLAIRE BAGBY
txr:CREDITS.TXR.75	\t\t   @ CINDY LANG-BACHUR
txr:CREDITS.TXR.76	\t\t   @ GINNY SCHMIDT
txr:CREDITS.TXR.77	\t\t   @ FRANK FRAZIER
txr:CREDITS.TXR.78	\t\t   @ SARAH FRAZIER
txr:CREDITS.TXR.79	\t\t   @ NICHOLAS RUSKO-BERGER
txr:CREDITS.TXR.80	\t\t   @ IRIS IDOKOGI
txr:CREDITS.TXR.81	\t\t   @ ANNE-MARIE COX
txr:CREDITS.TXR.82	\t\t   @ MIKE GIBSON
txr:CREDITS.TXR.84	尼布勒先生的助理
txr:CREDITS.TXR.85	MURRAY TAYLOR
txr:CREDITS.TXR.87	尼布勒小姐的助理
txr:CREDITS.TXR.88	VICKI FORD
txr:CREDITS.TXR.90	尼布勒先生的特技替身
txr:CREDITS.TXR.91	KEN RACE
txr:CREDITS.TXR.93	史東上校的特技替身
txr:CREDITS.TXR.94	JOE HELLESEN
txr:CREDITS.TXR.96	介面動畫腳本
txr:CREDITS.TXR.97	MIKE GIBSON
txr:CREDITS.TXR.98	NICHOLAS RUSKO-BERGER
txr:CREDITS.TXR.103	開發團隊
txr:CREDITS.TXR.105	首席程式設計與技術總監
txr:CREDITS.TXR.106	BRIAN REYNOLDS
txr:CREDITS.TXR.108	應用程式設計 @ GINNY SCHMIDT
txr:CREDITS.TXR.109	\t\t\t @ PAUL LAHAISE
txr:CREDITS.TXR.111	MADS 系統設計 @ MATT GRUSON
txr:CREDITS.TXR.112	\t\t   @ BRIAN REYNOLDS
txr:CREDITS.TXR.114	MADS 系統工程
txr:CREDITS.TXR.115	BRIAN REYNOLDS
txr:CREDITS.TXR.117	MicroProse 安裝工具
txr:CREDITS.TXR.118	BRIAN REYNOLDS
txr:CREDITS.TXR.120	煉金術士 @ DAVID McKIBBIN
txr:CREDITS.TXR.122	程式瑣務 @ DETMAR PETERKE
txr:CREDITS.TXR.123	\t\t    @ SCOTT PATTERSON
txr:CREDITS.TXR.125	硬體維護 @ MIKE GOMEZ
txr:CREDITS.TXR.126	\t\t     @ SAL VITALE
txr:CREDITS.TXR.130	音效團隊
txr:CREDITS.TXR.132	音效部門管理
txr:CREDITS.TXR.133	KEN LAGACE
txr:CREDITS.TXR.135	音樂作曲
txr:CREDITS.TXR.136	JEFFERY L. BRIGGS
txr:CREDITS.TXR.138	音效程式設計 @ KEN LAGACE
txr:CREDITS.TXR.139	\t\t  @ JIM McCONKEY
txr:CREDITS.TXR.140	\t\t  @ ROLAND RIZZO
txr:CREDITS.TXR.141	\t\t  @ SCOTT PATTERSON
txr:CREDITS.TXR.143	擬音剪輯 @ JIM McCONKEY
txr:CREDITS.TXR.145	配音剪輯 @ SCOTT PATTERSON
txr:CREDITS.TXR.147	配音演出 @ GREG KEMPER
txr:CREDITS.TXR.148	\t     @ PAUL ELLIS
txr:CREDITS.TXR.149	\t     @ SHANNON HEPBURN
txr:CREDITS.TXR.151	驚聲尖叫 @ BRIAN and MATT
txr:CREDITS.TXR.156	品質保證團隊
txr:CREDITS.TXR.158	品保管理 @ AL ROIREAU
txr:CREDITS.TXR.159	\t\t@ MICHAEL CRAIGHEAD
txr:CREDITS.TXR.161	首席測試員 @ FRANK BROWN
txr:CREDITS.TXR.163	遊戲測試 @ BILL BURTON
txr:CREDITS.TXR.164	\t    @ ANDY MAZUREK
txr:CREDITS.TXR.165	\t    @ DAVE ELLIS
txr:CREDITS.TXR.166	\t    @ MIKE CORCORAN
txr:CREDITS.TXR.167	\t    @ MIKE REA
txr:CREDITS.TXR.168	\t    @ MICHAEL CRAIGHEAD
txr:CREDITS.TXR.169	\t    @ AL ROIREAU
txr:CREDITS.TXR.170	\t    @ DAVE OSBORN
txr:CREDITS.TXR.171	\t    @ HARRY TEASLEY
txr:CREDITS.TXR.172	\t    @ TED MARKLEY
txr:CREDITS.TXR.173	\t    @ VAUGHN THOMAS
txr:CREDITS.TXR.174	\t    @ SALLY STALCUP
txr:CREDITS.TXR.175	\t    @ MICHELE ROIREAU
txr:CREDITS.TXR.176	\t    @ DIETZEL BROWN
txr:CREDITS.TXR.181	行銷團隊
txr:CREDITS.TXR.183	《錯體奇航》專案經理
txr:CREDITS.TXR.184	MONIQUE CARON
txr:CREDITS.TXR.186	行銷皇帝
txr:CREDITS.TXR.187	GERRY BLAIR
txr:CREDITS.TXR.189	行銷總監
txr:CREDITS.TXR.190	DEBBIE CHEEK
txr:CREDITS.TXR.192	行銷服務總監
txr:CREDITS.TXR.193	MARY HERRON
txr:CREDITS.TXR.195	行銷服務協調員
txr:CREDITS.TXR.196	BRENDA BLOOMFIELD
txr:CREDITS.TXR.198	美術指導 @ JOHN EMORY
txr:CREDITS.TXR.200	包裝封面美術 @ ERIC OLSON
txr:CREDITS.TXR.202	包裝設計 @ JOHN EMORY
txr:CREDITS.TXR.203	\t       @ MOSHE MILICH
txr:CREDITS.TXR.205	廣告刊登 @ LINDSAY RIEHL
txr:CREDITS.TXR.207	直效郵件企劃 @ LINDSAY RIEHL
txr:CREDITS.TXR.208	\t\t     @ ED KELLY
txr:CREDITS.TXR.210	包裝與廣告文案
txr:CREDITS.TXR.211	KEN HOHMAN
txr:CREDITS.TXR.213	廣告設計 @ FINLEY WEATHERFORD
txr:CREDITS.TXR.215	媒體報導 @ GARY ALMES
txr:CREDITS.TXR.217	800 專線銷售 @ KAREN REITER
txr:CREDITS.TXR.218	\t  @ TERI HAYWARD
txr:CREDITS.TXR.220	雷克斯船長日誌與說明手冊設計
txr:CREDITS.TXR.221	IRIS IDOKOGI
txr:CREDITS.TXR.222	JOE MOREL
txr:CREDITS.TXR.224	雷克斯船長日誌插圖 @ MARK GLIDDEN
txr:CREDITS.TXR.226	公共關係 @ KATHY GILMORE
txr:CREDITS.TXR.231	製作本遊戲期間，沒有任何動物
txr:CREDITS.TXR.232	受傷、致殘、被壓扁、被凌虐、
txr:CREDITS.TXR.233	被丟進垃圾絞碎機、被拿去
txr:CREDITS.TXR.234	測試壓縮機，或以其他方式弄傷。真的。
txr:CREDITS.TXR.236	（CC）為音效卡故障的玩家提供字幕。
txr:ENDING1.TXR.7	尾聲
txr:ENDING1.TXR.8	「暴斃收場」
txr:ENDING1.TXR.10	你一把扳下節流閥，
txr:ENDING1.TXR.11	帶著剛打贏的得意衝進太空，
txr:ENDING1.TXR.12	沒想到
txr:ENDING1.TXR.13	卡爾格少校還埋伏在外頭
txr:ENDING1.TXR.14	等你，這次她一砲精準命中，
txr:ENDING1.TXR.15	正中要害。
txr:ENDING1.TXR.17	真可惜，你一直找不到
txr:ENDING1.TXR.18	能塞進護盾調變器插槽的替換卡。
txr:ENDING1.TXR.20	劇終。
txr:ENDING1.TXR.27	蠢蛋。
txr:ENDING1.TXR.40	[color1=0,45,45]製作與設計
txr:ENDING1.TXR.41	MATT GRUSON
txr:ENDING1.TXR.43	執行製作人
txr:ENDING1.TXR.44	TED MARKLEY
txr:ENDING1.TXR.46	首席程式設計與技術總監
txr:ENDING1.TXR.47	BRIAN REYNOLDS
txr:ENDING1.TXR.49	美術指導
txr:ENDING1.TXR.50	KENN NISHIUYE
txr:ENDING1.TXR.52	音樂
txr:ENDING1.TXR.53	JEFFERY L. BRIGGS
txr:ENDING1.TXR.58	設計團隊
txr:ENDING1.TXR.60	遊戲設計 @ MATT GRUSON
txr:ENDING1.TXR.61	\t    @ JEFF CHARLEBOIS
txr:ENDING1.TXR.62	\t    @ TED MARKLEY
txr:ENDING1.TXR.64	雷克斯船長日誌文字 @ STEVE MERETZKY
txr:ENDING1.TXR.66	說明手冊文字 @ DOUG KAUFMAN
txr:ENDING1.TXR.68	遊戲文字 @ JEFF CHARLEBOIS
txr:ENDING1.TXR.69	\t  @ MATT GRUSON
txr:ENDING1.TXR.70	\t  @ BRIAN REYNOLDS
txr:ENDING1.TXR.75	美術團隊
txr:ENDING1.TXR.77	美術指導 @ KENN NISHIUYE
txr:ENDING1.TXR.79	繪圖 @ MIKE GIBSON（首席）
txr:ENDING1.TXR.80	\t @ NICHOLAS RUSKO-BERGER
txr:ENDING1.TXR.81	\t @ KENN NISHIUYE
txr:ENDING1.TXR.83	動畫 @ FRANK FRAZIER（首席）
txr:ENDING1.TXR.84	\t  @ CHARLES SHENTON
txr:ENDING1.TXR.85	\t  @ KEN RACE
txr:ENDING1.TXR.86	\t  @ CINDY LANG-BACHUR
txr:ENDING1.TXR.87	\t  @ KEVIN BOEHM
txr:ENDING1.TXR.88	\t  @ ANNE-MARIE COX
txr:ENDING1.TXR.89	\t  @ JACKIE ROSS
txr:ENDING1.TXR.90	\t  @ PATRICK DOWNEY
txr:ENDING1.TXR.91	\t  @ KENN（又是他）
txr:ENDING1.TXR.93	3-D 動畫 @ MATT GRUSON
txr:ENDING1.TXR.94	\t      @ ANDY LAKEN
txr:ENDING1.TXR.96	3-D 模型 @ FRANK VIVIRITO
txr:ENDING1.TXR.97	\t   @ ANDY LAKEN
txr:ENDING1.TXR.98	\t   @ GINNY SCHMIDT
txr:ENDING1.TXR.99	\t   @ MAX REMINGTON
txr:ENDING1.TXR.101	首席轉描工程師
txr:ENDING1.TXR.102	CHARLES SHENTON
txr:ENDING1.TXR.104	轉描與影像處理工具
txr:ENDING1.TXR.105	MATT GRUSON
txr:ENDING1.TXR.107	轉描建模 @ DREW WILLIAMS
txr:ENDING1.TXR.108	\t\t   @ BONNIE SHEEKS
txr:ENDING1.TXR.109	\t\t   @ CLAIRE BAGBY
txr:ENDING1.TXR.110	\t\t   @ CINDY LANG-BACHUR
txr:ENDING1.TXR.111	\t\t   @ GINNY SCHMIDT
txr:ENDING1.TXR.112	\t\t   @ FRANK FRAZIER
txr:ENDING1.TXR.113	\t\t   @ SARAH FRAZIER
txr:ENDING1.TXR.114	\t\t   @ NICHOLAS RUSKO-BERGER
txr:ENDING1.TXR.115	\t\t   @ IRIS IDOKOGI
txr:ENDING1.TXR.116	\t\t   @ ANNE-MARIE COX
txr:ENDING1.TXR.117	\t\t   @ MIKE GIBSON
txr:ENDING1.TXR.119	尼布勒先生的助理
txr:ENDING1.TXR.120	MURRAY TAYLOR
txr:ENDING1.TXR.122	尼布勒小姐的助理
txr:ENDING1.TXR.123	VICKI FORD
txr:ENDING1.TXR.125	尼布勒先生的特技替身
txr:ENDING1.TXR.126	KEN RACE
txr:ENDING1.TXR.128	史東上校的特技替身
txr:ENDING1.TXR.129	JOE HELLESEN
txr:ENDING1.TXR.131	介面動畫腳本
txr:ENDING1.TXR.132	MIKE GIBSON
txr:ENDING1.TXR.133	NICHOLAS RUSKO-BERGER
txr:ENDING1.TXR.138	開發團隊
txr:ENDING1.TXR.140	首席程式設計與技術總監
txr:ENDING1.TXR.141	BRIAN REYNOLDS
txr:ENDING1.TXR.143	應用程式設計 @ GINNY SCHMIDT
txr:ENDING1.TXR.144	\t\t\t @ PAUL LAHAISE
txr:ENDING1.TXR.146	MADS 系統設計 @ MATT GRUSON
txr:ENDING1.TXR.147	\t\t   @ BRIAN REYNOLDS
txr:ENDING1.TXR.149	MADS 系統工程
txr:ENDING1.TXR.150	BRIAN REYNOLDS
txr:ENDING1.TXR.152	MicroProse 安裝工具
txr:ENDING1.TXR.153	BRIAN REYNOLDS
txr:ENDING1.TXR.155	煉金術士 @ DAVID McKIBBIN
txr:ENDING1.TXR.157	程式瑣務 @ DETMAR PETERKE
txr:ENDING1.TXR.158	\t\t    @ SCOTT PATTERSON
txr:ENDING1.TXR.160	硬體維護 @ MIKE GOMEZ
txr:ENDING1.TXR.161	\t\t     @ SAL VITALE
txr:ENDING1.TXR.165	音效團隊
txr:ENDING1.TXR.167	音效部門管理
txr:ENDING1.TXR.168	KEN LAGACE
txr:ENDING1.TXR.170	音樂作曲
txr:ENDING1.TXR.171	JEFFERY L. BRIGGS
txr:ENDING1.TXR.173	音效程式設計 @ KEN LAGACE
txr:ENDING1.TXR.174	\t\t  @ JIM McCONKEY
txr:ENDING1.TXR.175	\t\t  @ ROLAND RIZZO
txr:ENDING1.TXR.176	\t\t  @ SCOTT PATTERSON
txr:ENDING1.TXR.178	擬音剪輯 @ JIM McCONKEY
txr:ENDING1.TXR.180	配音剪輯 @ SCOTT PATTERSON
txr:ENDING1.TXR.182	配音演出 @ GREG KEMPER
txr:ENDING1.TXR.183	\t     @ PAUL ELLIS
txr:ENDING1.TXR.184	\t     @ SHANNON HEPBURN
txr:ENDING1.TXR.186	驚聲尖叫 @ BRIAN and MATT
txr:ENDING1.TXR.191	品質保證團隊
txr:ENDING1.TXR.193	品保管理 @ AL ROIREAU
txr:ENDING1.TXR.194	\t\t@ MICHAEL CRAIGHEAD
txr:ENDING1.TXR.196	首席測試員 @ FRANK BROWN
txr:ENDING1.TXR.198	遊戲測試 @ BILL BURTON
txr:ENDING1.TXR.199	\t    @ ANDY MAZUREK
txr:ENDING1.TXR.200	\t    @ DAVE ELLIS
txr:ENDING1.TXR.201	\t    @ MIKE CORCORAN
txr:ENDING1.TXR.202	\t    @ MIKE REA
txr:ENDING1.TXR.203	\t    @ MICHAEL CRAIGHEAD
txr:ENDING1.TXR.204	\t    @ AL ROIREAU
txr:ENDING1.TXR.205	\t    @ DAVE OSBORN
txr:ENDING1.TXR.206	\t    @ HARRY TEASLEY
txr:ENDING1.TXR.207	\t    @ TED MARKLEY
txr:ENDING1.TXR.208	\t    @ VAUGHN THOMAS
txr:ENDING1.TXR.209	\t    @ SALLY STALCUP
txr:ENDING1.TXR.210	\t    @ MICHELE ROIREAU
txr:ENDING1.TXR.211	\t    @ DIETZEL BROWN
txr:ENDING1.TXR.216	行銷團隊
txr:ENDING1.TXR.218	《錯體奇航》專案經理
txr:ENDING1.TXR.219	MONIQUE CARON
txr:ENDING1.TXR.221	行銷皇帝
txr:ENDING1.TXR.222	GERRY BLAIR
txr:ENDING1.TXR.224	行銷總監
txr:ENDING1.TXR.225	DEBBIE CHEEK
txr:ENDING1.TXR.227	行銷服務總監
txr:ENDING1.TXR.228	MARY HERRON
txr:ENDING1.TXR.230	行銷服務協調員
txr:ENDING1.TXR.231	BRENDA BLOOMFIELD
txr:ENDING1.TXR.233	美術指導 @ JOHN EMORY
txr:ENDING1.TXR.235	包裝封面美術 @ ERIC OLSON
txr:ENDING1.TXR.237	包裝設計 @ JOHN EMORY
txr:ENDING1.TXR.238	\t       @ MOSHE MILICH
txr:ENDING1.TXR.240	廣告刊登 @ LINDSAY RIEHL
txr:ENDING1.TXR.242	直效郵件企劃 @ LINDSAY RIEHL
txr:ENDING1.TXR.243	\t\t     @ ED KELLY
txr:ENDING1.TXR.245	包裝與廣告文案
txr:ENDING1.TXR.246	KEN HOHMAN
txr:ENDING1.TXR.248	廣告設計 @ FINLEY WEATHERFORD
txr:ENDING1.TXR.250	媒體報導 @ GARY ALMES
txr:ENDING1.TXR.252	800 專線銷售 @ KAREN REITER
txr:ENDING1.TXR.253	\t  @ TERI HAYWARD
txr:ENDING1.TXR.255	雷克斯船長日誌與說明手冊設計
txr:ENDING1.TXR.256	IRIS IDOKOGI
txr:ENDING1.TXR.257	JOE MOREL
txr:ENDING1.TXR.259	雷克斯船長日誌插圖 @ MARK GLIDDEN
txr:ENDING1.TXR.261	公共關係 @ KATHY GILMORE
txr:ENDING1.TXR.266	製作本遊戲期間，沒有任何動物
txr:ENDING1.TXR.267	受傷、致殘、被壓扁、被凌虐、
txr:ENDING1.TXR.268	被丟進垃圾絞碎機、被拿去
txr:ENDING1.TXR.269	測試壓縮機，或以其他方式弄傷。真的。
txr:ENDING1.TXR.271	（CC）為音效卡故障的玩家提供字幕。
txr:ENDING2.TXR.7	尾聲
txr:ENDING2.TXR.8	「光榮收場」
txr:ENDING2.TXR.10	你一把扳下節流閥，
txr:ENDING2.TXR.11	帶著剛打贏的得意衝進太空，
txr:ENDING2.TXR.12	沒想到
txr:ENDING2.TXR.13	卡爾格少校還埋伏在外頭
txr:ENDING2.TXR.14	等你——這次她鐵了心
txr:ENDING2.TXR.15	不會再失手。
txr:ENDING2.TXR.17	她的第一輪砲擊被
txr:ENDING2.TXR.18	護盾彈開，你這才
txr:ENDING2.TXR.19	意識到——裝上那個
txr:ENDING2.TXR.20	備用護盾調變器，救了你一命。
txr:ENDING2.TXR.22	你趕緊開火反擊，
txr:ENDING2.TXR.23	想引開注意力，趁機
txr:ENDING2.TXR.24	溜過那艘無畏艦。可惜
txr:ENDING2.TXR.25	瞄準電腦還沒修好，
txr:ENDING2.TXR.26	你只能完全靠手動
txr:ENDING2.TXR.27	瞄準——那正是你
txr:ENDING2.TXR.28	最不拿手的項目。
txr:ENDING2.TXR.30	看樣子你的槍法
txr:ENDING2.TXR.31	爛到連穀倉都打不中。
txr:ENDING2.TXR.33	卡爾格的第二輪砲擊
txr:ENDING2.TXR.34	直接貫穿躍遷核心，
txr:ENDING2.TXR.35	引發一場還挺好看的大爆炸。
txr:ENDING2.TXR.37	劇終。
txr:ENDING2.TXR.43	衰。
txr:ENDING2.TXR.58	[color1=0,45,45]製作與設計
txr:ENDING2.TXR.59	MATT GRUSON
txr:ENDING2.TXR.61	執行製作人
txr:ENDING2.TXR.62	TED MARKLEY
txr:ENDING2.TXR.64	首席程式設計與技術總監
txr:ENDING2.TXR.65	BRIAN REYNOLDS
txr:ENDING2.TXR.67	美術指導
txr:ENDING2.TXR.68	KENN NISHIUYE
txr:ENDING2.TXR.70	音樂
txr:ENDING2.TXR.71	JEFFERY L. BRIGGS
txr:ENDING2.TXR.76	設計團隊
txr:ENDING2.TXR.78	遊戲設計 @ MATT GRUSON
txr:ENDING2.TXR.79	\t    @ JEFF CHARLEBOIS
txr:ENDING2.TXR.80	\t    @ TED MARKLEY
txr:ENDING2.TXR.82	雷克斯船長日誌文字 @ STEVE MERETZKY
txr:ENDING2.TXR.84	說明手冊文字 @ DOUG KAUFMAN
txr:ENDING2.TXR.86	遊戲文字 @ JEFF CHARLEBOIS
txr:ENDING2.TXR.87	\t  @ MATT GRUSON
txr:ENDING2.TXR.88	\t  @ BRIAN REYNOLDS
txr:ENDING2.TXR.93	美術團隊
txr:ENDING2.TXR.95	美術指導 @ KENN NISHIUYE
txr:ENDING2.TXR.97	繪圖 @ MIKE GIBSON（首席）
txr:ENDING2.TXR.98	\t @ NICHOLAS RUSKO-BERGER
txr:ENDING2.TXR.99	\t @ KENN NISHIUYE
txr:ENDING2.TXR.101	動畫 @ FRANK FRAZIER（首席）
txr:ENDING2.TXR.102	\t  @ CHARLES SHENTON
txr:ENDING2.TXR.103	\t  @ KEN RACE
txr:ENDING2.TXR.104	\t  @ CINDY LANG-BACHUR
txr:ENDING2.TXR.105	\t  @ KEVIN BOEHM
txr:ENDING2.TXR.106	\t  @ ANNE-MARIE COX
txr:ENDING2.TXR.107	\t  @ JACKIE ROSS
txr:ENDING2.TXR.108	\t  @ PATRICK DOWNEY
txr:ENDING2.TXR.109	\t  @ KENN（又是他）
txr:ENDING2.TXR.111	3-D 動畫 @ MATT GRUSON
txr:ENDING2.TXR.112	\t      @ ANDY LAKEN
txr:ENDING2.TXR.114	3-D 模型 @ FRANK VIVIRITO
txr:ENDING2.TXR.115	\t   @ ANDY LAKEN
txr:ENDING2.TXR.116	\t   @ GINNY SCHMIDT
txr:ENDING2.TXR.117	\t   @ MAX REMINGTON
txr:ENDING2.TXR.119	首席轉描工程師
txr:ENDING2.TXR.120	CHARLES SHENTON
txr:ENDING2.TXR.122	轉描與影像處理工具
txr:ENDING2.TXR.123	MATT GRUSON
txr:ENDING2.TXR.125	轉描建模 @ DREW WILLIAMS
txr:ENDING2.TXR.126	\t\t   @ BONNIE SHEEKS
txr:ENDING2.TXR.127	\t\t   @ CLAIRE BAGBY
txr:ENDING2.TXR.128	\t\t   @ CINDY LANG-BACHUR
txr:ENDING2.TXR.129	\t\t   @ GINNY SCHMIDT
txr:ENDING2.TXR.130	\t\t   @ FRANK FRAZIER
txr:ENDING2.TXR.131	\t\t   @ SARAH FRAZIER
txr:ENDING2.TXR.132	\t\t   @ NICHOLAS RUSKO-BERGER
txr:ENDING2.TXR.133	\t\t   @ IRIS IDOKOGI
txr:ENDING2.TXR.134	\t\t   @ ANNE-MARIE COX
txr:ENDING2.TXR.135	\t\t   @ MIKE GIBSON
txr:ENDING2.TXR.137	尼布勒先生的助理
txr:ENDING2.TXR.138	MURRAY TAYLOR
txr:ENDING2.TXR.140	尼布勒小姐的助理
txr:ENDING2.TXR.141	VICKI FORD
txr:ENDING2.TXR.143	尼布勒先生的特技替身
txr:ENDING2.TXR.144	KEN RACE
txr:ENDING2.TXR.146	史東上校的特技替身
txr:ENDING2.TXR.147	JOE HELLESEN
txr:ENDING2.TXR.149	介面動畫腳本
txr:ENDING2.TXR.150	MIKE GIBSON
txr:ENDING2.TXR.151	NICHOLAS RUSKO-BERGER
txr:ENDING2.TXR.156	開發團隊
txr:ENDING2.TXR.158	首席程式設計與技術總監
txr:ENDING2.TXR.159	BRIAN REYNOLDS
txr:ENDING2.TXR.161	應用程式設計 @ GINNY SCHMIDT
txr:ENDING2.TXR.162	\t\t\t @ PAUL LAHAISE
txr:ENDING2.TXR.164	MADS 系統設計 @ MATT GRUSON
txr:ENDING2.TXR.165	\t\t   @ BRIAN REYNOLDS
txr:ENDING2.TXR.167	MADS 系統工程
txr:ENDING2.TXR.168	BRIAN REYNOLDS
txr:ENDING2.TXR.170	MicroProse 安裝工具
txr:ENDING2.TXR.171	BRIAN REYNOLDS
txr:ENDING2.TXR.173	煉金術士 @ DAVID McKIBBIN
txr:ENDING2.TXR.175	程式瑣務 @ DETMAR PETERKE
txr:ENDING2.TXR.176	\t\t    @ SCOTT PATTERSON
txr:ENDING2.TXR.178	硬體維護 @ MIKE GOMEZ
txr:ENDING2.TXR.179	\t\t     @ SAL VITALE
txr:ENDING2.TXR.183	音效團隊
txr:ENDING2.TXR.185	音效部門管理
txr:ENDING2.TXR.186	KEN LAGACE
txr:ENDING2.TXR.188	音樂作曲
txr:ENDING2.TXR.189	JEFFERY L. BRIGGS
txr:ENDING2.TXR.191	音效程式設計 @ KEN LAGACE
txr:ENDING2.TXR.192	\t\t  @ JIM McCONKEY
txr:ENDING2.TXR.193	\t\t  @ ROLAND RIZZO
txr:ENDING2.TXR.194	\t\t  @ SCOTT PATTERSON
txr:ENDING2.TXR.196	擬音剪輯 @ JIM McCONKEY
txr:ENDING2.TXR.198	配音剪輯 @ SCOTT PATTERSON
txr:ENDING2.TXR.200	配音演出 @ GREG KEMPER
txr:ENDING2.TXR.201	\t     @ PAUL ELLIS
txr:ENDING2.TXR.202	\t     @ SHANNON HEPBURN
txr:ENDING2.TXR.204	驚聲尖叫 @ BRIAN and MATT
txr:ENDING2.TXR.209	品質保證團隊
txr:ENDING2.TXR.211	品保管理 @ AL ROIREAU
txr:ENDING2.TXR.212	\t\t@ MICHAEL CRAIGHEAD
txr:ENDING2.TXR.214	首席測試員 @ FRANK BROWN
txr:ENDING2.TXR.216	遊戲測試 @ BILL BURTON
txr:ENDING2.TXR.217	\t    @ ANDY MAZUREK
txr:ENDING2.TXR.218	\t    @ DAVE ELLIS
txr:ENDING2.TXR.219	\t    @ MIKE CORCORAN
txr:ENDING2.TXR.220	\t    @ MIKE REA
txr:ENDING2.TXR.221	\t    @ MICHAEL CRAIGHEAD
txr:ENDING2.TXR.222	\t    @ AL ROIREAU
txr:ENDING2.TXR.223	\t    @ DAVE OSBORN
txr:ENDING2.TXR.224	\t    @ HARRY TEASLEY
txr:ENDING2.TXR.225	\t    @ TED MARKLEY
txr:ENDING2.TXR.226	\t    @ VAUGHN THOMAS
txr:ENDING2.TXR.227	\t    @ SALLY STALCUP
txr:ENDING2.TXR.228	\t    @ MICHELE ROIREAU
txr:ENDING2.TXR.229	\t    @ DIETZEL BROWN
txr:ENDING2.TXR.234	行銷團隊
txr:ENDING2.TXR.236	《錯體奇航》專案經理
txr:ENDING2.TXR.237	MONIQUE CARON
txr:ENDING2.TXR.239	行銷皇帝
txr:ENDING2.TXR.240	GERRY BLAIR
txr:ENDING2.TXR.242	行銷總監
txr:ENDING2.TXR.243	DEBBIE CHEEK
txr:ENDING2.TXR.245	行銷服務總監
txr:ENDING2.TXR.246	MARY HERRON
txr:ENDING2.TXR.248	行銷服務協調員
txr:ENDING2.TXR.249	BRENDA BLOOMFIELD
txr:ENDING2.TXR.251	美術指導 @ JOHN EMORY
txr:ENDING2.TXR.253	包裝封面美術 @ ERIC OLSON
txr:ENDING2.TXR.255	包裝設計 @ JOHN EMORY
txr:ENDING2.TXR.256	\t       @ MOSHE MILICH
txr:ENDING2.TXR.258	廣告刊登 @ LINDSAY RIEHL
txr:ENDING2.TXR.260	直效郵件企劃 @ LINDSAY RIEHL
txr:ENDING2.TXR.261	\t\t     @ ED KELLY
txr:ENDING2.TXR.263	包裝與廣告文案
txr:ENDING2.TXR.264	KEN HOHMAN
txr:ENDING2.TXR.266	廣告設計 @ FINLEY WEATHERFORD
txr:ENDING2.TXR.268	媒體報導 @ GARY ALMES
txr:ENDING2.TXR.270	800 專線銷售 @ KAREN REITER
txr:ENDING2.TXR.271	\t  @ TERI HAYWARD
txr:ENDING2.TXR.273	雷克斯船長日誌與說明手冊設計
txr:ENDING2.TXR.274	IRIS IDOKOGI
txr:ENDING2.TXR.275	JOE MOREL
txr:ENDING2.TXR.277	雷克斯船長日誌插圖 @ MARK GLIDDEN
txr:ENDING2.TXR.279	公共關係 @ KATHY GILMORE
txr:ENDING2.TXR.284	製作本遊戲期間，沒有任何動物
txr:ENDING2.TXR.285	受傷、致殘、被壓扁、被凌虐、
txr:ENDING2.TXR.286	被丟進垃圾絞碎機、被拿去
txr:ENDING2.TXR.287	測試壓縮機，或以其他方式弄傷。真的。
txr:ENDING2.TXR.289	（CC）為音效卡故障的玩家提供字幕。
txr:ENDING4.TXR.7	尾聲
txr:ENDING4.TXR.8	「洩壓收場」
txr:ENDING4.TXR.10	你一把扳下節流閥，
txr:ENDING4.TXR.11	帶著剛打贏的得意衝進太空，
txr:ENDING4.TXR.12	沒想到你
txr:ENDING4.TXR.13	沒注意到擋風罩上
txr:ENDING4.TXR.14	有一道大裂痕。
txr:ENDING4.TXR.16	就在太空船衝進
txr:ENDING4.TXR.17	外太空的真空環境時，
txr:ENDING4.TXR.18	一場意外發生了。
txr:ENDING4.TXR.21	劇終。
txr:ENDING4.TXR.27	糟了。
txr:ENDING4.TXR.42	[color1=0,45,45]製作與設計
txr:ENDING4.TXR.43	MATT GRUSON
txr:ENDING4.TXR.45	執行製作人
txr:ENDING4.TXR.46	TED MARKLEY
txr:ENDING4.TXR.48	首席程式設計與技術總監
txr:ENDING4.TXR.49	BRIAN REYNOLDS
txr:ENDING4.TXR.51	美術指導
txr:ENDING4.TXR.52	KENN NISHIUYE
txr:ENDING4.TXR.54	音樂
txr:ENDING4.TXR.55	JEFFERY L. BRIGGS
txr:ENDING4.TXR.60	設計團隊
txr:ENDING4.TXR.62	遊戲設計 @ MATT GRUSON
txr:ENDING4.TXR.63	\t    @ JEFF CHARLEBOIS
txr:ENDING4.TXR.64	\t    @ TED MARKLEY
txr:ENDING4.TXR.66	雷克斯船長日誌文字 @ STEVE MERETZKY
txr:ENDING4.TXR.68	說明手冊文字 @ DOUG KAUFMAN
txr:ENDING4.TXR.70	遊戲文字 @ JEFF CHARLEBOIS
txr:ENDING4.TXR.71	\t  @ MATT GRUSON
txr:ENDING4.TXR.72	\t  @ BRIAN REYNOLDS
txr:ENDING4.TXR.77	美術團隊
txr:ENDING4.TXR.79	美術指導 @ KENN NISHIUYE
txr:ENDING4.TXR.81	繪圖 @ MIKE GIBSON（首席）
txr:ENDING4.TXR.82	\t @ NICHOLAS RUSKO-BERGER
txr:ENDING4.TXR.83	\t @ KENN NISHIUYE
txr:ENDING4.TXR.85	動畫 @ FRANK FRAZIER（首席）
txr:ENDING4.TXR.86	\t  @ CHARLES SHENTON
txr:ENDING4.TXR.87	\t  @ KEN RACE
txr:ENDING4.TXR.88	\t  @ CINDY LANG-BACHUR
txr:ENDING4.TXR.89	\t  @ KEVIN BOEHM
txr:ENDING4.TXR.90	\t  @ ANNE-MARIE COX
txr:ENDING4.TXR.91	\t  @ JACKIE ROSS
txr:ENDING4.TXR.92	\t  @ PATRICK DOWNEY
txr:ENDING4.TXR.93	\t  @ KENN（又是他）
txr:ENDING4.TXR.95	3-D 動畫 @ MATT GRUSON
txr:ENDING4.TXR.96	\t      @ ANDY LAKEN
txr:ENDING4.TXR.98	3-D 模型 @ FRANK VIVIRITO
txr:ENDING4.TXR.99	\t   @ ANDY LAKEN
txr:ENDING4.TXR.100	\t   @ GINNY SCHMIDT
txr:ENDING4.TXR.101	\t   @ MAX REMINGTON
txr:ENDING4.TXR.103	首席轉描工程師
txr:ENDING4.TXR.104	CHARLES SHENTON
txr:ENDING4.TXR.106	轉描與影像處理工具
txr:ENDING4.TXR.107	MATT GRUSON
txr:ENDING4.TXR.109	轉描建模 @ DREW WILLIAMS
txr:ENDING4.TXR.110	\t\t   @ BONNIE SHEEKS
txr:ENDING4.TXR.111	\t\t   @ CLAIRE BAGBY
txr:ENDING4.TXR.112	\t\t   @ CINDY LANG-BACHUR
txr:ENDING4.TXR.113	\t\t   @ GINNY SCHMIDT
txr:ENDING4.TXR.114	\t\t   @ FRANK FRAZIER
txr:ENDING4.TXR.115	\t\t   @ SARAH FRAZIER
txr:ENDING4.TXR.116	\t\t   @ NICHOLAS RUSKO-BERGER
txr:ENDING4.TXR.117	\t\t   @ IRIS IDOKOGI
txr:ENDING4.TXR.118	\t\t   @ ANNE-MARIE COX
txr:ENDING4.TXR.119	\t\t   @ MIKE GIBSON
txr:ENDING4.TXR.121	尼布勒先生的助理
txr:ENDING4.TXR.122	MURRAY TAYLOR
txr:ENDING4.TXR.124	尼布勒小姐的助理
txr:ENDING4.TXR.125	VICKI FORD
txr:ENDING4.TXR.127	尼布勒先生的特技替身
txr:ENDING4.TXR.128	KEN RACE
txr:ENDING4.TXR.130	史東上校的特技替身
txr:ENDING4.TXR.131	JOE HELLESEN
txr:ENDING4.TXR.133	介面動畫腳本
txr:ENDING4.TXR.134	MIKE GIBSON
txr:ENDING4.TXR.135	NICHOLAS RUSKO-BERGER
txr:ENDING4.TXR.140	開發團隊
txr:ENDING4.TXR.142	首席程式設計與技術總監
txr:ENDING4.TXR.143	BRIAN REYNOLDS
txr:ENDING4.TXR.145	應用程式設計 @ GINNY SCHMIDT
txr:ENDING4.TXR.146	\t\t\t @ PAUL LAHAISE
txr:ENDING4.TXR.148	MADS 系統設計 @ MATT GRUSON
txr:ENDING4.TXR.149	\t\t   @ BRIAN REYNOLDS
txr:ENDING4.TXR.151	MADS 系統工程
txr:ENDING4.TXR.152	BRIAN REYNOLDS
txr:ENDING4.TXR.154	MicroProse 安裝工具
txr:ENDING4.TXR.155	BRIAN REYNOLDS
txr:ENDING4.TXR.157	煉金術士 @ DAVID McKIBBIN
txr:ENDING4.TXR.159	程式瑣務 @ DETMAR PETERKE
txr:ENDING4.TXR.160	\t\t    @ SCOTT PATTERSON
txr:ENDING4.TXR.162	硬體維護 @ MIKE GOMEZ
txr:ENDING4.TXR.163	\t\t     @ SAL VITALE
txr:ENDING4.TXR.167	音效團隊
txr:ENDING4.TXR.169	音效部門管理
txr:ENDING4.TXR.170	KEN LAGACE
txr:ENDING4.TXR.172	音樂作曲
txr:ENDING4.TXR.173	JEFFERY L. BRIGGS
txr:ENDING4.TXR.175	音效程式設計 @ KEN LAGACE
txr:ENDING4.TXR.176	\t\t  @ JIM McCONKEY
txr:ENDING4.TXR.177	\t\t  @ ROLAND RIZZO
txr:ENDING4.TXR.178	\t\t  @ SCOTT PATTERSON
txr:ENDING4.TXR.180	擬音剪輯 @ JIM McCONKEY
txr:ENDING4.TXR.182	配音剪輯 @ SCOTT PATTERSON
txr:ENDING4.TXR.184	配音演出 @ GREG KEMPER
txr:ENDING4.TXR.185	\t     @ PAUL ELLIS
txr:ENDING4.TXR.186	\t     @ SHANNON HEPBURN
txr:ENDING4.TXR.188	驚聲尖叫 @ BRIAN and MATT
txr:ENDING4.TXR.193	品質保證團隊
txr:ENDING4.TXR.195	品保管理 @ AL ROIREAU
txr:ENDING4.TXR.196	\t\t@ MICHAEL CRAIGHEAD
txr:ENDING4.TXR.198	首席測試員 @ FRANK BROWN
txr:ENDING4.TXR.200	遊戲測試 @ BILL BURTON
txr:ENDING4.TXR.201	\t    @ ANDY MAZUREK
txr:ENDING4.TXR.202	\t    @ DAVE ELLIS
txr:ENDING4.TXR.203	\t    @ MIKE CORCORAN
txr:ENDING4.TXR.204	\t    @ MIKE REA
txr:ENDING4.TXR.205	\t    @ MICHAEL CRAIGHEAD
txr:ENDING4.TXR.206	\t    @ AL ROIREAU
txr:ENDING4.TXR.207	\t    @ DAVE OSBORN
txr:ENDING4.TXR.208	\t    @ HARRY TEASLEY
txr:ENDING4.TXR.209	\t    @ TED MARKLEY
txr:ENDING4.TXR.210	\t    @ VAUGHN THOMAS
txr:ENDING4.TXR.211	\t    @ SALLY STALCUP
txr:ENDING4.TXR.212	\t    @ MICHELE ROIREAU
txr:ENDING4.TXR.213	\t    @ DIETZEL BROWN
txr:ENDING4.TXR.218	行銷團隊
txr:ENDING4.TXR.220	《錯體奇航》專案經理
txr:ENDING4.TXR.221	MONIQUE CARON
txr:ENDING4.TXR.223	行銷皇帝
txr:ENDING4.TXR.224	GERRY BLAIR
txr:ENDING4.TXR.226	行銷總監
txr:ENDING4.TXR.227	DEBBIE CHEEK
txr:ENDING4.TXR.229	行銷服務總監
txr:ENDING4.TXR.230	MARY HERRON
txr:ENDING4.TXR.232	行銷服務協調員
txr:ENDING4.TXR.233	BRENDA BLOOMFIELD
txr:ENDING4.TXR.235	美術指導 @ JOHN EMORY
txr:ENDING4.TXR.237	包裝封面美術 @ ERIC OLSON
txr:ENDING4.TXR.239	包裝設計 @ JOHN EMORY
txr:ENDING4.TXR.240	\t       @ MOSHE MILICH
txr:ENDING4.TXR.242	廣告刊登 @ LINDSAY RIEHL
txr:ENDING4.TXR.244	直效郵件企劃 @ LINDSAY RIEHL
txr:ENDING4.TXR.245	\t\t     @ ED KELLY
txr:ENDING4.TXR.247	包裝與廣告文案
txr:ENDING4.TXR.248	KEN HOHMAN
txr:ENDING4.TXR.250	廣告設計 @ FINLEY WEATHERFORD
txr:ENDING4.TXR.252	媒體報導 @ GARY ALMES
txr:ENDING4.TXR.254	800 專線銷售 @ KAREN REITER
txr:ENDING4.TXR.255	\t  @ TERI HAYWARD
txr:ENDING4.TXR.257	雷克斯船長日誌與說明手冊設計
txr:ENDING4.TXR.258	IRIS IDOKOGI
txr:ENDING4.TXR.259	JOE MOREL
txr:ENDING4.TXR.261	雷克斯船長日誌插圖 @ MARK GLIDDEN
txr:ENDING4.TXR.263	公共關係 @ KATHY GILMORE
txr:ENDING4.TXR.268	製作本遊戲期間，沒有任何動物
txr:ENDING4.TXR.269	受傷、致殘、被壓扁、被凌虐、
txr:ENDING4.TXR.270	被丟進垃圾絞碎機、被拿去
txr:ENDING4.TXR.271	測試壓縮機，或以其他方式弄傷。真的。
txr:ENDING4.TXR.273	（CC）為音效卡故障的玩家提供字幕。
txr:QUOTES.TXR.11	精選語錄，來自
txr:QUOTES.TXR.12	《錯體奇航》
txr:QUOTES.TXR.13	開發團隊
txr:QUOTES.TXR.17	「309號房的地上，該放『守衛
txr:QUOTES.TXR.18	碎塊』還是『怪物碎塊』？」
txr:QUOTES.TXR.19	\t     -- @Mike Gibson
txr:QUOTES.TXR.21	「說也巧，那些血肉碎塊會
txr:QUOTES.TXR.22	直接飛進隔壁房間。」
txr:QUOTES.TXR.23	\t     -- @Matt Gruson
txr:QUOTES.TXR.25	「我覺得他應該會嚇到尿褲子。」
txr:QUOTES.TXR.26	\t     -- @Frank Frazier，翻箱倒櫃
txr:QUOTES.TXR.27	\t\t@找雷克斯動畫靈感時。
txr:QUOTES.TXR.29	「你知道走進店裡，
txr:QUOTES.TXR.30	 開口問『有沒有貓王裝』
txr:QUOTES.TXR.31	 有多丟臉嗎？」
txr:QUOTES.TXR.32	\t     -- @Kenn Nishiuye，
txr:QUOTES.TXR.33	\t\t@剛買完
txr:QUOTES.TXR.34	\t\t@史東上校的戲服時。
txr:QUOTES.TXR.36	「嘿，布萊恩，這個要我排出來嗎？」
txr:QUOTES.TXR.37	\t     -- @Charlie Shenton
txr:QUOTES.TXR.39	/* 我們親愛的雷克斯被炸成兩半。 */
txr:QUOTES.TXR.40	\t     -- @Ginny Schmidt（寫在 daemon
txr:QUOTES.TXR.41	\t\t@程式碼註解裡）。
txr:QUOTES.TXR.43	「這聲慘叫聽起來，
txr:QUOTES.TXR.44	 簡直像有人拿電擊棒在戳他。」
txr:QUOTES.TXR.45	\t     -- @Jeff Briggs，聽著
txr:QUOTES.TXR.46	\t\t@我們收集的那堆
txr:QUOTES.TXR.47	\t\t@驚悚尖叫聲時。
txr:QUOTES.TXR.49	「對我來說，『delta』
txr:QUOTES.TXR.50	 根本是句髒話。」
txr:QUOTES.TXR.51	\t     -- @Kenn Nishiuye，對
txr:QUOTES.TXR.52	\t\t@精靈圖系統的某些
txr:QUOTES.TXR.53	\t\t@『特色』讚嘆不已時。
txr:QUOTES.TXR.55	「先畫一個大血漬，
txr:QUOTES.TXR.56	 再拉一條『血漿線』
txr:QUOTES.TXR.57	 接到真正的碎塊。」
txr:QUOTES.TXR.58	\t     -- @Matt Gruson，解說
txr:QUOTES.TXR.59	\t\t@關鍵動畫的運作
txr:QUOTES.TXR.60	\t\t@原理時。
txr:QUOTES.TXR.62	「史普朗吉。」
txr:QUOTES.TXR.63	\t     -- @Nick Rusko-Berger，被問
txr:QUOTES.TXR.64	\t\t@到對某張背景圖的
txr:QUOTES.TXR.65	\t\t@專業意見時。
txr:QUOTES.TXR.67	「我不想在測試這個的
txr:QUOTES.TXR.68	 時候被吃掉！」
txr:QUOTES.TXR.69	\t     -- @Ginny Schmidt
txr:QUOTES.TXR.72	「不過我『真的』覺得他應該會尿褲子。」
txr:QUOTES.TXR.73	\t     -- @Frank Frazier
txr:QUOTES.TXR.75	「這句『靠──』印不得啦！」
txr:QUOTES.TXR.76	\t     -- @Charlie Shenton 對
txr:QUOTES.TXR.77	\t\t@Gerry Blair（副總），
txr:QUOTES.TXR.78	\t\t@讀到雷克斯廣告文案
txr:QUOTES.TXR.79	\t\t@草稿時說的。
txr:QUOTES.TXR.81	「不，Roland音效絕對正常。
txr:QUOTES.TXR.82	 我清楚聽到一隻狗
txr:QUOTES.TXR.83	 被車壓扁的聲音。」
txr:QUOTES.TXR.84	\t     -- @Brian Reynolds，在
txr:QUOTES.TXR.85	\t\t@某次最終除錯會議上。
txr:QUOTES.TXR.87	「可是你們為什麼對我們這麼『好』？」
txr:QUOTES.TXR.88	\t     -- @Michael Craighead 與
txr:QUOTES.TXR.89	\t\t@Mike Corcoran，第一次
txr:QUOTES.TXR.90	\t\t@和 Matt、Brian 開完
txr:QUOTES.TXR.91	\t\t@會後。
txr:QUOTES.TXR.93	「呵呵呵。」
txr:QUOTES.TXR.94	\t     -- @Matt 與 Brian（第一次
txr:QUOTES.TXR.95	\t\t@和 Michael Craighead、
txr:QUOTES.TXR.96	\t\t@Mike Corcoran 開完會
txr:QUOTES.TXR.97	\t\t@後）。
txr:QUOTES.TXR.99	「那，你覺得我們賣得動
txr:QUOTES.TXR.100	 一款叫《錯體奇航》的遊戲嗎？」
txr:QUOTES.TXR.101	\t     -- @Bill Stealey，執行長
txr:QUOTES.TXR.103	「我可以被放進語錄裡嗎？」
txr:QUOTES.TXR.104	\t     -- @Bill Burton
txr:QUOTES.TXR.106	「不管怎樣，千萬別把我
txr:QUOTES.TXR.107	 放進語錄裡。」
txr:QUOTES.TXR.108	\t     -- @Ted Markley
txr:QUOTES.TXR.110	「我認識把紅人隊
txr:QUOTES.TXR.111	 『豬公啦啦隊』痛扁一頓的人！」
txr:QUOTES.TXR.112	\t     -- @Ken Race
txr:QUOTES.TXR.114	「我為什麼推不動那該死的推床？」
txr:QUOTES.TXR.115	「那條該死的小溪到底要怎麼過？」
txr:QUOTES.TXR.116	「我為什麼進不了那該死的歡樂穹頂？」
txr:QUOTES.TXR.117	\t     -- @Al Roireau，探索
txr:QUOTES.TXR.118	\t\t@『可能』的
txr:QUOTES.TXR.119	\t\t@極限時。
txr:QUOTES.TXR.121	「語錄裡可以講『該死』這種字眼嗎？」
txr:QUOTES.TXR.122	\t     -- Matt Gruson
txr:QUOTES.TXR.125	「這是個高階程式的東西，
txr:QUOTES.TXR.126	 我們現在不想
txr:QUOTES.TXR.127	 跟你解釋。」
txr:QUOTES.TXR.128	\t     -- @Kenn Nishiuye 對
txr:QUOTES.TXR.129	\t\t@Brian Reynolds
txr:QUOTES.TXR.130	\t\t@（主程式）說的。
txr:QUOTES.TXR.132	「才怪！」
txr:QUOTES.TXR.133	\t     -- @Charlie Shenton
txr:QUOTES.TXR.135	「我真的是說真的。
txr:QUOTES.TXR.136	 千萬別把我放進語錄裡！」
txr:QUOTES.TXR.137	\t     -- @Ted Markley
txr:QUOTES.TXR.139	「當雷克斯看到她衝過來，
txr:QUOTES.TXR.140	 就在她快壓扁他之前，你不覺得
txr:QUOTES.TXR.141	 他會嚇得尿褲子嗎？」
txr:QUOTES.TXR.142	\t     -- @Frank Frazier
txr:QUOTES.TXR.144	「這個顏色叫『青色』……
txr:QUOTES.TXR.145	 你們知道青色是什麼嗎？」
txr:QUOTES.TXR.146	\t     -- @Paul Lahaise，對
txr:QUOTES.TXR.147	\t\t@雷克斯美術團隊說的。
txr:QUOTES.TXR.149	「那下星期可以教我們『洋紅色』嗎？」
txr:QUOTES.TXR.150	\t     -- @Cindy Lang-Bachur
txr:QUOTES.TXR.152	「蠢蛋！」
txr:QUOTES.TXR.153	\t     -- @Brian Reynolds，每
txr:QUOTES.TXR.154	\t\t@五分鐘左右就這樣喊一次。
txr:QUOTES.TXR.156	「Brian 跟 Matt 有沒有誰去看過心理諮商？」
txr:QUOTES.TXR.157	\t     -- @Frank Brown，純粹
txr:QUOTES.TXR.158	\t\t@反問句。
txr:QUOTES.TXR.160	「我覺得這是個 bug。」
txr:QUOTES.TXR.161	\t     -- @Ginny Schmidt，就在
txr:QUOTES.TXR.162	\t\t@她螢幕整個黑掉的時候。
txr:QUOTES.TXR.164	「我真為那些沒有滑鼠
txr:QUOTES.TXR.165	 的可憐傢伙感到難過。」
txr:QUOTES.TXR.166	\t     -- Dave Ellis
txr:QUOTES.TXR.168	「我也想要一個。」
txr:QUOTES.TXR.169	\t     -- @Nick Rusko-Berger，
txr:QUOTES.TXR.170	\t\t@哀怨的吶喊。
txr:QUOTES.TXR.172	「我們不是在『拍扁毛毛的』，
txr:QUOTES.TXR.173	 只是把車子丟到狗身上而已。」
txr:QUOTES.TXR.174	\t     -- @匿名製作人
txr:QUOTES.TXR.177	「鏡頭不會說謊。」
txr:QUOTES.TXR.178	\t     -- @Frank Frazier，談到
txr:QUOTES.TXR.179	\t\t@轉描動畫時。
txr:QUOTES.TXR.181	dialog = dialog_create_just_f---ing_do_it( );
txr:QUOTES.TXR.182	\t     -- @稍微改過的一行
txr:QUOTES.TXR.183	\t\t@MADS 函式庫程式碼。
txr:QUOTES.TXR.185	「我的『洞』裡藏了張王牌。」
txr:QUOTES.TXR.186	\t     -- @Kenn Nishiuye
txr:QUOTES.TXR.188	「我想要一副蝙蝠骨骼標本！」
txr:QUOTES.TXR.189	\t     -- @Anne-Marie Cox，
txr:QUOTES.TXR.190	\t\t@說出她內心
txr:QUOTES.TXR.191	\t\t@最深的渴望。
txr:QUOTES.TXR.193	「Sound Blaster 音效卡搞不出像樣的狗叫聲！」
txr:QUOTES.TXR.194	\t     -- @Jim McConkey，努力
txr:QUOTES.TXR.195	\t\t@想讓 Fido 叫出聲時。
txr:QUOTES.TXR.197	「要是我老婆發現我
txr:QUOTES.TXR.198	 跟這件事有關，我就死定了。」
txr:QUOTES.TXR.199	\t     -- @Ted Markley
txr:QUOTES.TXR.201	「我要離婚。」
txr:QUOTES.TXR.202	\t     -- @Ellen Markley
txr:QUOTES.TXR.204	「嘿，你看！這款遊戲結尾
txr:QUOTES.TXR.205	 有個很酷的『語錄』，
txr:QUOTES.TXR.206	 我們自己的遊戲也來加一個吧。」
txr:QUOTES.TXR.207	\t     -- @Brian Reynolds
txr:QUOTES.TXR.209	「好啊，但別跟人說
txr:QUOTES.TXR.210	 我們是抄來的。」
txr:QUOTES.TXR.211	\t     -- @Matt Gruson
txr:QUOTES.TXR.213	「我螢幕上方突然冒出
txr:QUOTES.TXR.214	 一道奇怪的色彩條紋。
txr:QUOTES.TXR.215	 不過滑鼠移過去它就消失了。」
txr:QUOTES.TXR.216	\t     -- @Andy Mazurek（QA 人生
txr:QUOTES.TXR.217	\t\t@的又一天）。
txr:QUOTES.TXR.219	「那問題到底在哪？
txr:QUOTES.TXR.220	 你找到 bug，修掉不就好了！」
txr:QUOTES.TXR.221	\t     -- @Brian Reynolds，對 Andy 說的。
txr:QUOTES.TXR.223	「你可以跑去做變性手術，
txr:QUOTES.TXR.224	 然後以女生的身分回來，所以
txr:QUOTES.TXR.225	 我們絕對需要『進進出出』的功能。」
txr:QUOTES.TXR.226	\t     -- @Matt Gruson
vocab:0	遊戲
vocab:1	快存
vocab:2	觀看
vocab:3	拿取
vocab:4	推
vocab:5	打開
vocab:6	放置
vocab:7	交談
vocab:8	給
vocab:9	拉
vocab:10	關上
vocab:11	丟
vocab:12	走到
vocab:13	啟動
vocab:14	欣賞
vocab:16	通風口
vocab:17	蘆薈
vocab:18	海葵
vocab:19	風速計
vocab:20	小屋周圍
vocab:21	南邊區域
vocab:22	西邊區域
vocab:23	芳香肉
vocab:24	接上
vocab:25	錄音帶
vocab:26	輔助電源
vocab:27	羽球頑童
vocab:28	袋子
vocab:29	竹子
vocab:30	蝙蝠
vocab:31	包爾摩黃鸝
vocab:32	熊皮地毯
vocab:33	野獸戰利品
vocab:34	大葉子
vocab:35	大管子
vocab:36	大天空
vocab:37	大石頭
vocab:38	望遠鏡
vocab:39	小鳥
vocab:40	吹箭筒
vocab:41	炸彈
vocab:42	炸彈
vocab:43	骨頭
vocab:44	骨頭
vocab:45	瓶子
vocab:46	巨石
vocab:47	巨石
vocab:48	胸罩
vocab:49	弄壞
vocab:50	呼吸空氣
vocab:51	艙壁
vocab:52	漢堡
vocab:53	燒
vocab:54	燒毀曲速線圈
vocab:55	灌木狀地形
vocab:56	灌木叢
vocab:57	茂密蕨類
vocab:58	仙人掌
vocab:59	卡片
vocab:60	拋出
vocab:61	大鍋
vocab:62	洞穴
vocab:63	洞穴頂
vocab:64	洞穴入口
vocab:65	洞穴出口
vocab:66	洞穴地面
vocab:67	東邊洞穴
vocab:68	洞穴牆壁
vocab:69	天花板
vocab:70	椅子
vocab:71	充電盒
vocab:72	雞
vocab:73	雞炸彈
vocab:74	東邊林間空地
vocab:75	南邊林間空地
vocab:76	崖壁
vocab:77	爬下
vocab:78	爬過
vocab:79	爬上
vocab:80	時鐘
vocab:81	壁櫥
vocab:82	曬衣繩
vocab:83	樹叢
vocab:84	煤炭
vocab:85	椰子
vocab:86	化妝盒
vocab:87	電動玩具
vocab:88	控制面板
vocab:89	珊瑚
vocab:90	螃蟹
vocab:91	信用晶片
vocab:92	積雲
vocab:93	奇特雜草叢
vocab:94	窗簾
vocab:95	窗簾
vocab:96	切
vocab:97	損害管制
vocab:98	損害管制面板
vocab:99	弄濕
vocab:100	死魚
vocab:101	死紫怪物
vocab:102	陡峭深谷
vocab:103	幽暗森林
vocab:104	茂密森林
vocab:105	雷管
vocab:106	恐龍炸藥
vocab:107	拆開
vocab:108	潛入
vocab:109	門
vocab:110	門鑰匙
vocab:111	門口
vocab:112	抽屜
vocab:113	喝
vocab:114	勁掛電池
vocab:115	東邊崖壁
vocab:116	吃
vocab:117	彈出
vocab:118	倒空
vocab:119	工程控制台
vocab:120	工程艙
vocab:121	輸入鍵
vocab:122	逃生艙
vocab:123	雌激素毒素
vocab:124	檢查
vocab:125	實驗籠
vocab:126	熄滅
vocab:127	臉部辨識
vocab:128	蕨類
vocab:129	北邊田野
vocab:130	南邊田野
vocab:131	西邊田野
vocab:132	裝滿
vocab:133	火坑
vocab:134	釣魚線
vocab:135	釣竿
vocab:136	地板
vocab:137	小屋地板
vocab:138	地磚
vocab:139	撫摸
vocab:140	東邊森林
vocab:141	前窗
vocab:142	真菌類
vocab:143	火爐
vocab:144	絨毛骰子
vocab:145	凝視
vocab:146	凝視
vocab:147	望入
vocab:148	瞥視
vocab:149	手套
vocab:150	糾結灌木
vocab:151	啃咬
vocab:152	大吃
vocab:153	穀物酒精
vocab:154	東邊草原
vocab:155	南邊草原
vocab:156	草地
vocab:157	北邊草地
vocab:158	草丘
vocab:159	研磨
vocab:160	乳膠樹
vocab:161	守衛的手臂
vocab:162	艙口
vocab:163	連接
vocab:164	地平線
vocab:165	沖洗
vocab:166	熱褲
vocab:167	船殼
vocab:168	猛丟
vocab:169	小屋
vocab:170	小屋區域
vocab:171	東邊小屋
vocab:172	南邊小屋
vocab:173	南方小屋
vocab:174	西邊小屋
vocab:175	北邊小屋群
vocab:176	液壓扳手
vocab:177	躍遷裝置
vocab:178	身分卡
vocab:179	點燃
vocab:180	充氣
vocab:181	插入
vocab:182	檢視
vocab:183	叢林
vocab:184	東邊叢林
vocab:185	西邊叢林
vocab:186	鑰匙1
vocab:187	鑰匙2
vocab:188	鑰匙3
vocab:189	鑰匙4
vocab:190	鑰匙5
vocab:191	鑰匙6
vocab:192	鑰匙7
vocab:193	鑰匙8
vocab:194	鑰匙9
vocab:195	鍵盤
vocab:196	跪地女子
vocab:197	刀子
vocab:198	梯子
vocab:199	大石筍
vocab:200	斜眼看
vocab:201	圖書館電腦
vocab:202	舔
vocab:203	生命維持艙
vocab:204	燈
vocab:205	裝填
vocab:206	鎖
vocab:207	船長日誌
vocab:208	看
vocab:209	往內看
vocab:210	看穿
vocab:211	交誼廳
vocab:212	愛神祭壇
vocab:213	低地
vocab:214	機器
vocab:215	磁鐵
vocab:216	主氣閘
vocab:217	鬼蝠魟
vocab:218	沼澤濕地
vocab:219	火柴
vocab:220	醫療廢棄物
vocab:221	藥櫃
vocab:222	先民
vocab:223	礦坑
vocab:224	鏡子
vocab:225	監視器
vocab:226	猴子
vocab:227	猴肝汁
vocab:228	怪物黏液
vocab:229	山
vocab:230	山脈
vocab:231	群山
vocab:233	蘑菇
vocab:234	導航控制台
vocab:235	北邊小徑
vocab:236	北向區域
vocab:237	北方海崖
vocab:238	障礙物
vocab:239	海底
vocab:240	奇特岩層
vocab:241	詭異汁液
vocab:242	東邊開闊地
vocab:243	北邊開闊地
vocab:244	南邊開闊地
vocab:245	西邊開闊地
vocab:246	開闊原野
vocab:247	外部船殼
vocab:248	外面
vocab:249	烤箱
vocab:250	東邊岩簷
vocab:251	西邊岩簷
vocab:252	頭頂燈
vocab:253	便條紙
vocab:254	掛鎖鑰匙
vocab:255	棕櫚樹
vocab:256	南邊通道
vocab:257	多情貓
vocab:258	窺視
vocab:259	鉛筆
vocab:260	懸垂峭壁
vocab:261	筆型手電筒
vocab:262	電話電池
vocab:263	電話聽筒
vocab:264	石堆
vocab:265	枕頭
vocab:266	駕駛椅
vocab:267	管子
vocab:268	食人魚
vocab:269	植物
vocab:270	植物莖
vocab:271	植物
vocab:272	塑膠耶穌像
vocab:273	播放
vocab:274	吸把
vocab:275	毒鏢
vocab:276	強力膠
vocab:277	水池
vocab:278	海報
vocab:279	電源面板
vocab:280	懸崖
vocab:281	按
vocab:282	壓力計
vocab:283	撬開
vocab:284	湍急河流
vocab:285	橄欖球鼠
vocab:286	閱讀
vocab:287	後視鏡
vocab:288	水中呼吸器
vocab:289	冰箱
vocab:290	遙控器
vocab:291	維修清單
vocab:292	河流
vocab:293	西邊河流
vocab:294	機器廚房
vocab:295	岩石
vocab:296	岩石
vocab:297	岩石區
vocab:298	起伏山丘
vocab:299	手術刀
vocab:300	秀麗群山
vocab:301	海崖
vocab:302	海草
vocab:303	海草堆
vocab:304	保全卡
vocab:305	設定
vocab:306	握手
vocab:307	磨利
vocab:308	護盾檢修板
vocab:309	護盾產生器
vocab:310	護盾調變器
vocab:311	護盾狀態板
vocab:312	太空船
vocab:313	射擊
vocab:314	鏟子
vocab:315	撕碎
vocab:316	縮小人頭
vocab:317	燒焦肉
vocab:318	坐進
vocab:319	骷髏頭
vocab:320	骷髏標誌
vocab:321	天空
vocab:322	睡在
vocab:323	游動蛇
vocab:324	蛞蝓黏液
vocab:325	小洞
vocab:326	聞
vocab:327	蛇
vocab:328	嗅聞
vocab:329	浸泡
vocab:330	特殊鍵1
vocab:331	特殊鍵2
vocab:332	蜘蛛
vocab:333	灑落牛奶
vocab:334	噴火
vocab:335	噴灑
vocab:336	刺
vocab:337	樓梯
vocab:338	石筍
vocab:339	站進去
vocab:340	盯著看
vocab:341	階梯
vocab:342	魚標本
vocab:343	表面
vocab:344	游過
vocab:345	游進
vocab:346	游穿
vocab:347	游到
vocab:348	游向
vocab:349	游往下方
vocab:350	俯衝生物
vocab:351	桌子
vocab:352	拿取肝臟
vocab:353	脫下
vocab:354	拿取書頁
vocab:355	高草叢
vocab:356	錄音機
vocab:357	瞄準電腦
vocab:358	瞄準模組
vocab:359	目標電腦
vocab:360	袋獾
vocab:361	美味火雞
vocab:362	傳送裝置
vocab:363	傳送器
vocab:364	茅草屋頂
vocab:365	荊棘
vocab:366	荊棘叢
vocab:367	領帶
vocab:368	定時炸彈
vocab:369	計時器
vocab:370	計時模組
vocab:371	樹
vocab:372	樹叢
vocab:373	踩踏小徑
vocab:374	管子
vocab:375	隧道
vocab:376	甜滋灌木
vocab:377	甜滋果
vocab:378	解鎖
vocab:379	烏茲槍
vocab:380	花瓶
vocab:381	電動玩具
vocab:382	景觀
vocab:383	螢幕
vocab:384	觀景窗
vocab:385	村莊區域
vocab:386	西邊村莊
vocab:387	火山
vocab:388	禿鷹
vocab:389	一坨牛雜
vocab:390	走過
vocab:391	走進去
vocab:392	踩上
vocab:393	走到外面
vocab:394	走穿
vocab:395	走向
vocab:396	牆壁
vocab:397	瞭望塔
vocab:398	水
vocab:399	武器展示
vocab:400	穿戴
vocab:401	氣象站
vocab:402	風向標
vocab:403	秤重機
vocab:404	西側崖壁
vocab:405	輪子
vocab:406	窗戶
vocab:407	巫醫小屋
vocab:408	工作台
vocab:409	寫在
vocab:410	黃鳥仔
vocab:411	草
vocab:412	跳躍爬蟲
vocab:413	深坑
vocab:414	北邊低地
vocab:415	小灌木
vocab:416	小仙人掌
vocab:417	北邊石地
vocab:418	竹狀植物
vocab:419	山腰
vocab:420	田野
vocab:421	草原
vocab:422	峭壁
vocab:423	巨大雙腿
vocab:424	落葉坑洞
vocab:425	落葉堆
vocab:426	東邊開闊地
vocab:427	草坪
vocab:428	走下
vocab:429	西邊小徑
vocab:430	樹籬
vocab:431	村莊小徑
vocab:432	東北邊小徑
vocab:433	叢林小徑
vocab:434	濃密灌叢
vocab:435	海洋
vocab:436	遠方海洋
vocab:437	奇怪裝置
vocab:438	灌木
vocab:439	風速計
vocab:440	遠方島嶼
vocab:441	小徑
vocab:442	戰利品
vocab:443	標本罐
vocab:444	碗
vocab:445	大碗
vocab:446	北邊小徑
vocab:447	北邊小屋
vocab:448	東邊小徑
vocab:449	烤雞串
vocab:450	被囚生物
vocab:451	甜滋果叢
vocab:452	小溪
vocab:453	對岸
vocab:454	南邊小徑
vocab:455	對面河岸
vocab:456	破損梯子
vocab:457	一袋甜滋果
vocab:458	床
vocab:459	展示櫃
vocab:460	離開
vocab:461	離場
vocab:462	裝置
vocab:463	0鍵
vocab:464	1鍵
vocab:465	2鍵
vocab:466	3鍵
vocab:467	4鍵
vocab:468	5鍵
vocab:469	6鍵
vocab:470	7鍵
vocab:471	8鍵
vocab:472	9鍵
vocab:473	皺眉鍵
vocab:474	微笑鍵
vocab:475	原住民女子
vocab:476	黃色小鳥
vocab:477	嗶嗶器
vocab:478	尺寸測量儀
vocab:479	面板
vocab:480	印表機
vocab:481	硬碟
vocab:482	浴室
vocab:483	書桌
vocab:484	通道
vocab:485	消防栓
vocab:486	冷凍庫
vocab:487	均化數位儀
vocab:488	視像儀
vocab:489	遠端偵測器
vocab:490	柱子
vocab:491	移位裝置
vocab:492	如雕像
vocab:493	溫度計
vocab:494	檢查
vocab:495	觀察
vocab:496	電子掃描器
vocab:497	大廳
vocab:498	掃描器
vocab:499	按手
vocab:500	保全監視器
vocab:501	數位全景儀
vocab:502	軌道樑
vocab:503	金庫
vocab:504	走廊
vocab:505	管線
vocab:506	通風柵欄
vocab:507	保全辦公室
vocab:508	訊號
vocab:509	嗶聲
vocab:510	閃爍點
vocab:511	閣樓
vocab:512	電子蟻窩
vocab:513	電線
vocab:514	保全面板
vocab:515	迴廊
vocab:516	電路控制器
vocab:517	通風管道
vocab:518	牢房牆壁
vocab:519	燈光
vocab:520	盯視
vocab:521	牢房控制器
vocab:522	馬桶
vocab:523	使用
vocab:524	洗手盆
vocab:525	跳進去
vocab:526	前一牢房
vocab:527	下一房間
vocab:529	凝視
vocab:530	王座
vocab:531	布袋
vocab:532	肢體
vocab:533	水槽
vocab:534	流動廁所
vocab:535	碎片
vocab:536	床鋪
vocab:537	下一牢房
vocab:538	廁所
vocab:539	監視區域
vocab:540	側牆
vocab:541	咖啡杯
vocab:542	坐在
vocab:543	照明裝置
vocab:544	監視器
vocab:545	性別控制器
vocab:546	神經分析儀
vocab:547	分子記錄儀
vocab:548	維修面板
vocab:549	坡道
vocab:550	走上
vocab:551	次音霧化器
vocab:552	八號球
vocab:553	DNA反轉器
vocab:554	DNA轉換器
vocab:555	平台
vocab:556	天竺鼠箱
vocab:557	氣態探測儀
vocab:558	工具櫃
vocab:559	手術箱
vocab:560	胎心監視器
vocab:561	X光櫃
vocab:562	消毒水槽
vocab:563	滴漏咖啡壺
vocab:564	電擊機
vocab:565	審訊台
vocab:566	躺在
vocab:567	破解
vocab:568	守衛
vocab:569	地板裂縫
vocab:570	傳送區域
vocab:571	斷裂樑柱
vocab:572	岩石塊
vocab:573	血污牢牆
vocab:574	牆板
vocab:575	性別掃描器
vocab:576	酒吧
vocab:577	走入
vocab:578	南邊走廊
vocab:579	招牌
vocab:580	北邊走廊
vocab:581	酒瓶
vocab:582	上層舞池
vocab:583	舞池
vocab:584	欄杆
vocab:585	吧台椅
vocab:586	女士
vocab:587	上層
vocab:588	壁龕
vocab:589	迪斯可球
vocab:590	女士們
vocab:591	馬車燈
vocab:592	卡槽
vocab:593	籃框
vocab:594	炮彈
vocab:595	噴水池
vocab:596	東邊走廊
vocab:597	西邊走廊
vocab:598	支撐柱
vocab:599	籃板
vocab:600	寬門
vocab:601	路標
vocab:602	滅火器
vocab:603	垃圾
vocab:604	飛彈
vocab:605	坦克
vocab:606	兩噸重錘
vocab:607	一噸番茄
vocab:608	鐵砧
vocab:609	民兵四型飛彈
vocab:610	寶箱
vocab:611	盔甲
vocab:612	紙箱
vocab:613	粉末
vocab:614	木筏
vocab:615	怪玩意
vocab:616	投石器
vocab:617	手榴彈
vocab:618	木桶
vocab:619	裝卸坡道
vocab:620	飛船
vocab:621	麵粉
vocab:622	捕蠅紙
vocab:623	小地毯
vocab:624	地毯
vocab:625	罐子
vocab:626	橡皮小鴨
vocab:627	高爾夫球桿
vocab:628	老鼠
vocab:629	木桶
vocab:630	一桶瀝青
vocab:631	麻袋
vocab:632	儲藏室
vocab:633	120V三相400Hz
vocab:634	實驗器材
vocab:635	空氣喇叭
vocab:636	玻璃罐
vocab:637	斷裂電纜
vocab:638	探測裝置
vocab:639	刀閘開關
vocab:640	工作台
vocab:641	加熱器
vocab:642	有毒廢棄物
vocab:643	實驗
vocab:644	製圖板
vocab:645	意外
vocab:646	空氣清淨機
vocab:647	假人
vocab:648	圖片
vocab:649	行李托運
vocab:650	出發時刻表
vocab:651	蒼白色調
vocab:652	行程表
vocab:653	特價桶
vocab:654	鉛筆
vocab:655	便條紙
vocab:656	最深處
vocab:657	名片盒
vocab:658	蒙娜提莎
vocab:659	抽象畫作
vocab:660	太空任務8
vocab:661	戲劇畫作
vocab:662	金屬柱
vocab:663	出口
vocab:664	旋轉光影
vocab:665	登記機
vocab:666	蜜桃圓包
vocab:667	我們的小鎮
vocab:668	刺繡畫作
vocab:669	神似總統像
vocab:670	櫃台
vocab:671	感測器
vocab:672	軟體資訊
vocab:673	走到後方
vocab:674	特價品
vocab:675	掃描燈
vocab:676	舊軟體攤位
vocab:677	軟體架
vocab:678	熱門軟體
vocab:679	潑彩畫作
vocab:680	風景勝地
vocab:681	雷射
vocab:682	雷射印表機
vocab:683	拉桿
vocab:684	靶心
vocab:685	攤位
vocab:686	控制站
vocab:687	詭異怪物
vocab:688	駭人野獸
vocab:689	瞪視
vocab:690	南邊迴廊
vocab:691	北邊迴廊
vocab:692	走上
vocab:693	岩壁
vocab:694	女子
vocab:695	眾女子
vocab:696	東邊迴廊
vocab:697	西邊迴廊
vocab:698	彈藥
vocab:699	裝甲車
vocab:700	番茄
vocab:701	飛彈
vocab:702	全套盔甲
vocab:703	粉末容器
vocab:704	充氣木筏
vocab:705	手雷
vocab:706	圍籬
vocab:707	木雕像
vocab:708	輸送帶
vocab:709	控制裝置
vocab:710	設備
vocab:711	置物架
vocab:712	櫃子
vocab:713	控制台
vocab:714	水龍頭
vocab:715	配電箱
vocab:716	雕像
vocab:717	儀表
vocab:718	電路面板
vocab:719	檢修走道
vocab:720	電路
vocab:721	血跡
vocab:722	格柵
vocab:723	通風井
vocab:724	返回
vocab:725	甲醛
vocab:726	佩卓氧
vocab:727	苯甲酸鈉
vocab:728	輪床
vocab:729	燙衣板
vocab:730	左監視器
vocab:731	右監視器
vocab:732	紅色按鈕
vocab:733	綠色按鈕
vocab:734	右壹鍵
vocab:735	右1鍵
vocab:736	右2鍵
vocab:737	右3鍵
vocab:738	右4鍵
vocab:739	右5鍵
vocab:740	右6鍵
vocab:741	右7鍵
vocab:742	右8鍵
vocab:743	左1鍵
vocab:744	左2鍵
vocab:745	左3鍵
vocab:746	左4鍵
vocab:747	迴廊牆壁
vocab:748	馬克杯
vocab:749	甜甜圈
vocab:750	保全站
vocab:751	報紙
vocab:752	雜誌
vocab:753	板夾
vocab:754	紙足球
vocab:755	你的東西
vocab:756	其他東西
vocab:757	檯燈
vocab:758	爬進
vocab:759	燈泡
vocab:760	踏入
vocab:761	房間
vocab:762	爬到
vocab:763	第四牢房
vocab:764	第三牢房
vocab:765	第二牢房
vocab:766	第一牢房
vocab:767	器材室
vocab:768	匍匐爬下
vocab:769	下降井道
vocab:770	蜥腳龍
vocab:771	怪物
vocab:772	偽造證件
vocab:773	外星烈酒
vocab:774	實習生
vocab:775	器械台
vocab:776	陽台女子
vocab:777	椅上女子
vocab:778	坐在
vocab:779	壁龕女子
vocab:780	水壺
vocab:781	酒保
vocab:782	威士忌
vocab:783	酒精
vocab:784	邊緣
vocab:785	沿著走
vocab:786	沉沒城市
vocab:787	總督府
vocab:788	東側邊緣
vocab:789	水泥柱
vocab:790	電梯
vocab:791	電梯井
vocab:792	輸送帶
vocab:793	砲彈
vocab:794	電力遮篷
vocab:795	排水管
vocab:796	人行道
vocab:797	街道
vocab:798	路障
vocab:799	門控插槽
vocab:800	東邊街道
vocab:801	東邊人行道
vocab:802	建築物
vocab:803	汽車
vocab:804	上車
vocab:805	門廊招牌
vocab:806	建築入口
vocab:807	守衛站
vocab:808	技術設備
vocab:809	守衛塔
vocab:810	柱子
vocab:811	文件
vocab:812	檔案櫃
vocab:813	窗戶
vocab:814	走路
vocab:815	儲物箱
vocab:816	飲水機
vocab:817	箱子
vocab:818	步槍
vocab:819	彈弓
vocab:820	陵墓
vocab:821	軟體商店
vocab:822	水泥建築
vocab:823	巨大監視器
vocab:824	太空機車
vocab:825	廣告看板
vocab:826	無歡旅館
vocab:827	畢黛排洩小屋
vocab:828	建築群
vocab:829	摩天大樓
vocab:830	軟體標誌
vocab:831	巨型望遠鏡
vocab:832	把手
vocab:833	洞
vocab:834	雷射光束
vocab:835	基座
vocab:836	小船
vocab:837	巨型紀念碑
vocab:838	繩子
vocab:839	沙洲餐廳
vocab:840	舷窗
vocab:841	售票亭
vocab:842	波莉入口
vocab:843	餐廳入口
vocab:844	歡樂穹頂
vocab:845	海星
vocab:846	蛙鞋
vocab:847	沙錢
vocab:848	貝殼
vocab:849	賓客名單
vocab:850	怪異獸首
vocab:851	船舵
vocab:852	殘障標誌
vocab:853	電梯控制台
vocab:854	磚牆
vocab:855	單車架
vocab:856	歐當勞招牌
vocab:857	電梯入口
vocab:858	特賣招牌
vocab:859	律師事務所
vocab:860	斯萊奇商城
vocab:861	骷髏骨架
vocab:862	奇怪設備
vocab:863	西邊街道
vocab:864	西邊人行道
vocab:865	傳送器入口
vocab:866	軟體店門
vocab:867	菠菜園娃娃
vocab:868	反射
vocab:869	收銀機抽屜
vocab:870	電梯門
vocab:871	液壓支架
vocab:872	頭頂設備
vocab:873	進入
vocab:874	警告標籤
vocab:875	核子彈弓
vocab:876	展示櫃
vocab:877	光子步槍
vocab:878	監控設備
vocab:879	天文望遠鏡
vocab:880	汽車旅館
vocab:881	餐廳
vocab:882	軟體商店招牌
vocab:883	廣告海報
vocab:884	廣告
vocab:885	舊軟體
vocab:886	收銀機
vocab:887	入口
vocab:888	雷射砲
vocab:889	沙包
vocab:890	歡樂穹頂
vocab:891	穹頂入口
vocab:892	實驗室
vocab:893	南邊街道
vocab:894	電梯感應槽
vocab:895	車輛控制台
vocab:896	香氛包
vocab:897	小貓
vocab:898	置物箱
vocab:899	發霉襪子
vocab:900	汽水罐
vocab:901	擋風玻璃
vocab:902	儀表板
vocab:903	車內
vocab:904	右視按鈕
vocab:905	黑色按鈕
vocab:906	白色按鈕
vocab:907	車廂內
vocab:908	西側火山口
vocab:909	水泥塊
vocab:910	城市
vocab:911	揚聲器
vocab:912	視力表
vocab:913	發射台
vocab:914	西側建築
vocab:915	東側平台
vocab:916	西側平台
vocab:917	塔
vocab:918	眺望
vocab:919	維修面板
vocab:920	裂縫
vocab:921	節流閥
vocab:922	抓住
vocab:923	儀表
vocab:924	傳送
vocab:925	座位
vocab:926	狀態面板
vocab:927	太空船操控
vocab:928	教授
vocab:929	教授的推床
vocab:930	門口踏墊
vocab:931	瓜泥
vocab:932	羽球屁孩
vocab:933	塗抹
vocab:934	密碼
vocab:935	紙條
vocab:936	卵磷脂
vocab:937	女技工
vocab:938	炸藥
vocab:939	一大坨
vocab:940	滴
vocab:941	少許
vocab:942	一潑
vocab:943	南側碼頭
vocab:944	駛向
vocab:945	北側建築
vocab:946	火山口
vocab:947	南側外海
vocab:948	放映機
vocab:949	守衛手臂
vocab:950	輕咬
vocab:951	進入
vocab:953	計時鈕一
vocab:954	遙控鈕一
vocab:955	啟動鈕二
vocab:956	遙控鈕二
vocab:957	計時鈕二
vocab:958	啟動鈕一
vocab:959	反重力操控
vocab:960	布魯斯的樹
vocab:961	競技場
vocab:962	布魯斯花園
vocab:963	噴泉
vocab:964	布魯斯公館
vocab:965	城市背景
vocab:966	布魯斯陽台
vocab:967	布魯斯入口
vocab:968	布魯斯商標
vocab:969	躺椅
vocab:970	客廳地板
vocab:971	客廳地面
vocab:972	香水瓶
vocab:973	酷炫霓虹燈
vocab:974	花盆
vocab:975	咖啡桌
vocab:976	花朵
vocab:977	裝飾藝術椅
vocab:978	保險箱
vocab:979	浮誇裝潢
vocab:980	戲劇面孔
vocab:981	裝飾藝術品
vocab:982	房間盡頭
vocab:983	壁爐
vocab:984	藝術品
vocab:985	酷炫霓虹燈飾
vocab:986	玻璃窗
vocab:987	臥室地板
vocab:988	小飾品
vocab:989	快照
vocab:990	香水
vocab:991	場記板
vocab:992	貝雷帽
vocab:993	馬鞭
vocab:994	牆角桌
vocab:995	羽毛圍巾
vocab:996	假髮架
vocab:997	隔板
vocab:998	擴音器
vocab:999	襯裙
vocab:1000	壁燈
vocab:1001	化妝台
vocab:1002	床頭板
vocab:1003	雙人沙發
vocab:1004	紀念門票
vocab:1005	影評
vocab:1006	布魯斯派對照
vocab:1007	裝飾藝術地毯
vocab:1008	客廳
vocab:1009	雕塑
vocab:1010	標本學名
vocab:1011	通風口
vocab:1012	花箱
vocab:1013	窄台
vocab:1014	螺栓
vocab:1015	觀察窗
vocab:1016	輸氣管
vocab:1017	修車廠
vocab:1018	人孔蓋
vocab:1019	修車廠入口
vocab:1020	破窗
vocab:1021	女孔蓋
vocab:1022	車庫門
vocab:1023	便條紙
vocab:1024	油價看板
vocab:1025	上升鈕
vocab:1026	下降鈕
vocab:1027	備料清單
vocab:1028	天窗
vocab:1029	工具箱
vocab:1030	舉車機
vocab:1031	汽車座椅
vocab:1032	車庫地板
vocab:1033	車庫門控制器
vocab:1034	阿米希帽
vocab:1035	千斤頂
vocab:1036	線圈
vocab:1037	機油罐
vocab:1038	風扇皮帶
vocab:1039	車庫後方
vocab:1040	車庫前方
vocab:1041	消音器
vocab:1042	備用零件
vocab:1043	輪轂蓋
vocab:1044	蠟燭
vocab:1045	費率表
vocab:1046	黃油罐
vocab:1047	月曆
vocab:1048	堆高機
vocab:1049	垃圾桶
vocab:1050	夏克椅
vocab:1051	車身側板
vocab:1052	車後區域
vocab:1053	危險區
vocab:1054	報攤
vocab:1055	戈黛娃夫人像
vocab:1056	流動廁所
vocab:1057	護欄
vocab:1058	巷弄
vocab:1059	溝渠
vocab:1060	錄影帶店門
vocab:1061	晦暗影業招牌
vocab:1062	錄影帶店
vocab:1063	荷爾蒙看板
vocab:1064	電話天線
vocab:1065	歸還口
vocab:1066	絞索
vocab:1067	喜劇錄影帶
vocab:1068	臭運動鞋
vocab:1069	皮皮的長襪
vocab:1070	電話座
vocab:1071	劇情錄影帶
vocab:1072	聚光燈
vocab:1073	儲藏室地板
vocab:1074	售出概不退換
vocab:1075	猛男T恤
vocab:1076	不明手印
vocab:1077	濕水泥
vocab:1078	皮皮的小手印
vocab:1079	討厭狗爪印
vocab:1080	昂貴牛仔褲
vocab:1081	錄影帶店出口
vocab:1082	走道
vocab:1083	電視螢幕
vocab:1084	波麗豬手印
vocab:1085	約翰維恩手印
vocab:1086	奈德先生手印
vocab:1087	獨腿彼特手印
vocab:1088	馬克斯兄弟海報
vocab:1089	皮皮看板
vocab:1090	滯銷錄影帶
vocab:1091	更多經典錄影帶
vocab:1092	加入優惠俱樂部
vocab:1093	教育錄影帶
vocab:1094	超值特價片
vocab:1095	世界冠軍海報
vocab:1096	健身錄影帶
vocab:1097	八折看板
vocab:1098	《文明》廣告
vocab:1099	新片錄影帶
vocab:1100	成人錄影帶
vocab:1101	外語錄影帶
vocab:1102	經典錄影帶
vocab:1103	冒險錄影帶
vocab:1104	晦暗影業商標
vocab:1105	酒瓶
vocab:1106	土堆
vocab:1107	巨大鉛筆頭
vocab:1108	破爛南瓜
vocab:1109	牛奶盒
vocab:1110	水桶
vocab:1111	空箱子
vocab:1112	尿布箱
vocab:1113	隱士
vocab:1114	金屬管
vocab:1115	混凝土支柱
vocab:1116	雜物垃圾
vocab:1117	支架
vocab:1118	控制箱
vocab:1119	圓頂頂端
vocab:1120	東側快速道路
vocab:1121	前往
vocab:1122	西側快速道路
vocab:1123	圓頂
vocab:1124	城市景觀
vocab:1125	快速道路
vocab:1126	鉤子
vocab:1127	海怪
vocab:1128	火山邊緣
vocab:1129	跳過
vocab:1130	舊茶杯
vocab:1131	名牌
vocab:1132	舊花瓶
vocab:1133	肖像畫
vocab:1134	放下
vocab:1135	高樓
vocab:1136	討厭狗
vocab:1137	內臟
vocab:1138	大頭
vocab:1139	安裝
vocab:1140	維生模組
vocab:1141	移除
vocab:1142	巨刃
vocab:1143	側門
vocab:1144	指示燈
vocab:1145	路標
vocab:1146	別針
vocab:1147	粉撲
vocab:1148	架子
vocab:1149	電極
vocab:1150	意外
vocab:1151	島式上層結構
vocab:1152	檔案櫃
vocab:1153	機車行
vocab:1154	空中機車
vocab:1155	警示燈
vocab:1156	目標區
vocab:1157	冰桶
vocab:1158	鳥群
vocab:1159	診所
vocab:1160	塗污
vocab:1161	特大頭
vocab:1162	小桌子
vocab:1163	競技場
vocab:1164	房子
vocab:1165	陽台
vocab:1166	花園室
vocab:1167	崁燈
vocab:1168	面具
vocab:1169	霓虹燈飾
vocab:1170	玻璃磚牆
vocab:1171	放映幕
vocab:1172	肋排
vocab:1173	橫幅
vocab:1174	教學錄影帶
vocab:1175	水泥
vocab:1176	商店
vocab:1177	紙箱
vocab:1178	塗鴉
vocab:1179	塗鴉
vocab:1180	照片
vocab:1181	導演場記板
vocab:1182	短鞭
vocab:1183	帽子
vocab:1184	商標
vocab:1185	維修大樓
vocab:1186	按摩
vocab:1187	扯爛
vocab:1188	摩擦
vocab:1189	拋接
vocab:1190	砸碎
vocab:1191	狂飲
vocab:1192	月台西端
vocab:1193	月台東端
vocab:1194	摺疊
vocab:1195	刺穿
vocab:1196	損毀
# --- anim: 動畫內嵌訊息（*.AA chunk 1），文字的第六個來源 ---
anim:RM001A1.AA.0	別忘了水中呼吸器！
anim:RM001A10.AA.0	可惡。
anim:RM001A10.AA.1	← 花瓶！
anim:RM001A2.AA.0	欸！小心那個……
anim:RM001A2.AA.1	欸！小心那個……水雷。
anim:RM001A2.AA.2	欸！小心那個……水雷。
anim:RM001A3.AA.0	「好吃！」
anim:RM001A4.AA.0	← 躲在樹上的女人
anim:RM001A4.AA.1	← 躲在樹上的女人
anim:RM001A4.AA.2	← 大失誤
anim:RM001A4.AA.3	← 好吃！
anim:RM001A5.AA.0	「嗨！我是雷克斯！」
anim:RM001A5.AA.1	「嗨。你死了。」
anim:RM001A6.AA.0	「砰！你死了！」
anim:RM001A9.AA.0	← 脆脆的！
anim:RM001B0.AA.0	現代雷克斯
anim:RM001B0.AA.1	克羅馬儂雷克斯
anim:RM001B0.AA.2	舊石器雷克斯
anim:RM001B0.AA.3	尼安德雷克斯
anim:RM001B0.AA.4	南方古雷克斯
anim:RM001B0.AA.5	暴龍雷克斯
anim:RM001C0.AA.0	帶您快速參觀
anim:RM001C0.AA.1	錯體奇航
anim:RM001C0.AA.2	拍攝場景
anim:RM001C0.AA.3	← 這 3D 算圖不錯吧？
anim:RM001C1.AA.0	新巴爾的摩小行星
anim:RM001C1.AA.1	（只是模型啦。）
anim:RM001C1.AA.2	← 陽台上的人
anim:RM001C1.AA.3	← 陽台上的人
anim:RM001C1.AA.4	流星 →
anim:RM001C2.AA.0	史東上校的辦公室
anim:RM001C2.AA.1	← 真皮的喔！
anim:RM001C3.AA.0	卡格少校無畏艦的艦橋
anim:RM001C3.AA.1	← 很潮的座椅面板
anim:RM001C3.AA.2	（其實是塑膠做的）
anim:RM001C3.AA.3	← 輪盤
anim:RM001C3.AA.4	← 潛望鏡
anim:RM001C3.AA.5	← 水族箱
anim:RM001C3.AA.6	← 點心區
anim:RM001C3.AA.7	← 話說這些人是誰啊？
anim:RM001C4.AA.0	地下城的酷炫
anim:RM001C4.AA.1	剖面透視圖
anim:RM001C5.AA.0	猛男城
anim:RM001C5.AA.1	（男人的城市）
anim:RM001C5.AA.2	← 布魯斯的
anim:RM001C5.AA.3	店
anim:RM001C5.AA.4	← 威廉斯外環道
anim:RM001C5.AA.5	← 百視搭
anim:RM001C5.AA.6	錄影帶
anim:RM001C5.AA.7	← 阿布杜車行
anim:RM001C5.AA.8	← 總督頂樓豪宅
anim:RM001C6.AA.0	廢棄太空港
anim:RM001C6.AA.1	發射器 →
anim:RM001C6.AA.2	← 糟糕
anim:RM001C7.AA.0	雷克斯與洛克絲在錯體機
anim:RM001C7.AA.1	發射器 →
anim:RM001C7.AA.2	← 糟糕
anim:RM001C8.AA.0	小星星
anim:RM001C8.AA.1	洛克絲
anim:RM001C8.AA.2	蘿彤妲
anim:RM001C8.AA.3	奧爾嘉
anim:RM001C8.AA.4	雷克斯
anim:RM001C8.AA.5	薩托克斯
anim:RM001C8.AA.6	布格
anim:RM001C9.AA.0	雷克斯
anim:RM001C9.AA.1	派羅
anim:RM001C9.AA.2	實習生
anim:RM001C9.AA.3	史萊奇
anim:RM001C9.AA.4	巴德
anim:RM001C9.AA.5	守衛
anim:RM001C9.AA.6	席娜中尉
anim:RM001C9.AA.7	歐格
anim:RM216A.AA.0	「真不敢相信卡格漏掉了這個。」
anim:RM216A.AA.1	「你覺得他派得上用場嗎？」
anim:RM216A.AA.2	「也許吧。看起來不太聰明。」
anim:RM216A.AA.3	「潔倫明天就要進錯體機了……」
anim:RM216A.AA.4	「說不定她可以不用受那個罪了。」
anim:RM216A.AA.5	「好。他既然聰明到能摸進這裡，」
anim:RM216A.AA.6	「……就讓史萊奇醫師看看他。」
anim:RM216A.AA.7	「通知 ME-1 的守衛，可能有客人。」
anim:RM216A.AA.8	「是，長官。」
anim:RM301A.AA.0	「不准動，人渣！」
anim:RM301A.AA.1	「糟了……」
anim:RM301A.AA.2	「我是席娜中尉。我們等你很久了。」
anim:RM301A.AA.3	「你現在是我們的俘虜。」
anim:RM301A.AA.4	「慢慢轉身跟我走；敢反抗的話……」
anim:RM301A.AA.5	「……就地格殺。」
anim:RM301A.AA.6	「快點，人渣！」
anim:RM301A.AA.7	「好啦好啦！」
anim:RM302A.AA.0	「擺好姿勢。」
anim:RM302A.AA.1	「躺著那種嗎？」
anim:RM302A.AA.2	「閉嘴，人渣！」
anim:RM302A.AA.3	「跟上她，人渣！」
anim:RM302A.AA.4	「好啦好啦好啦。」
anim:RM302B.AA.0	「擺好姿勢。」
anim:RM302B.AA.1	「躺著那種嗎？」
anim:RM302B.AA.2	「閉嘴，人渣！」
anim:RM302B.AA.3	「跟上她，人渣！」
anim:RM302B.AA.4	「好啦好啦好啦。」
anim:RM307A.AA.0	「站住，人渣！」
anim:RM307A.AA.1	「這就是你的牢房。進去。」
anim:RM307A.AA.2	「我們等一下回來。」
anim:RM307B.AA.0	「你得跟我們走。」
anim:RM307B.AA.1	「史萊奇醫師想『看看』你……」
anim:RM307B.AA.2	「嘿嘿。」
anim:RM307B.AA.3	「別耍花樣，人渣。」
anim:RM318A.AA.0	「躺上推床。」
anim:RM318A.AA.1	「那玩意兒？免談！」
anim:RM318A.AA.2	「喝啊！」
anim:RM318A.AA.3	「唔。」
anim:RM318C.AA.0	「那麼。」
anim:RM318D.AA.0	「這位是針筒先生！」
anim:RM318D.AA.1	「晚安囉！」
anim:RM318D.AA.2	「呼——呼——……」
anim:RM318D.AA.3	「等等！別叫針筒先生來！」
anim:RM318D.AA.4	「又在做炸彈啦？」
anim:RM318E.AA.0	「這位是針筒先生！」
anim:RM318E.AA.1	「晚安囉！」
anim:RM318E.AA.2	「呼——呼——……」
anim:RM318E.AA.3	「等等！別叫針筒先生來！」
anim:RM319B3.AA.0	「這位是短棍先生！」
anim:RM319B4.AA.0	「跟棍棒先生打個招呼！」
anim:RM319B5.AA.0	「那就見見電鋸先生！」
anim:RM320A.AA.0	「不准動，人渣！你死定了！」
anim:RM320A.AA.1	「我只是在吃甜甜圈而已……」
anim:RM320A.AA.2	「閉嘴，人渣！」
anim:RM320A.AA.3	「史萊奇醫師見到你會樂壞的！」
anim:RM320A.AA.4	「欸，你看！你鞋帶鬆了！」
anim:RM320A.AA.5	「蛤？鞋帶？」
anim:RM320A.AA.6	「蛤？鞋帶？」
anim:RM320A.AA.7	「唔！」
anim:RM320A.AA.8	「欸，謝啦老兄……呃，蜥腳龍先生！」
anim:RM320A.AA.9	「小事一樁，朋友。」
anim:RM320A.AA.10	「我得閃了。」
anim:RM320A.AA.11	「還有幾個屁股等著我踹。」
anim:RM320A.AA.12	「後會……有期……寶貝！嘿嘿。」
anim:RM321G0.AA.0	「糟了……」
anim:RM321G0.AA.1	「這下慘了……」
anim:RM321G0.AA.2	「這下真的慘了。」
anim:RM321G0.AA.3	「搞什麼……」
anim:RM321G0.AA.4	「我的錯體機啊！不見了！！！」
anim:RM321G0.AA.5	「史東死定了！」
anim:RM321G1.AA.0	「最好有用！」
anim:RM321G1.AA.1	「呼——」
anim:RM321G1.AA.2	「還好真的有用！」
anim:RM321G1.AA.3	「沒有小雷克斯我該怎麼辦？」
anim:RM321G2.AA.0	「好吧。」
anim:RM321G2.AA.1	「快點解決吧。」
anim:RM321G2.AA.2	「最討厭這種事了！」
anim:RM938A.AA.0	「所以你看，這七萬五千銀河幣
anim:RM938A.AA.1	是我賺來的！」
anim:RM951A.AA.0	「東西在這，史東。
anim:RM951A.AA.1	我的錢呢？」
anim:RM951A.AA.2	「這不是雷克斯‧尼布勒嗎。
anim:RM951A.AA.3	真是稀客。」
anim:RM951A.AA.4	「我的線人真不可靠，
anim:RM951A.AA.5	雷克斯。他們跟我說你……
anim:RM951A.AA.6	……怎麼講……死了。」
anim:RM951B.AA.0	「你說話從來不留情面，
anim:RM951B.AA.1	雷克斯。這點我還挺欣賞的。」
anim:RM951B.AA.2	「收支票你應該
anim:RM951B.AA.3	不介意吧？」
anim:RM951B.AA.4	「不介意。只要開票的銀行
anim:RM951B.AA.5	是你的，我就收。」
anim:RM951B.AA.6	「這確實是件精品。
anim:RM951B.AA.7	勾起不少回憶啊。」
anim:RM951B.AA.8	「跟我說說，雷克斯。找它
anim:RM951B.AA.9	有遇到什麼麻煩嗎？」
anim:RM952A.AA.0	「省省吧史東！這趟一點都不好玩。
anim:RM952A.AA.1	錢給我，我馬上走人。
anim:RM952A.AA.2	我現在跟一張床有約，
anim:RM952A.AA.3	已經遲到了。」
anim:RM952A.AA.4	「要喝一杯嗎？
anim:RM952A.AA.5	雖然我早就知道
anim:RM952A.AA.6	你的答案。」
anim:RM952A.AA.7	「好啊，來杯七萬五千銀河幣加冰塊。
anim:RM952A.AA.8	純的，要現金。」
anim:RM952B.AA.0	「有沒有麻煩？你坐好，
anim:RM952B.AA.1	我來跟你講講你口中那個
anim:RM952B.AA.2	『輕鬆到不行』的差事。」
anim:RM952B.AA.3	「找那顆星球很簡單。
anim:RM952B.AA.4	簡單得有點過頭……」
anim:RM963A.AA.0	「就是它。好，探測器，上工吧。」
anim:RM965A.AA.0	「再靠近一點……」
anim:RM967A.AA.0	「那到底是什麼鬼東西！？」
anim:RM969A.AA.0	「那艘船也太大了吧！」
anim:RM971A.AA.0	「目標受損，長官。她跑不掉了。」
anim:RM971A.AA.1	「很好。上前解決掉。」
anim:RM973A.AA.0	「比這更糟的我都唬過去了……」
anim:RM973A.AA.1	「油豬號呼叫那艘討人厭的大船……」
anim:RM974A.AA.0	「長官，那名駕駛想跟我們通話。」
anim:RM974A.AA.1	「接到你的螢幕。」
anim:RM974A.AA.2	「是，長官！」
anim:RM974A.AA.3	「欸，有話好說嘛？我只是路過的觀光客！」
anim:RM974A.AA.4	「你發現了我們的星球，你非死不可！」
anim:RM975A.AA.0	「什麼星球！？我聽不懂你在說什麼！」
anim:RM975A.AA.1	「所以可以麻煩別再開火了嗎？我這就走！」
anim:RM976A.AA.0	「武器鎖定完成，長官。」
anim:RM976A.AA.1	「很好。結束吧。」
