1.0	[title26][sentence]
1.1	Why would you want to do a wretched thing
1.2	like that?
2.0	[title32][sentence]
2.1	Great.  Just great.  Now you're trying to talk to
2.2	inanimate objects.  Pretty soon you'll be 
2.3	GIVEing the DOOR to the CEILING and trying
2.4	to CLOSE the CHAIR.
2.5	A free hint:  Try talking to something that at least
2.6	stands a chance of talking back.
3.0	[title32][sentence]
3.1	Dammit!  Now how did I just KNOW you'd go and
3.2	try to do something stupid like that.  Stop it,
3.3	already!
4.0	[title32][sentence]
4.1	You take a moment to look through your
4.2	possessions.  Suddenly you realize that
4.3	the [noun1] [noun1:is:are] not among them.  How could
4.4	you have forgotten to bring [noun1:it:them], you fool?
4.5	If you don't HAVE the [noun1], you can
4.6	hardly throw [noun1:it:them] at the [noun2], can you?
5.0	[title32][sentence]
5.1	You take a moment to look through your
5.2	possessions.  Suddenly you realize that
5.3	the [noun1] [noun1:is:are] not among them.  How could
5.4	you have forgotten to bring [noun1:it:them], you fool?
5.5	If you don't HAVE the [noun1], you can
5.6	hardly throw [noun1:it:them] at the [noun2], can you?
6.0	[title32][sentence]
6.1	There's really no need to throw the
6.2	[noun1] at the [noun2].  Besides, if
6.3	you start throwing things around, you
6.4	might break them.
7.0	[title32][sentence]
7.1	You look carefully at the [noun1] and
7.2	make a mental note that [noun1:it is:they are], in fact,
7.3	[noun1:a :][noun1].  Further revelations are not
7.4	immediately forthcoming, however.
8.0	[title32][sentence]
8.1	You can't take the [noun1], and even if you
8.2	could, you would have no way of carrying
8.3	[noun1:it:them] around with you.
9.0	[title17][sentence]
9.1	Well, it's like mama always used
9.2	to say--"if it ain't open, you can't
9.3	close it, and that's that."
10.0	[title30][sentence]
10.1	You turn the magnifier to maximum and
10.2	get a great big image of the [noun2], but
10.3	gain no new insights from this procedure.
12.0	[title27][sentence]
12.1	Yech!  You don't feel like spending the next
12.2	few days picking scales out of your gums.
13.0	[title27][sentence]
13.1	Putrid.  (What did you expect?)
14.0	[title21][sentence]
14.1	It looks like a beautiful day up there.  Of course
14.2	the rather large ship taking occasional shots at
14.3	you ruins the aesthetics.  Better not try
14.4	to break surface.
15.0	[title22][sentence]
15.1	The sea floor scintillates with refracted sunlight.
16.0	[title32][sentence]
16.1	You already have the [noun1], oh
16.2	wise one.  Any other bright ideas?
18.0	[title32][sentence]
18.1	You grab the [noun1] and yank on [noun1:it:them]
18.2	a few times.  Nothing particularly
18.3	interesting happens and your interest
18.4	in the project quickly lapses.
19.0	[title32][sentence]
19.1	You shove on the [noun1].  Nothing
19.2	in particular happens.  Maybe you
19.3	should push on [noun1:it:them] a few more times
19.4	just in case, though.
20.0	[title32][sentence]
20.1	You shove on the [noun1].  Nothing
20.2	in particular happens.
21.0	[title32][sentence]
21.1	You stare intently at the [noun1]
21.2	for several minutes.  A yawn noisily
21.3	escapes your mouth.
22.0	[title32][sentence]
22.1	You have no need for the [noun1]
22.2	right now.
23.0	[title17][sentence]
23.1	You can't take [noun1:THAT:THOSE]!
24.0	[title32][sentence]
24.1	You take a moment to look through your
24.2	possessions.  Suddenly you realize that
24.3	the [noun1] [noun1:is:are] not among them.  How could
24.4	you have forgotten to bring [noun1:it:them], you fool?
24.5	If you don't HAVE the [noun1], you can
24.6	hardly put [noun1:it:them] somewhere, can you?
25.0	[title32][sentence]
25.1	Picture yourself cramming the [noun1]
25.2	into the [noun2].  Picture yourself accomplishing
25.3	something through this process.  Now count
25.4	to ten slowly and think of something else.
26.0	[title32][sentence]
26.1	You take a moment to look through your
26.2	possessions.  Suddenly you realize that
26.3	the [noun1] [noun1:is:are] not among them.  How could
26.4	you have forgotten to bring [noun1:it:them], you
26.5	fool?  At any rate, you can't give what
26.6	you don't have.
28.0	[title32][sentence]
28.1	The [noun2] makes no discernible moves
28.2	toward the [noun1].  After several minutes
28.3	it begins to dawn on you that the [noun2]
28.4	isn't the least bit interested in your "gift."
29.0	[title32][sentence]
29.1	You wave your hands wildly and point
29.2	emphatically at the [noun1].  When the
29.3	dust settles, however, it becomes clear
29.4	that you have failed to convince the
29.5	[noun2] that it needs [noun1:a :the ][noun1].
30.0	[title32][sentence]
30.1	You can't think of any way to
30.2	get [noun1:this:these] particular [noun1] open.
31.0	[title32][sentence]
31.1	You can't think of any way to
31.2	get [noun1:this:these] particular [noun1] open.
31.3	Maybe a great big hammer would help.
32.0	[title32][sentence]
32.1	You can't think of any way to
32.2	get [noun1:this:these] particular [noun1] open.
32.3	Maybe a great big lever would help.
33.0	[title32][sentence]
33.1	You can't close [noun1:a :][noun1].  Not
33.2	[noun1:this one:these] at least.
34.0	[title26][sentence]
34.1	You really don't need to do that.
35.0	[title26][sentence]
35.1	You can't [sentence].  Not in this
35.2	game, at least.
36.0	[title26][sentence]
36.1	Have you gone mad?  What kind of a
36.2	person would try to [sentence]?
36.3	Perhaps you'd better scrape some
36.4	brain tissue into a cup and think
36.5	of something else.
37.0	[title26][sentence]
37.1	That won't get you anywhere right
37.2	now.  Perhaps you should devise a
37.3	different plan.
38.0	[title32][sentence]
38.1	Blowguns don't work underwater.  Apparently
38.2	your brain doesn't either.
39.0	[title32][sentence]
39.1	While it might be good practice for you to
39.2	shoot a few darts into the [noun2], you really
39.3	can't afford to waste your limited supply of
39.4	ammunition.
40.0	[title32][sentence]
40.1	Now what did the poor [noun2] ever do to you
40.2	that it deserves to be shot with head-shrinking
40.3	darts?
41.0	[title32][sentence]
41.1	The piranhas are moving too quickly for you to
41.2	be able to get in a good shot at them.
42.0	[title32][sentence]
42.1	Be careful with those bombs!  Not only
42.2	do you have a limited supply of them, but
42.3	you also should consider the consequences
42.4	of being too near when one goes off.
99.0	[title26][sentence]
99.1	[center](NOT AVAILABLE IN DEMO)
800.0	[title20]BINOCULARS
800.1	This is a handy pair of StarTech
800.2	"Planetary Explorer" binoculars, adjustable
800.3	for 10x through 30x magnification.
801.0	[title15]BURGER
801.1	This is a festering mass of congealed
801.2	fungus that you knew in former times as a
801.3	hamburger.
802.0	[title24]DEAD FISH
802.1	This is your basic, bloated, dead fish.
802.2	Although it is of an alien species, it is
802.3	just as disgusting as any dead fish you
802.4	have encountered on more familiar worlds.
803.0	[title26]STUFFED FISH
803.1	Apparently the dead fish wasn't disgusting
803.2	enough for you, so you have jammed that
803.3	festering burger down its throat, with
803.4	truly appalling results.
804.0	[title26]REBREATHER
804.1	This is an oxygen rebreather you picked up on
804.2	Cowplug VIII while you were stranded there
804.3	fixing your hyperdrive shunt.  Easily the
804.4	classiest way to see the Great Bovine Reefs
804.5	up close.
805.0	[title22]TIMER MODULE
805.1	This timer module was an integral part of your
805.2	ship until you crash landed here.  It still works,
805.3	but you probably shouldn't bet your life on it's
805.4	accuracy.
806.0	[title32]BIG LEAVES
806.1	The large green leaves barely fit in your
806.2	pockets.  They have strong veins and
806.3	look a bit like spinach leaves.
807.0	[title32]POISON DARTS
807.1	The tips of these blowgun darts have
807.2	been treated with chemical that when
807.3	introduced into the bloodstream causes
807.4	rapid cranial contractions.
808.0	[title32]PLANT STALK
808.1	This plant stalk has been lying on the ground
808.2	for a while.  The center has rotted out, leaving
808.3	a long round tube-like outer shell.
809.0	[title32]BLOWGUN
809.1	This handy little blowgun is the perfect
809.2	tool for propelling darts toward a target.
810.0	[title32]TWINKIFRUIT
810.1	This luscious little fruit looks almost too good
810.2	to be organic.  Something this tasty ought to
810.3	come in a cellophane wrapper.  It's a safe bet
810.4	that this is the tastiest, yummiest, most delicious
810.5	snack on the entire island.
811.0	[title32]BONE
811.1	It's not big enough to be a femur, nor is it
811.2	small enough to be a finger.  You're not exactly
811.3	sure what kind of bone this is.
812.0	[title32]CHICKEN
812.1	This juicy, golden-brown, roasted chicken makes
812.2	your mouth water.
813.0	[title32]SCALPEL
813.1	This surgical steel scalpel is quite sharp.  It also
813.2	appears to be very strong.  You should be careful
813.3	with this.
814.0	[title32]AUDIO TAPE
814.1	This standard ninety-minute audio tape is light
814.2	and compact.
815.0	[title32]CREDIT CHIP
815.1	This looks like an honest-to-goodness credit
815.2	chip!  If you started paying all your bills you
815.3	could probably qualify for one of these--in about 20 years.
816.0	[title32]SECURITY CARD
816.1	The woman on the card has a cold stare.  You take
816.2	comfort in the fact that she's monster food now.  The
816.3	security card has a small magnetic strip on it.
817.0	[title32]CHARGE CASES
817.1	These military compression cases are normally
817.2	used to contain explosive charges.  In their
817.3	current state of emptiness they are about as
817.4	dangerous as coffee cans.
818.0	[title32]<Deleted: Estrotoxin>
818.1	One day, this object will have a name.
819.0	[title32]BOMB
819.1	The detonator on this bomb looks sensitive.
819.2	You should be careful that you don't drop it.
820.0	[title32]TIME BOMB
820.1	By wiring your old timer module to the detonator
820.2	on this baby you have created a makeshift time bomb.
821.0	[title32]REPAIR LIST
821.1	Right now you SHOULD be reading it.
822.0	[title32]ALIEN LIQUOR
822.1	This looks like punchy stuff.  You never know what
822.2	to expect with booze from other planets.  From the
822.3	clarity of the liquor, you assume it to be about 195
822.4	proof.
823.0	[title32]TARGET MODULE
823.1	The quality of the target module impresses you.  With
823.2	this thing running a small ship's fire control computer,
823.3	you would be able to hit almost anything--hard and fast.
824.0	[title21]SHIELD MODULATOR
824.1	This type of shield modulator can increase the performance
824.2	of defensive screens by rapidly diverting power to the
824.3	point of impact.  Without one of these on the Pig,
824.4	you probably wouldn't be alive right now.
825.0	[title32]TAPE PLAYER
825.1	This state-of-the-art stereophonic tape player features
825.2	long-throw titanium-cone woofers, a 26-band tuner which
825.3	includes those hard to find bands such as gamma and graviton wave,
825.4	and a built-in atomic power plant that renders batteries
825.5	obsolete.
826.0	[title32]PHONE CELLS
826.1	These look like standard double-Q sized batteries,
827.0	[title32]PENLIGHT
827.1	This hand-held penlight would be convenient if
827.2	it weren't quite so large.  They must have big
827.3	pens on this planet.
828.0	[title32]"DURAFAIL" CELLS
828.1	This pair of double-Q batteries bear the
828.2	"only name to trust your battery needs to."
828.3	Right.
829.0	[title32]FAKE ID CARD
829.1	The quality of this ID appalls you.  That
829.2	it may actually work around here strikes you
829.3	as nothing less than miraculous.
830.0	[title32]ID CARD
830.1	Now this is a decent ID.  It appears that
830.2	Buck had a decent security clearance too.
831.0	[title32]POLYCEMENT
831.1	This fast-drying all-purpose cement can be
831.2	used to repair broken plates, broken auto body panels,
831.3	broken teeth, and possibly broken marriages.
832.0	[title32]FISHING ROD
832.1	This quaint little fishing rod reminds you of
832.2	weekends spent fishing with your uncle.
832.3	Of course, all you ever caught was the flu.
833.0	[title32]FISHING LINE
833.1	This is the thin nylon line you removed
833.2	from the fishing rod.
834.0	[title32]PADLOCK KEY
834.1	Manufactured from something vaguely resembling
834.2	brass, this key has fared well over the years.
834.3	It is heavy for it's size.
835.0	[title32]DOOR KEY
835.1	This thin door key has the word "Schludge" engraved
835.2	on it.
836.0	[title32]REARVIEW MIRROR
836.1	You lifted this mirror from a
836.2	repair shop.  It is too small for a spaceship,
836.3	but it could be useful as a shaving mirror.
837.0	[title32]COMPACT
837.1	You never expected to find yourself carrying
837.2	one of these around.  The blush is a little dark
837.3	for you, but the mirror is in good shape.
838.0	[title32]<Deleted: Magnet>
838.1	One day, this object will have a name.
839.0	[title32]DETONATORS
839.1	These are military-grade detonators; they
839.2	are extremely sensitive.  An electrical charge
839.3	in the right place or a sudden jolt would set
839.4	these right off.  The four-prong design ensures proper
839.5	ignition of an explosive charge.
840.0	[title32]BOTTLE
840.1	This dirty old bottle had the audacity to be
840.2	floating around without a message in it.
841.0	[title32]CHICKEN BOMB
841.1	This incendiary fowl is sufficiently
841.2	dangerous to warrant great care.  You
841.3	may want to stop nibbling off of it now.
842.0	[title32]VASE
842.1	The beautiful lavender vase is worth
842.2	a lot of money to you.  After all you
842.3	went through to get hold of it you
842.4	wouldn't want to drop it.
843.0	[title32]REMOTE
843.1	This odd-looking remote control has only
843.2	one button on it.  It also has a small
843.3	inscription on the side: "Please return
843.4	to Goldenpipe Space Port".  Hmmm.
844.0	[title32]<Deleted: Game>
844.1	One day, this object will have a name.
845.0	[title32]HANDSET
845.1	The telephone handset is small and light,
845.2	as you would expect something portable
845.3	to be.
846.0	[title32]BONES
846.1	They're not big enough to be femurs, nor are they
846.2	small enough to be fingers.  You're not exactly
846.3	sure what kind of bones these are.
847.0	[title32]GUARD'S ARM
847.1	Yech!  This arm is starting to get stiff.
847.2	You instinctively notice the lack of a
847.3	wedding band.
848.0	[title32]Voice-Activated Auto-Transcribing Audio Log
848.1	[center]Beezlebody's Novelty Shop
848.2	[center]Asteroid 80791-G (orbiting Bageljuice IX)
848.3	[center]
848.4	[center]Cover: 100% Genuine Leather
849.0	[title32]BOMBS
849.1	The detonators on these bombs look rather sensitive.
849.2	You should be careful that you don't drop them.
850.0	[title32]NOTE
850.1	If you can read this then you should call Brian Reynolds
850.2	at MicroProse Software and tell him you found a bug.
851.0	[title32]COMBINATION
851.1	Ah ha!  You have a pretty good idea what
851.2	this is!  Right, left, right, left, these must be
851.3	directions to somewhere in the city.
852.0	[title32]FORMALDEHYDE
852.1	You get a whiff of the formaldehyde, and begin
852.2	to have an olfactory flashback.  Images of
852.3	long-dead frogs flash through your mind.
853.0	[title32]PETROX
853.1	This stuff can be used to power spacecraft.
853.2	You should be VERY careful with it.
854.0	[title32]LECITHIN
854.1	Hmmm. Phosphatides extracted from
854.2	egg-yolk no doubt.
860.0	[title32]CHARGE CASES
860.1	These military compression cases are normally
860.2	used to contain explosive charges.  They are
860.3	currently full of "Pyro's special".  Remember
860.4	what happened to her when she dropped some
860.5	of this stuff . . . .
861.0	[title32]HANDSET
861.1	The telephone handset is small and light,
861.2	as you would expect something portable
861.3	to be, particularly with the batteries out.
862.0	[title32]FISHING ROD
862.1	This quaint little fishing rod reminds you of
862.2	weekends spent fishing with your uncle.
862.3	It is not currently of any use, since you
862.4	removed the fishing line.
863.0	[title32]BOTTLE
863.1	This dirty old bottle had the audacity to be
863.2	floating around without a message in it.
863.3	The bottle is about one quarter full of water.
864.0	[title32]BOTTLE
864.1	This dirty old bottle had the audacity to be
864.2	floating around without a message in it.
864.3	The bottle is about half full of water.
865.0	[title32]BOTTLE
865.1	This dirty old bottle had the audacity to be
865.2	floating around without a message in it.
865.3	The bottle is about three quarters full of water, which
865.4	is starting to make it too heavy to carry around.
866.0	[title32]BOTTLE
866.1	This dirty old bottle had the audacity to be
866.2	floating around without a message in it.
866.3	The bottle is full of water, which is starting to
866.4	make it too heavy to carry around.
867.0	[title32]TAPE PLAYER
867.1	This state-of-the-art stereophonic tape player features
867.2	long-throw titanium-cone woofers, a 26 band-tuner which
867.3	includes those hard to find bands like gamma and graviton wave,
867.4	and a built-in atomic power plant that renders batteries
867.5	obsolete.  There is a small audio tape in the tape player.
401.0	[title32]PLAY AUDIO TAPE
401.1	You hear a feminine voice dictating:
401.2	[center]
401.3	"Entry 21 . . . 28 Bicuspidor 90919 . . . Project KABLOOEY . . . Professor
401.4	Ihma Pyro reporting.  This batch will be called 'LOT 7'.  It is essentially
401.5	LOT 6 with a higher petrox concentration.  I'll start by adding a [index0]
401.6	of [index4] . . . O.K., then a [index1] of [index5] and a gentle stir.  That
401.7	looks pretty good.  Now the [index6]; just a [index2].  Another gentle stir.
401.8	All right.  Finally, a [index3] of [index7].  O.K., this batch looks good.
401.9	I am transporting the mixture to the processing bench where I will--OOPS!"
401.10	[center]<BLAM!>
401.11	[center]
401.12	The rest of the tape is silent.
402.0	[title32][sentence]
402.1	This computer printout appears to be a list of teleporters and their
402.2	maintenance status.  Reading the list you learn that teleporters [number0],
402.3	[number1], [number2], and [number3] have been taken off-line pending repairs;
402.4	units [number4] and [number5] have been recently tuned; units [number6] and
402.5	[number7] are in need of minor adjustments; and that the gender-security
402.6	module in unit [number8] is due for scheduled maintenance.
403.0	[title32][sentence]
403.1	You wire the detonators to the explosives
403.2	inside the charge cases.  You now have a
403.3	fine pair of bombs.
404.0	[title32][sentence]
404.1	You hook the timer module onto the end
404.2	of the bomb, and wire it to the detonator.
404.3	This should now function as a crude time
404.4	bomb once you activate the timer module.
405.0	[title32][sentence]
405.1	The charge cases currently contain no
405.2	explosive material.  Therefore, there is
405.3	no point in attaching the detonators.
406.0	[title32][sentence]
406.1	You press the "PLAY" button, but nothing
406.2	happens.  Apparently there is no tape
406.3	inside.
407.0	[title32][sentence]
407.1	You press the "EJECT" button, but nothing
407.2	happens.  Apparently there is no tape inside.
408.0	[title32][sentence]
408.1	The tape player has no obvious screws
408.2	or other latching devices.  You can't
408.3	even find a battery slot, so it must
408.4	have some permanent internal power source.
409.0	[title32][sentence]
409.1	You pop open the case and remove the
409.2	fishing line cassette.  There is a LOT
409.3	of fishing line on this cassette--probably
409.4	several hundred yards of micro thin fiber.
428.0	[title32][sentence]
428.1	You have already removed all of the fishing
428.2	line from this rod.
410.0	[title32][sentence]
410.1	You gently stroke the plant stalk a few
410.2	times, but nothing happens.  Perhaps you'd
410.3	better think of something more productive
410.4	to do.
411.0	[title32][sentence]
411.1	You unscrew the cap of the penlight.  Inside,
411.2	you find a pair of "DURAFAIL" cells.  There
411.3	is no apparent corrosion, but the cells have
411.4	completely lost their charge.
429.0	[title32][sentence]
429.1	You unscrew the cap of the penlight.  Inside,
429.2	you find a pair of "DURAFAIL" cells.  This must
429.3	be your lucky day, because not only are there
429.4	no signs of corrosion, but the cells appear to
429.5	be fully charged.
412.0	[title32][sentence]
412.1	You unscrew the cap of the penlight and once
412.2	again remove the "DURAFAIL" cells.
413.0	[title32][sentence]
413.1	You unscrew the cap of the penlight and
413.2	remove the phone cells that you put there.
414.0	[title32][sentence]
414.1	You open the battery slot on the handset and
414.2	remove your "DURAFAIL" cells.  Leaving them in
414.3	the phone seems to have paid off, because they
414.4	each now show a full charge.
415.0	[title32][sentence]
415.1	You open the battery slot on the handset and
415.2	remove your "DURAFAIL" cells.  They each still show
415.3	a full charge.
416.0	[title32][sentence]
416.1	You open the battery slot on the handset and
416.2	remove your "DURAFAIL" cells.  They are still
416.3	uncharged.
417.0	[title32][sentence]
417.1	You pry open the battery slot on the handset and
417.2	discover two phone cell batteries inside.  The power
417.3	source for this phone must still be active, because
417.4	it seems to have kept the batteries fully charged.
417.5	You pocket the phone cells for future reference.
418.0	[title32][sentence]
418.1	You pry open the battery slot on the handset and
418.2	once again remove the fully-charged phone cells.
418.3	You again pocket them for future reference.
419.0	[title32][sentence]
419.1	You put the phone cells into the penlight, and
419.2	screw on the cap.
420.0	[title32][sentence]
420.1	You cannot put the phone cells into the penlight
420.2	while the "DURAFAIL" cells are already inside.
421.0	[title32][sentence]
421.1	You slip the phone cells back into the handset
421.2	for safekeeping.
422.0	[title32][sentence]
422.1	You cannot put the phone cells back into the
422.2	handset, because the "DURAFAIL" cells are currently
422.3	inside.
423.0	[title32][sentence]
423.1	You slip the "DURAFAIL" cells back into the penlight
423.2	for safekeeping, and screw on the cap.
424.0	[title32][sentence]
424.1	You cannot return the "DURAFAIL" cells to the
424.2	penlight while the phone cells are inside of it.
425.0	[title32][sentence]
425.1	You slip the "DURAFAIL" cells into the phone
425.2	handset.  They fit snugly against the contacts.
426.0	[title32][sentence]
426.1	If you want to put the "DURAFAIL" cells into the
426.2	phone handset, you will first have to disassemble
426.3	it and remove the current set of batteries.
427.0	[title32][sentence]
427.1	Before you set the time bomb, decide what you
427.2	want to blow up.  You will then need to find a
427.3	stable place to set it so that you can run away
427.4	before it goes off.  You don't want to be anywhere
427.5	near this thing when it blows up.
430.0	[title32][sentence]
430.1	In a fit of frustration, you jam a bomb
430.2	into the chicken.  You are now the proud
430.3	owner of a chicken bomb, and you can't
430.4	wait to light this baby off somewhere and
430.5	watch the drumsticks fly!
431.0	[title32][sentence]
431.1	For some reason, the car refuses to accept
431.2	this particular destination.  Possibly the
431.3	power to the MLV rail has been interrupted
431.4	at that location.
432.0	[title32][sentence]
432.1	You pour out all of the water in the bottle.
432.2	It is now empty.
433.0	[title32][sentence]
433.1	You do not need to put darts in the
433.2	blowgun; simply select a target and
433.3	shoot.
434.0	[title32][sentence]
434.1	Don't do that!  You might need the
434.2	[noun1] to get past some door
434.3	or through some important checkpoint!
435.0	[title32][sentence]
435.1	Don't disassemble the [noun1]!  You
435.2	might need [noun1:it:them]!
435.3	
440.0	[title32][sentence]
440.1	You can't smell the [noun1] because
440.2	your nose is currently full of water.
441.0	[title32][sentence]
441.1	While in the water, your mouth
441.2	is busy using the rebreather.  You
441.3	don't want to risk drowning just to
441.4	try to eat the [noun1].
442.0	[title32][sentence]
442.1	You take a good strong whiff of the
442.2	burger and almost pass out.  This
442.3	thing is probably flammable by now.
443.0	[title32][sentence]
443.1	You open your mouth, give the burger
443.2	a squeeze, get it at just the write angle,
443.3	start your approach . . . . WAIT! One of
443.4	the worms in the burger just gave you
443.5	the saddest look.  You just don't have
443.6	the heart to gobble him up.
444.0	[title32][sentence]
444.1	Wow!  He's getting ripe!
445.0	[title32][sentence]
445.1	You think for a moment, then
445.2	decide that alien sushi is something
445.3	you would prefer to watch some
445.4	one else try first.
446.0	[title32][sentence]
446.1	Grow a brain.  You are already
446.2	wearing the rebreather.
447.0	[title32][sentence]
447.1	Not just yet.  You shouldn't use the
447.2	rebreather until you're underwater.
448.0	[title32][sentence]
448.1	The timer module is not attached to anything,
448.2	so there is no reason to set it.
449.0	[title32][sentence]
449.1	You nibble the edge off of one of the
449.2	big leaves.  When your tongue goes
449.3	instantly numb you decide that you
449.4	should probably not be eating
449.5	strange plants.
450.0	[title32][sentence]
450.1	Sorry, Rex.  These are head 'shrinking'
450.2	darts, not head 'unswelling' darts.
451.0	[title32][sentence]
451.1	With an extremely serious look on your face,
451.2	you carefully hold the twinkifruit in
451.3	both hands.  You then begin to nibble
451.4	on it slowly and deliberately, until
451.5	it is all gone.  You find this a most
451.6	enjoyable experience.
452.0	[title32][sentence]
452.1	You roll up your sleeves, pack the
452.2	twinkifruit into a ball, and with a
452.3	great roar stuff it into your face, where
452.4	you chew on it once or twice and
452.5	swallow it with a bug gulp.  Your
452.6	follow up to this grotesque performance
452.7	is an earth-shattering belch.
453.0	[title32][sentence]
453.1	After gnawing on a bone for a few
453.2	minutes you are overwhelmed by
453.3	the urge to use your foot to scratch
453.4	for fleas.
454.0	[title32][sentence]
454.1	You gently rub the audio tape for
454.2	a few minutes.  You both enjoy
454.3	the experience enormously.
455.0	[title32][sentence]
455.1	Better not.  You may need this later.
455.2	Besides, it's probably the only credit
455.3	you'll see for the rest of your life.
456.0	[title32][sentence]
456.1	After stroking the charge cases
456.2	for a few exciting minutes you
456.3	decide to get back to the business
456.4	at hand.
457.0	[title32][sentence]
457.1	You GENTLY rub the bomb.  You
457.2	rub it some more.  You rub it a little
457.3	harder.  The side of the bomb is starting
457.4	to get shiny, but the nitrate-genie still
457.5	does not make an appearance, so you
457.6	give up.
458.0	[title32][sentence]
458.1	You should find a good place to
458.2	put it first.  Setting the timer and
458.3	THEN finding a place to put it
458.4	could be an extremely stressful
458.5	experience.
459.0	[title32][sentence]
459.1	You tear the top off, tip your head
459.2	back, open your gullet AND . . . reconsider.
459.3	This is serious alcohol.  It could
459.4	impair your ability to do what you're getting paid to do.
460.0	[title32][sentence]
460.1	That would not be a productive
460.2	act.  You may well need this thing.
461.0	[title32][sentence]
461.1	You study the batteries for a moment
461.2	and then remember that you never
461.3	learned how to juggle more than
461.4	one of anything.
462.0	[title32][sentence]
462.1	You had better not.  You'll just
462.2	end up getting the [noun2] all sticky.
463.0	[title32][sentence]
463.1	You don't need to [verb] the fishing line
463.2	to the [noun2].
464.0	[title32][sentence]
464.1	You cannot unlock the [noun2] with
464.2	the [noun1].
465.0	[title32][sentence]
465.1	(sniff)  Well . . . (sniiiiif)  What's
465.2	the big deal about this stuff?
465.3	(sniiiiiiif) It smells kinda funny . . . .
465.4	(sniiiiiiiiif)  I don't undersund vot
465.5	der bik deyul erbowt snurfin zis
465.6	stooslokdigle nargit wiydkow mooz.
465.7	Ignok ferdlik doo dokdigdle fritz kig.
466.0	[title32][sentence]
466.1	You see a reflection of the
466.2	[noun2].  It doesn't look too
466.3	different than the original
466.4	[noun2]; just backwards.
467.0	[title32][sentence]
467.1	You need a shave.
469.0	[title26][sentence]
469.1	You aren't hungry enough to jam the
469.2	entire chicken down your throat, so
469.3	you CAREFULLY nibble on the wing
469.4	a bit and save the rest for a casserole.
470.0	[title26][sentence]
470.1	The detonators are not designed to
470.2	be attached to the [noun2], so you
470.3	carefully put them back in your pocket.
471.0	[title26][sentence]
471.1	You QUICKLY reconsider this act.
471.2	You have plenty of things you can spend
471.3	seventy five thousand galactars on.
472.0	[title26][sentence]
472.1	You introduce yourself and give
472.2	the arm a firm shake.  You quickly
472.3	look around to make sure that no one
472.4	witnessed this momentary indiscretion.
473.0	[title26][sentence]
473.1	You quickly read a random page from your
473.2	log.  Wow!  You really recorded some
473.3	neat stuff in here.
474.0	[title32][sentence]
474.1	You GENTLY rub one of the bombs.  You
474.2	rub it some more.  You rub it a little
474.3	harder.  The side of the bomb is starting
474.4	to get shiny, but the nitrate-genie still
474.5	does not make an appearance, so you
474.6	give up.
475.0	[title32][sentence]
475.1	You get so many preservatives in your
475.2	normal junk-food diet that you probably
475.3	won't need to be embalmed.  You don't
475.4	need any of this stuff.
476.0	[title32][sentence]
476.1	That is not a good idea.  Coffee makes you
476.2	jumpy; rocket fuel would be a serious problem.
477.0	[title32][sentence]
477.1	You take a small sip of the lecithin.  It
477.2	tastes awful, so you wonder what
477.3	possessed you to try to drink it.
478.0	[title32][sentence]
478.1	You open up the [noun1], but there are
478.2	no batteries inside.
479.0	[title32][sentence]
479.1	You aren't actually quite sure how
479.2	one goes about "spindling" something.
912.0	[title26][sentence]
912.1	You aren't hungry enough to jam the
912.2	entire chicken down your throat, so
912.3	you nibble on the wing a bit and save
912.4	the rest for a casserole.
501.0	[title26][sentence]
501.1	You press the button, but nothing
501.2	seems to happen.
502.0	[title30][sentence]
502.1	It would be safer to wait until you
502.2	are inside the ship before activating
502.3	the remote.
10601.0	[title27][sentence]
10601.1	It looks like something you would order
10601.2	from a florist on Mother's Day.  Don't 
10601.3	take it; get her some Bon-Bons. 
10602.0	[title26][sentence]
10602.1	I guess you weren't paying attention in
10602.2	Science Class when Mrs. Jones explained
10602.3	that a sea anemone can deliver a powerful
10602.4	sting.  In an alien ocean, these are words
10602.5	to live by.
10603.0	[title26][sentence]
10603.1	Although it is considered a delicacy by some cultures, you
10603.2	personally find seaweed unappealing.
10604.0	[title20][sentence]
10604.1	Yech!  Maybe you're thinking of changing your
10604.2	diet?  Don't worry, your roughage count is just fine. 
10605.0	[title25][sentence]
10605.1	There are some interesting formations over there.
10606.0	[title24][sentence]
10606.1	It appears your ship fell victim to a small underwater
10606.2	avalanche while you were unconscious on the floor.
10606.3	The odds of your being able to move them all
10606.4	are . . . well . . . zip.
10607.0	[title24][sentence]
10607.1	Inconceivable.  You seemed to have overlooked
10607.2	the fact that these rocks are large and numerous.
10608.0	[title32][sentence]
10608.1	It appears that the Slippery Pig has seen it's last
10608.2	flight.  All that remains is the inner safety hull.
10608.3	The engines, weapons, and basically everything 
10608.4	outside the environmental containment shell were 
10608.5	either shot off or burned off during reentry.
10608.6	Of course being buried under a few hundred
10608.7	tons of rock is no picnic either.  The ship has had it;
10608.8	you're just going to have to find another way off
10608.9	this planet.
10609.0	[title22][sentence]
10609.1	The main airlock is ready, open, and waiting for you.
10609.2	It is the ONLY thing you have ever encountered in said condition.
10610.0	[title26][sentence]
10610.1	It seems some water has seeped in through
10610.2	your eustachian tubes and flooded your brain.
10610.3	ITS ALREADY OPEN!
10611.0	[title20][sentence]
10611.1	Better not.  You never know what lurks
10611.2	around down here.  You may need to get back
10611.3	inside quickly.
10612.0	[title21][sentence]
10612.1	This is a sea cliff.  There is nothing particularly
10612.2	interesting about it.
10613.0	[title27][sentence]
10613.1	The filtered sunlight scintillates in beautiful
10613.2	patterns on the ocean floor.  It's really very pretty.
10613.3	It is . . . very . . . hypnotic . . . .
10614.0	[title25][sentence]
10614.1	You are swimming outside what little is
10614.2	left of your ship.  You appear to be at
10614.3	the western edge of the lagoon you
10614.4	'landed' in.
50110.0	[title25][sentence]
50110.1	The door is obviously made of a thick metal 
50110.2	and seems impenetrable.  In other words, a 
50110.3	good swift kick won't get you anywhere except
50110.4	maybe traction.  There is a card slot next to the
50110.5	door, leading you to wonder what's behind it
50110.6	that's worth securing.
50111.0	[title10][sentence]
50111.1	It's open.
50112.0	[title27][sentence]
50112.1	This looks like every other electronic card
50112.2	reader you have seen.  It's a small slot into
50112.3	which one places a specially encoded card.
50113.0	[title24][sentence]
50113.1	It won't fit.  This place obviously has nothing
50113.2	to do with the place you were in when you
50113.3	found that security card.
50114.0	[title29][sentence]
50114.1	The sign reads: "Don't even THINK of parking here" in 
50114.2	huge letters and "Falmouth Department of Public Works"
50114.3	in small letters.
50115.0	[title20][sentence]
50115.1	You contemplate taking the sign, then
50115.2	remember that you have no good place
50115.3	to put it.  You decide to leave it here.
50116.0	[title33][sentence]
50116.1	Wow!  What a cool looking car!  This must
50116.2	be the mode of transportation they used here.
50116.3	You recognize this as a magnetically levitated
50116.4	vehicle, and it looks fairly high-tech, even for
50116.5	an MLV.
50117.0	[title16][sentence]
50117.1	This is the MLV you were sitting in
50117.2	a moment ago.
50118.0	[title26][sentence]
50118.1	You notice a teleporter and an 
50118.2	elevator on the far wall. 
50119.0	[title30][sentence]
50119.1	This sidewalk and street continue into a large metropolis.
50119.2	The size of the city worries you a bit.  It would
50119.3	be easy to get lost here.  You decide to use
50119.4	the car and not to stray too far from it.
50120.0	[title25][sentence]
50120.1	The building is in reasonably good shape.
50120.2	Apparently no one paid any attention to the
50120.3	"post no bills" request.
50121.0	[title29][sentence]
50121.1	You are at the end of a street which
50121.2	continues west into a large city.  There
50121.3	is a formidable metal door in the building
50121.4	to the north.  A car of some kind is
50121.5	parked in the street.
50122.0	[title25][sentence]
50122.1	You notice the security slot next to the
50122.2	door and conclude that some sort of 
50122.3	pass card is required.
50123.0	[title25][sentence]
50123.1	This looks like a standard fire hydrant.
50124.0	[title25][sentence]
50124.1	You have no urge to get soaking wet.
50125.0	[title25][sentence]
50125.1	It looks like plumbing or something.  You
50125.2	aren't too interested in random pipes.
50126.0	[title22][sentence]
50126.1	What is this fascination with pipes?
50126.2	There is nothing, repeat NOTHING interesting
50126.3	about the pipes.
50127.0	[title30]ABANDONED CITY
50127.1	Wow!  You pause for a moment as you get your
50127.2	first look at the enormous city.  The entire city
50127.3	seems to be built inside a gigantic metal cylinder.
50127.4	You are obviously on the lower of two levels,
50127.5	and can see that the upper level takes the shape
50127.6	of a gigantic four-blade fan.  You spend a minute
50127.7	admiring the architecture.
50127.8	
10701.0	[title22][sentence]
10701.1	It wouldn't be too much of a swim to go
10701.2	over there and get a closer look.
10702.0	[title20][sentence]
10702.1	It's dead.  However, it does bear a remarkable
10702.2	resemblance to the way you look in the morning.
10703.0	[title17][sentence]
10703.1	It looks odd but harmless.
10704.0	[title20][sentence]
10704.1	This is a relatively hard naturally formed mass
10704.2	of mineral that . . . O.K., it's a lousy rock.  Big deal.
10705.0	[title12][sentence]
10705.1	It's green and slimy.
10706.0	[title21][sentence]
10706.1	There's more seaweed down there.
10707.0	[title29][sentence]
10707.1	It's covered with sharp-looking rock formations.
10707.2	It would probably be wise to avoid it.
10708.0	[title25][sentence]
10708.1	You are in the center of the lagoon.  From here
10708.2	it appears that you can swim north, south,
10708.3	or west.
10709.0	[title29][sentence]
10709.1	The manta swims gracefully along the
10709.2	ocean floor.
10710.0	[title29][sentence]
10710.1	Even if you could catch it, you have
10710.2	no need for it.
10301.0	[title21]TASTY TURKEY
10301.1	Gosh, that turkey sure does look tasty!  Maybe 
10301.2	now would be a good time to eat it...?
10302.0	[title22]OOPS
10302.1	Oh my!  The turkey just EXPLODED!
10302.2	It looks like that bedistor board you 
10302.3	salvaged isn't up to snuff.
10303.0	[title29]OVEN
10303.1	You see the ship's oven module.  It is
10303.2	currently covered with smoking chunks
10303.3	of flesh left over from that unfortunate
10303.4	incident with the turkey.
10304.0	[width30][center][under]AUXILIARY POWER MODULE
10304.1	[center][down](a.k.a. "Binky")[cr]
10304.2	Cute little guy, isn't he?  He may not
10304.3	look it, but Binky is actually a fully
10304.4	equipped STELLARTRON XJ-6281Q4 Mark 12 Bionic
10304.5	Hamsteroid, complete with QR3 fusion-pack whiskers and
10304.6	a peanut-sized positronic brain.  Believe
10304.7	it or not, Binky is quite capable of maintaining
10304.8	life support levels in this craft indefinitely.
10305.0	[title29][sentence]
10305.1	Don't touch Binky!  Right now, he's the only
10305.2	thing between you and a "Class One Hyperdrive
10305.3	Containment Breach".  This generally involves 
10305.4	the hyperdrive shunt (that big red thing in the middle of the
10305.5	room) exploding with enough force to split
10305.6	the planet in half.  Besides, if you touched
10305.7	Binky with your bare hands the electric charge
10305.8	would probably blow your hand off.
10306.0	[title27][sentence]
10306.1	As it happens, Binky is one of the most
10306.2	loquacious Mark 12 Bionic Hamsteroids you've
10306.3	ever encountered.  Many are the times the two
10306.4	of you have sat down for a lengthy discussion
10306.5	of Aristotle's "Metaphysics" to be followed
10306.6	by a nice game of hyperchess (sure, the hamster
10306.7	always wins, but admittedly your cheating has 
10306.8	come a long way).  Right now, just be thankful that
10306.9	the auxiliary power module is still "running".
10307.0	[title30]BIG PIPES
10307.1	Ordinarily, these pipes deliver super heated steam
10307.2	from the Hyperdrive Jump Unit to the Dimensional
10307.3	Rift Engines.  Right now, they seem to be doing a
10307.4	better job of delivering the aforementioned steam
10307.5	into the local environment.  Well, you can always
10307.6	come back here and get your clothes pressed.
10308.0	[title32]WARP COIL (RETIRED)
10308.1	The RQ-11 Kagasaki Warp Coil is ordinarily found at
10308.2	the base of the Dimensional Rift Engines mount, and
10308.3	is the primary catalyst for translating the ship
10308.4	into hyperspace.  This particular unit, however,
10308.5	now occupies the engineering room floor, and has
10308.6	obviously seen better days, having recently been
10308.7	rather abruptly belched through a five-foot bulkhead
10308.8	by the Quantum Shunt.  It looks like you're going
10308.9	to have to find another ride off this rock, since
10308.10	this baby ain't goin' nowhere.
10309.0	[title22][sentence]
10309.1	You can't take the shovel because the furnace heat 
10309.2	has welded the metal to the wall.
10310.0	[title22]TAKE COAL!!?!
10310.1	And get your hands dirty?  NEVER!
10311.0	[title26][sentence]
10311.1	It's hot enough already.  Anyway, you
10311.2	know how sweating makes you stink.
10312.0	[title29][sentence]
10312.1	Yep, it's a furnace, all right--a StarTech Model 8
10312.2	Hyperdrive Blast Furnace to be precise.  It is capable
10312.3	of reaching temperatures similar to, to... well you know -
10312.4	the hot place where snowballs don't stand a chance.
10312.5	Right now the door is hanging open, so 
10312.6	things are nice and toasty around here.
10313.0	[title25][sentence]
10313.1	Lean over and put your head next to the
10313.2	fire so that your brain can warm up.  It's 
10313.3	already open, Einstein!
10314.0	[title20][sentence]
10314.1	The hinges appear to be broken.
10315.0	[title33]PLEKHANOV SHIELD GENERATOR
10315.1	If it weren't for this baby right here, you
10315.2	would probably be a rapidly expanding cloud
10315.3	of subatomic particles.  The Plekhanov Shield
10315.4	Generator is, in layman's terms, responsible for
10315.5	keeping the ship from being blasted into tiny chunks
10315.6	by such malevolent energies as might happen to cross
10315.7	its path.  Apart from your (cough) legendary piloting
10315.8	skills, the P.S.G. is the main reason you survived your
10315.9	recent encounter.  Now get your mind off of Miss Cuspidor 
10315.10	and start thinking about getting past that big warship
10315.11	(assuming you ever make orbit again, that is).
10316.0	[title33]HYPERDRIVE JUMP UNIT
10316.1	This is the infamous RICHARDS 421-K 
10316.2	Turbocharged Ten Cell Hyperdrive
10316.3	Accelerating Jump Unit, with a special 
10316.4	child-resistant anti-matter access module.  
10316.5	You bought this one from the universal 
10316.6	cable shopping channel (Channel TT412).
10317.0	[title26][sentence]
10317.1	The gauge indicates the pressure in
10317.2	the large overhead pipes.  As you can
10317.3	see, the flow is now somewhat erratic,
10317.4	which just might have something to do
10317.5	with being shot down and crashing into
10317.6	the ocean floor.
10318.0	[title30][sentence]
10318.1	This is the manual override for the Hyperdrive
10318.2	and the main power system.  Normally you could
10318.3	alter the power grid from here, or control engine 
10318.4	output levels.  The console evidently sustained 
10318.5	some damage during the crash-landing
10318.6	because it is now completely dead.
10319.0	[title24][sentence]
10319.1	This is an emergency rebreather which
10319.2	seems to have fallen off of its safety
10319.3	mount.  It allows the wearer to breathe
10319.4	in a inhospitable environment such as 
10319.5	underwater or in a men's locker room.
10320.0	[title27][sentence]
10320.1	On the workbench is a timing device that you
10320.2	recently repaired.  Although it was designed to 
10320.3	fire retro-burners at fixed intervals, you found a better
10320.4	use for it--to let you know when the turkey was done.
10321.0	[title20][sentence]
10321.1	Through all the grease and grime you can
10321.2	just barely make out the pattern of your
10321.3	asphalt tiling.
10322.0	[title26][sentence]
10322.1	After assessing the damage you wish you had 
10322.2	brought your tool box.  Inside the tool box is a 
10322.3	bottle of whiskey and, right now, you could really
10322.4	use a stiff drink.  
10323.0	[title30]OVEN
10323.1	This is the first time you have tested the oven since
10323.2	you installed that salvaged bedistor board.  The
10323.3	turkey looks just about done.
10324.0	[title27]WORKBENCH
10324.1	The recent beating your ship took has thrown almost
10324.2	everything off your little workbench.  There is a small
10324.3	timing device here.
10325.0	[title27]WORKBENCH
10325.1	The recent beating your ship took has thrown almost
10325.2	everything off your little workbench.
70110.0	[title33][sentence]
70110.1	Your little maneuver with the time bomb
70110.2	has moistened the city a tad.  Only a single
70110.3	building protrudes above the water
70110.4	in the distance.  The boat you lowered is floating
70110.5	just out of reach.
70111.0	[title33][sentence]
70111.1	Your little maneuver with the time bomb
70111.2	has moistened the city a tad.  Only a single
70111.3	building protrudes above the water in the
70111.4	distance.
70112.0	[title26][sentence]
70112.1	The city lies completely under the
70112.2	surface of the water.  You can see
70112.3	nothing except a single
70112.4	tower in the distance.
70113.0	[title20][sentence]
70113.1	You may not want to use this any more.
70113.2	It would be safe to assume that going
70113.3	down would be a wet experience.
70114.0	[title30][sentence]
70114.1	The rim of the city is obviously the top
70114.2	of the volcano cone.  The short section
70114.3	you are standing on has been paved, and
70114.4	you imagine that it may have been a maintenance
70114.5	platform.
70115.0	[title27][sentence]
70115.1	These probably served some purpose
70115.2	during the construction of the city.  Time and
70115.3	weather have taken their toll on these
70115.4	outcroppings, in some cases revealing
70115.5	the reinforcing steel beneath.  A sharp hook
70115.6	protrudes from the upper corner of the
70115.7	right-most pylon.
70116.0	[title20][sentence]
70116.1	A sharp piece of metal pokes out from one
70116.2	of the cement pylons.  Weather has rusted
70116.3	most of the metal away.
70117.0	[title17][sentence]
70117.1	The fishing line you tied to the hook
70117.2	is still here.
70118.0	[title21][sentence]
70118.1	The rim of the city is surrounded
70118.2	by igneous rock.  It is blue-purple
70118.3	in color and is porous.
70119.0	[title16][sentence]
70119.1	You don't need any pumice.
70120.0	[title24][sentence]
70120.1	To the east you see a teleporter
70120.2	booth.
70121.0	[title22][sentence]
70121.1	In the distance you see the only building
70121.2	that rises above the water.
70122.0	[title27][sentence]
70122.1	Not bad!  The boat managed to
70122.2	stay upright during the flooding,
70122.3	and is now floating just out of reach.
70123.0	[title16][sentence]
70123.1	The boat is 'docked' at the maintenance
70123.2	platform.
70124.0	[title29][sentence]
70124.1	The fishing line has become hopelessly
70124.2	tangled.  It looks like you aren't going to
70124.3	be doing any fishing with this thing.
70125.0	[title22][sentence]
70125.1	You don't need to pull on the fishing
70125.2	line.  The boat is already here.
70126.0	[title19][sentence]
70126.1	You reel in the fishing line and
70126.2	stuff it in your pocket.
70127.0	[title29][sentence]
70127.1	As much as you would like to simply reach out and
70127.2	just grab the boat, your arms simply aren't long enough.
70127.3	Looking down, you see something large moving
70127.4	in the water below and decide that trying to
70127.5	swim to it could be a fatal mistake.
70128.0	[title33][sentence]
70128.1	Your little maneuver with the time bomb
70128.2	has moistened the city a tad.  Only a single
70128.3	building protrudes above the water
70128.4	in the distance.  The boat you lowered is now
70128.5	floating within reach of the platform.
10501.0	[title25][sentence]
10501.1	The [noun1] is uninteresting.
10502.0	[title27][sentence]
10502.1	It's a cliff.  It's in the sea.  O.K.?
10503.0	[title27][sentence]
10503.1	It's pretty.
10504.0	[title26][sentence]
10504.1	You can't help but wonder what kind of sick
10504.2	society would pollute its own oceans.  You are also
10504.3	surprised to see such a thing this far from
10504.4	New Jersey.
10505.0	[title11][sentence]
10505.1	Yech!  Better not.
10506.0	[title25][sentence]
10506.1	It appears to be a naval proximity mine.  You'd
10506.2	better not get too close.
10507.0	[title25][sentence]
10507.1	A fool and his torso are soon parted.
10508.0	[title24][sentence]
10508.1	It reminds you of your last blind date.
10509.0	[title20][sentence]
10509.1	The wicked witch hasn't melted--she's
10509.2	still up there.
10510.0	[title25][sentence]
10510.1	There is a large open area to the south--probably
10510.2	worth exploring.
10511.0	[title14][sentence]
10511.1	They are uninteresting.
10512.0	[title26][sentence]
10512.1	You are still underwater.  To your west you see
10512.2	a strange plant.  There is a large open area to the south.
10512.3	
10901.0	[title10][sentence]
10901.1	It's mostly sand.
10902.0	[title21][sentence]
10902.1	You have no interest in the coral. 
10903.0	[title27][sentence]
10903.1	You really don't need it unless you're planning 
10903.2	on making some cheap jewelry.
10904.0	[title25][sentence]
10904.1	Your heart pounds profusely over your
10904.2	fascination with . . . rocks?
10905.0	[title25][sentence]
10905.1	You do not need any rocks.
10906.0	[title16][sentence]
10906.1	It's not very interesting.
10907.0	[title29][sentence]
10907.1	Now that just might be a way out of here.
10907.2	Of course there is the little matter of that
10907.3	weird hungry purple thing.
10908.0	[title30][sentence]
10908.1	That funny purple thing came out of one of
10908.2	these holes.
10910.0	[title25][sentence]
10910.1	You probably don't want to get
10910.2	too close to that thing.
10911.0	[title25][sentence]
10911.1	Not much has changed since you last visited
10911.2	the area.
10912.0	[title29][sentence]
10912.1	You are at the southeastern edge of the lagoon.
10912.2	There is a cave here that could be a safe
10912.3	exit from the water.
10913.0	[title26][sentence]
10913.1	Now that just might be a way out of here.
10913.2	There is a dead creature lying next to it.
10913.3	
10914.0	[title24][sentence]
10914.1	He looks dead.  That burger must have been
10914.2	extremely toxic to make him ooze like that.
10915.0	[title32][sentence]
10915.1	He doesn't seem to interested in the burger.  Then
10915.2	again, would you eat it?
30710.0	[title27][sentence]
30710.1	The air vent is just large enough for you to crawl through,
30710.2	but it's being held closed by a small latch.
30711.0	[title16][sentence]
30711.1	That little scalpel did the trick.  The latch has
30711.2	been jimmied and the air vent is unlocked.
30712.0	[title19][sentence]
30712.1	It's a good thing you aren't too tired, because
30712.2	the 'bed' looks extremely uncomfortable.
30713.0	[title33][sentence]
30713.1	Egad!  Look at all that stringy hair
30713.2	clumped together in the drain.  It's 
30713.3	just like your sink, except that there
30713.4	isn't anything crawling around in it.
30714.0	[title26][sentence]
30714.1	Noticing that the seat is down you
30714.2	quickly conclude that the last prisoner
30714.3	must have been female.  You are
30714.4	momentarily stunned by your own
30714.5	brilliance.
30715.0	[title29][sentence]
30715.1	The cell is damp and dreary.  The bed looks
30715.2	uncomfortable; calling the sink and toilet
30715.3	"unclean" would be like calling Newton "bright".
30715.4	To make matters worse, the force-field holding
30715.5	you here is making your hair stand on end.
30716.0	[title27][sentence]
30716.1	The scalpel is a precision instrument.  Trying
30716.2	to sharpen it without the correct equipment
30716.3	is not a good idea.  You don't want to break
30716.4	the thing--you may need it later.
30717.0	[title29][sentence]
30717.1	The back wall of this cell was obviously
30717.2	carved from solid rock.  The other walls
30717.3	are made of a strong ferrous metal.  The
30717.4	only obvious means of egress is the front
30717.5	of the cell, which is currently protected
30717.6	by a powerful force field.
30718.0	[title26][sentence]
30718.1	Possibly the only thing in the room brighter
30718.2	than yourself, the light bathes the room in
30718.3	a sodium-orange glow.
30719.0	[title26][sentence]
30719.1	Your walk is stopped short by a run-in with
30719.2	an impenetrable force field.
30720.0	[title20][sentence]
30720.1	You try once more to penetrate the
30720.2	impenetrable force field, with predictable
30720.3	results.
30721.0	[title25][sentence]
30721.1	After bumping your face a third time you
30721.2	decide to be more careful where you walk.
30722.0	[title16][sentence]
30722.1	You once more bash your face
30722.2	on the force field.
30723.0	[title32][sentence]
30723.1	Not right now!  Those guards might be watching!
10801.0	[title25][sentence]
10801.1	Don't strain your eyes; there's really
10801.2	not much to see.
10802.0	[title13][sentence]
10802.1	Nothing special here.
10803.0	[title21][sentence]
10803.1	They have been rocks for a long time.  They
10803.2	probably will continue to be rocks for a long time.
10804.0	[title26][sentence]
10804.1	Sorry. Too heavy--not to mention useless.
10805.0	[title25][sentence]
10805.1	Millions of years ago these used to be rocks.  
10805.2	Now look at them.  They have become, well, ahh,
10805.3	older and wiser rocks.  Isn't it amazing what
10805.4	evolution can do?
10806.0	[title10][sentence]
10806.1	Not worth it.
10807.0	[title25][sentence]
10807.1	CPR is definitely out of the question,  but maybe
10807.2	mouth to mouth might . . . nah.
10808.0	[title26][sentence]
10808.1	You carefully pick up the dead, slimy fish.
10809.0	[title21][sentence]
10809.1	That looks like an interesting area.
10810.0	[title25][sentence]
10810.1	There is a large open area north of you.
10811.0	[title25][sentence]
10811.1	You sense her presence as goose bumps 
10811.2	encompass the pores of your body.
10812.0	[title32][sentence]
10812.1	You are toward the southern end of the lagoon.
10812.2	A coral barrier blocks your progress south.  You
10812.3	can swim north or east.
10812.4	
20701.0	[title22][sentence]
20701.1	The dense forest looks like the kind
20701.2	of place you would like to avoid.
20702.0	[title20][sentence]
20702.1	It's nice and straight.  You are glad to see that someone
20702.2	around here takes pride in their lawn.
20703.0	[title21][sentence]
20703.1	No doubt a sign that outsiders are not welcome.
20703.2	Perhaps you shouldn't hang around here too long.
20704.0	[title21][sentence]
20704.1	Yech! Whatever is cooking in that cauldron
20704.2	smells bad enough to kill a horse.  Then again,
20704.3	maybe that's what it's supposed to do.
20705.0	[title30][sentence]
20705.1	This appears to be some sort of native shaman's
20705.2	home.  The fire under the cauldron has been recently
20705.3	stoked--You may not want to hang around too long.
20705.4	Then again, the door is open . . . .
20706.0	[title16][sentence]
20706.1	The path looks well used.
20707.0	[title20][sentence]
20707.1	The breathtaking mountains climb
20707.2	majestically into the sky.
20708.0	[title26][sentence]
20708.1	How about that.  This plant actually grows on
20708.2	a planet that has no cosmetics industry.
20709.0	[title18][sentence]
20709.1	The lawn is of little interest.
20710.0	[title32][sentence]
20710.1	This bird looks remarkably like what would be
20710.2	called a vulture on your home planet.  Then again,
20710.3	YOU have been called a vulture on your home
20710.4	planet.
20711.0	[title22][sentence]
20711.1	You have a strange and eerie feeling that
20711.2	you shouldn't be here.
20712.0	[title19][sentence]
20712.1	They are secured tightly to the pole and 
20712.2	can not be removed.
20713.0	[title27][sentence]
20713.1	You don't need it, your skin is in good shape.
20714.0	[title17][sentence]
20714.1	There are numerous insects crawling
20714.2	around the rocks.
20715.0	[title21][sentence]
20715.1	Yech!  Even if you could catch it you
20715.2	don't need friends THAT badly.
11001.0	[title26][sentence]
11001.1	You have the same eerie feeling that you had when your
11001.2	last girlfriend locked you in the closet for leaving the toilet
11001.3	seat up.
11002.0	[title20][sentence]
11002.1	The cave ceiling is uninteresting.
11003.0	[title16][sentence]
11003.1	When you've seen one rock, you've seen them all.
11004.0	[title25][sentence]
11004.1	Perhaps they should be called 'enormous
11004.2	unliftable boulders'.  Get the point?
11005.0	[title25][sentence]
11005.1	It looks long and dark.  There appears to be a
11005.2	small glimmer of light at the far end.
11006.0	[title22][sentence]
11006.1	This is how you got here remember?
11007.0	[title25][sentence]
11007.1	Isn't this the same type of growth that can be
11007.2	found between your toes at the end of every month?
11008.0	[title25][sentence]
11008.1	These are not edible unless they're put on top of a
11008.2	pizza.  Since nobody delivers in the immediate area,
11008.3	they're useless.
11008.4	
11101.0	[title20][sentence]
11101.1	Imagine that, they still make cave floors
11101.2	just like they used to.
11102.0	[title25][sentence]
11102.1	You become very frightened until you 
11102.2	realize that it's just your reflection.
11103.0	[title22][sentence]
11103.1	This would appear to be the way out.
11104.0	[title29][sentence]
11104.1	You ponder how long it took
11104.2	for these conical deposits to form.  You
11104.3	also ponder what it would feel like to
11104.4	trip and fall on one.
11105.0	[title27][sentence]
11105.1	As you can see, this is a bigger and more
11105.2	improved version of the smaller stalagmites.
11106.0	[title17][sentence]
11106.1	It might be easier to rip an oak tree
11106.2	out of the ground.
20101.0	[title18][sentence]
20101.1	The field is basically grassy.
20102.0	[title25][sentence]
20102.1	The rocks here are not very interesting.
20103.0	[title27][sentence]
20103.1	These odd looking plants seem to
20103.2	be common on this island.
20104.0	[title27][sentence]
20104.1	The sky is clear and blue.
20104.2	You couldn't have asked for a
20104.3	nicer day.
20105.0	[title26][sentence]
20105.1	The water, like the sky, is clear and blue.
20105.2	In the distance, you can see a small island.
20106.0	[title26][sentence]
20106.1	It appears to be volcanic.  You can't make
20106.2	out any details from this far away.
20107.0	[title21][sentence]
20107.1	This meteorological monstrosity appears capable
20107.2	of simultaneously reading the wind speed, barometric
20107.3	pressure, relative humidity, your palm, and "Moby Dick".
20108.0	[title19][sentence]
20108.1	There are signs of heavy foot traffic 
20108.2	between the weather station and that
20108.3	strange booth.
20109.0	[title26][sentence]
20109.1	The purpose of this contraption completely
20109.2	escapes you.  It appears to be a high-tech
20109.3	porta-potty, you can't help feeling it must
20109.4	serve some higher purpose.
20110.0	[title25][sentence]
20110.1	To the south you see the hut which that
20110.2	large woman apparently lived in.  You can even smell it
20110.3	from here.  Blech!
20111.0	[title20][sentence]
20111.1	This small peninsula seems to be used
20111.2	by someone for monitoring weather conditions.
20112.0	[title24][sentence]
20112.1	This is the booth that woman appeared and disappeared in.
20112.2	It must be some sort of teleportation device.
20113.0	[title22][sentence]
20113.1	This is definitely a teleporter booth.
20114.0	[title25]WRONG NUMBER
20114.1	As the machine reduces you to a scarlet puddle you hear a
20114.2	cold mechanical voice chanting: "We're sorry; your call cannot
20114.3	be completed as dialed.  Please check the number and dial again."
20501.0	[title22][sentence]
20501.1	You probably shouldn't draw so much attention
20501.2	to yourself.  You are not, after all, who she
20501.3	thinks you are.
20502.0	[title22][sentence]
20502.1	You are standing in what appears to be a small
20502.2	village.  There is only one person here, leaning
20502.3	against a hut.
20503.0	[title25][sentence]
20503.1	She appears to be watching the chickens.
20504.0	[title25][sentence]
20504.1	The huts are well made grass and thatch huts.
20504.2	One appears to double as a chicken coop.
20505.0	[title22][sentence]
20505.1	The chickens are running around in ignorant
20505.2	bliss.  None of them seem to have
20505.3	considered WHY they are being fed so well.
20506.0	[title27][sentence]
20506.1	Even if you could catch it you have no urge
20506.2	to carry around something that is alive and kicking.
20506.3	Never mind something that is clawing and pecking.
20507.0	[title21][sentence]
20507.1	The chicken looks like it has been slowly roasting
20507.2	on that spit all morning.  It looks like it is just about done.
20508.0	[title26][sentence]
20508.1	This fire pit looks ideal for roasting fowl.
20509.0	[title19][sentence]
20509.1	Are you nuts?  That would hurt!
20510.0	[title27][sentence]
20510.1	The stream looks cool and inviting.
20510.2	Every now and then you see a large
20510.3	dorsal fin glide by.
20511.0	[title22][sentence]
20511.1	On the opposite bank you see a path
20511.2	leading through the trees.  The path 
20511.3	looks overgrown, as if  no one had used
20511.4	it in years.
20512.0	[title21][sentence]
20512.1	Those little buggers would still be hungry if you
20512.2	fed them a herd of cattle.  Give it up.
20513.0	[title19][sentence]
20513.1	They look numerous and hungry.
20514.0	[title17][sentence]
20514.1	This is obviously where the twinkifruits
20514.2	come from.
20515.0	[title26][sentence]
20515.1	The individual twinkifruits are not yet ripe, and
20515.2	the bush is too big to carry around.
20516.0	[title25][sentence]
20516.1	Hmmmm.  Didn't you see those odd-looking
20516.2	fish in the stream?  You need to be more careful.
20517.0	[title22][sentence]
20517.1	You aren't currently of the correct gender for
20517.2	that type of activity.
20518.0	[title16][sentence]
20518.1	You discover nothing new.
10201.0	[title27]BINOCULARS
10201.1	Taking your trusty binoculars off the hook reveals
10201.2	a previously obscured portion of the poster.  You
10201.3	spend a few moments studying it.
10202.0	[title29][sentence]
10202.1	You stare at the lamp...  You stare some more...
10202.2	Realizing you may soon spend the rest of your life
10202.3	wearing sunglasses and being led around by a dog
10202.4	you decide to do something productive.
10203.0	[title27][sentence]
10203.1	Maybe if you stare at it long enough,
10203.2	something really important will happen
10203.3	that will help you escape from this planet - NOT!
10204.0	[title17]LOOK THROUGH DOOR
10204.1	The door leads back to the ship's
10204.2	cockpit.  If you walk towards it
10204.3	"real fast", it will open for you
10204.4	automatically (honest it will).
10205.0	[title19][sentence]
10205.1	If you were to walk in that direction,
10205.2	you would wind up in the ship's engineering
10205.3	section, where you could check out the
10205.4	damage to the hyperdrive firsthand.
10206.0	[title24][sentence]
10206.1	Being the man that you are you can't help
10206.2	but to briefly pause and admire yourself in 
10206.3	the medicine cabinet mirror.  You are elated 
10206.4	to see that the hideous cold sore you "earned"
10206.5	last month has finally cleared up.
10207.0	[title27]MEDICINE CABINET
10207.1	Well, let's see... you've got a couple of
10207.2	old toothbrushes, a used up stick of deodorant
10207.3	from last year you were saving "for an
10207.4	emergency", and that festering pile of dried-up
10207.5	toothpaste left over from when the 'Crust' tube
10207.6	exploded a couple of years ago.
10208.0	[title22][sentence]
10208.1	The door creaks open once again, revealing
10208.2	(once again) your sordid collection of
10208.3	bathroom implements.
10209.0	[title27][sentence]
10209.1	The medicine cabinet door creaks shut,
10209.2	and you remind yourself that one of these
10209.3	days you're going to have to have that
10209.4	toothpaste sandblasted off of the bottom
10209.5	shelf.  For now, though, you decide to let
10209.6	it ferment in peace.
10210.0	[title27][sentence]
10210.1	It's a cute little chair that you're
10210.2	supposed to sit in while you eat dinner.
10210.3	You never sit in it though, finding it
10210.4	more convenient to drag a sandwich up
10210.5	to the cockpit and get crumbs all jammed
10210.6	in between the buttons on the console.
10211.0	[title26][sentence]
10211.1	Better not.  The many fluids that have been
10211.2	spilled on this chair have formed a new adhesive.
10211.3	You might never get up again.
10212.0	[title27][sentence]
10212.1	Theoretically, the weight machine is here
10212.2	to keep you, the interstellar voyager, in
10212.3	top physical shape as you ply the uncharted
10212.4	deeps of outer space.  In practice, it makes
10212.5	a nice piece of "post-modern" sculpture, and you
10212.6	can drag it around to serve as a coffee table
10212.7	or footstool when the need arises.
10213.0	[title26]IMPORTANT ENVIRONMENTAL FACT
10213.1	As long as you stand right next to the refrigerator
10213.2	like that, its pathetic little robot brain will keep the
10213.3	door wide open, spilling all the cold air out into the
10213.4	room and wasting energy.  Besides, the slight chill
10213.5	it imparts on your ancient foodstuffs is probably the
10213.6	only thing that keeps most of them from rising up
10213.7	in rebellion.
10214.0	[title27][sentence]
10214.1	Even a veteran bacteriologist would get down
10214.2	on his knees and retch if he had to look at the
10214.3	contents of this refrigerator for very long.
10214.4	The county coroner himself couldn't bear the sight
10214.5	of that festering mass of congealed fungus you call
10214.6	a sandwich.  The burger in the front appears to be
10214.7	moving under it's own power, and the cure for
10214.8	something is growing on the back wall.
10215.0	[title27]ROBO-KITCHEN
10215.1	You're still incapable of using most of this
10215.2	thing's features.  You pretty much gave up
10215.3	after taking two days to figure out how to prepare
10215.4	"baked water".
10216.0	[title30][sentence]
10216.1	I'm afraid there is nothing you can
10216.2	do to that burger to make it edible.  Heating it
10216.3	up would only increase the mutation rate of it's
10216.4	new inhabitants.
10217.0	[title24][sentence]
10217.1	Now didn't your mommy teach you not to
10217.2	put foreign objects into major kitchen
10217.3	appliances?  Why don't you just go stick
10217.4	a knife in a toaster or something?
10218.0	[title30][sentence]
10218.1	Sorry, but 'opening' the robo-kitchen is
10218.2	a privilege reserved for the much elusive
10218.3	"qualified service personnel".  If you want
10218.4	to use the kitchen, you need only stuff
10218.5	some food product into it.  Then again,
10218.6	very little of what you have in your ship
10218.7	qualifies as 'food'.
10219.0	[title26][sentence]
10219.1	This is where you keep your "wardrobe".
10219.2	A few old shirts you never wear are silently
10219.3	decomposing on the hangers.  At one point,
10219.4	the closet contained several dozen moth balls,
10219.5	but they disappeared one night when you
10219.6	were severely intoxicated and had the 'munchies'.
10219.7	Leave everything where it is because it would just
10219.8	disintegrate in your hands.  
10220.0	[title32][sentence]
10220.1	The sum total of all of your clean clothes at
10220.2	any given moment can generally be found
10220.3	crammed into this drawer.  They are jammed in
10220.4	so tightly in fact, that they have achieved a new
10220.5	state of matter, and have their own gravitation
10220.6	field.  Don't even try to close this thing.
10221.0	[title30][sentence]
10221.1	No chance.  You would need a crowbar and possibly a
10221.2	steam shovel to remove a few pounds of clothes
10221.3	first; then you might be able to move this thing.
10222.0	[title30][sentence]
10222.1	The hatchway at the top of the ladder leads to
10222.2	the main airlock.  Fortunately, the airlock appears
10222.3	to be unobstructed, so you should be able to use it to
10222.4	make your exit from the ship.  Before you do, you'll
10222.5	need to find some sort of oxygen supply (the ship
10222.6	being underwater and all).  You seem to remember
10222.7	having a rebreather around somewhere...
10223.0	[title27][sentence]
10223.1	You stop and admire the poster for a
10223.2	few hours.  It's Miss Cuspidor 90917
10223.3	from the Filth-R-Us Calendar, and
10223.4	definitely one of the finest examples
10223.5	of holographic art you've ever laid drool on. 
10224.0	[title29][sentence]
10224.1	A few months ago, in a fit of admiration,
10224.2	you super-glued the poster to the wall.
10224.3	Although your heavy panting might steam 
10224.4	it off it's highly unlikely you will be able to get it down without
10224.5	ripping it to shreds and leaving ugly goo-marks
10224.6	all over the bulkhead.  In the interest of
10224.7	art appreciation, you decide to leave the
10224.8	poster where it is.
10225.0	[title29][sentence]
10225.1	This is not a good idea considering the shape
10225.2	you are in.  You have a lot to accomplish and 
10225.3	an excruciating hernia is not going to help.
10226.0	[title24][sentence]
10226.1	This is the master circuit control panel for
10226.2	the inhabited areas of the ship.  Right now,
10226.3	all life support systems are functioning
10226.4	normally on auxiliary power.
10227.0	[title29][sentence]
10227.1	The window leads to your bedroom.  In fact,
10227.2	it provides the most convenient egress from
10227.3	your bed, and you come stumbling through it
10227.4	every morning with a sincere promise that you
10227.5	are now officially on the wagon.  The bedroom is
10227.6	mostly filled with your dirty underwear, so there's not
10227.7	much point in going in there unless you're curious
10227.8	about the origins of bubonic plague.
10228.0	[title29][sentence]
10228.1	This doorway leads to what you loosely call
10228.2	a "bedroom".  The term "large festering pit
10228.3	of dirty undergarments" is more to the point.
10228.4	You haven't been able to clean it since your
10228.5	snow shovel broke, so you have decided to use
10228.6	the window to get in and out of bed. You have
10228.7	given up on the idea of actually 'walking' in the room.
10229.0	[title30][sentence]
10229.1	Even a veteran bacteriologist would get down
10229.2	on his knees and retch if he had to look at the
10229.3	contents of this refrigerator for very long.
10229.4	The county coroner himself couldn't bear the sight of that festering
10229.5	mass of congealed fungus you call a sandwich.  In the
10229.6	back, on a plate of what might be loosely referred to
10229.7	as "spaghetti", a colony of at least twenty Martian stingworts
10229.8	appears to be entering its larval phase.
10230.0	[title27][sentence]
10230.1	Yech!  Not only is this a fish from an alien ocean,
10230.2	but you don't know how long it's been dead.  It
10230.3	could be as dangerous as what's in your
10230.4	refrigerator and you don't get points for botulism.
10231.0	[title24][sentence]
10231.1	The hatchway at the top of the ladder leads to
10231.2	the main airlock.  Fortunately, the airlock appears
10231.3	to be unobstructed, so you should be able to use it to
10231.4	make your exit from the ship.
10232.0	[title27][sentence]
10232.1	Looking down you see a mosaic of hairballs,
10232.2	fluid stains, food particles, and various unidentifiable
10232.3	organic substances.
10233.0	[title16][sentence]
10233.1	Let's not act coy.  What are 
10233.2	you really looking at?
10234.0	[title26][sentence]
10234.1	This area is the living quarters where
10234.2	you do the things that you do best, which
10234.3	are, eat and sleep. 
10235.0	[title24][sentence]
10235.1	You delicately pick up the highly toxic
10235.2	burger, being careful not to disturb any 
10235.3	of its indigenous life forms.
10236.0	[title24][sentence]
10236.1	It's already open!
10237.0	[title32]AIRLOCK
10237.1	You place the rebreather in your mouth.  Finding it in
10237.2	working order you proceed to flood the airlock.
20201.0	[title32][sentence]
20201.1	Through the binoculars, you see a woman dressed
20201.2	in strange, futuristic clothing.  She is carrying
20201.3	a clipboard and using it to record readings from
20201.4	what appears to be some sort of weather station.
20201.5	When she finishes, she steps into a tall cylinder.
20201.6	She types something into the control console, which
20201.7	you can't see because her shoulder is blocking your
20201.8	view.  She then vanishes!
20202.0	[title26][sentence]
20202.1	Some of the rocks bear interesting-looking scratches.
20202.2	Could  someone have been sharpening their teeth on
20202.3	these rocks?
20203.0	[title27][sentence]
20203.1	It's cold.  There hasn't been a fire here for some time.
20204.0	[title27][sentence]
20204.1	The grass here has been trampled flat by something
20204.2	extremely heavy.  It has also  has been eaten
20204.3	in places.  That large woman must have had a
20204.4	voracious appetite.
20205.0	[title27][sentence]
20205.1	To the north a small peninsula jut out into the ocean.
20205.2	You also see a couple of strange metal devices up there.
20206.0	[title26][sentence]
20206.1	A food lookout no doubt.  From the tower that
20206.2	large woman could probably see edibles 200
20206.3	yards away.
20207.0	[title16][sentence]
20207.1	Some of it has been eaten.
20208.0	[title25][sentence]
20208.1	A few branches have been chewed off.  Otherwise
20208.2	the trees appear to be normal.
20209.0	[title16][sentence]
20209.1	This tree is uninteresting.
20210.0	[title10][sentence]
20210.1	It's blue.
20211.0	[title22][sentence]
20211.1	Geez, look how big that doorway is.  Somebody
20211.2	wide must live here.
20212.0	[title24][sentence]
20212.1	There are skeletons of various rodents and amphibians
20212.2	scattered about the floor.  Apparently, the occupant
20212.3	sleeps on the floor with these things.  The rotting
20212.4	carcass odor is overwhelming.
20213.0	[title25][sentence]
20213.1	You can't make out any details from here.
20214.0	[title29][sentence]
20214.1	Looking at the alien ocean reminds you of your recent
20214.2	experience in the lagoon.  It will be a long time before
20214.3	you go SCUBA diving willingly.
20215.0	[title24][sentence]
20215.1	It's previous owner must have become a snack
20215.2	for what's-her-name.  It's been picked clean.
20216.0	[title27][sentence]
20216.1	The skull is too large.  Perhaps you can find
20216.2	a smaller bone to carry around.
20217.0	[title26][sentence]
20217.1	The leftovers from a recent meal
20217.2	lie under foot.
20218.0	[title19][sentence]
20218.1	You carefully pick up the bone.
20219.0	[title24][sentence]
20219.1	This must have been the homestead of someone
20219.2	very large--probably that wide woman you recently
20219.3	trapped.  You see a hut, a tower, and a fireplace here.
20219.4	To the north you see the ocean and some strange
20219.5	looking devices.
20220.0	[title27][sentence]
20220.1	To the north a small peninsula juts out into the ocean.
20220.2	You see a couple strange metal devices up there.  There is
20220.3	someone walking around between them and making notes
20220.4	on some sort of clipboard.
20221.0	[title32][sentence]
20221.1	What is this strange fascination with
20221.2	bones you seem to have?  You already
20221.3	have two of them, and carrying three
20221.4	at the same time would be a real pain
20221.5	in the neck.  You decide to leave the
20221.6	bone here for now and to come back to
20221.7	it if you somehow lose the ones you
20221.8	have.
20222.0	[title32][sentence]
20222.1	To the north you see several strange devices.
20222.2	The device on the left appears to be some
20222.3	sort of weather station; the right device
20222.4	is a tall cylinder with a doorway leading
20222.5	into it.  Earlier, you saw someone moving
20222.6	around up near the equipment, but right now
20222.7	there is no one about.
21401.0	[title27][sentence]
21401.1	This window looks like several you have
21401.2	had to dive through for various reasons.
21401.3	Outside, the island looks much the way
21401.4	you left it a few short moments ago.
21402.0	[title27][sentence]
21402.1	The cage is occupied.  The owner of this
21402.2	hut must perform some bizarre experiments.
21403.0	[title27][sentence]
21403.1	Wow is he ever big!  Someone must be
21403.2	testing an antidote to whatever shrunk
21403.3	those heads on the wall.
21404.0	[title26][sentence]
21404.1	This bear isn't going to be hurting anyone.
21405.0	[title30][sentence]
21405.1	The trophy makes you a bit nervous.  That
21405.2	animal probably put up a better fight than
21405.3	you could ever hope to.  You had better
21405.4	hope this hut's owner doesn't come strolling
21405.5	in any time soon.
21406.0	[title27][sentence]
21406.1	An hemispherical vessel designed for mixing
21406.2	and crushing such things as bones, tusks, 
21406.3	teeth, and eyeballs.  It is currently occupied
21406.4	by a pair of kidneys from some small animal.
21407.0	[title22][sentence]
21407.1	An hemispherical vessel designed for mixing
21407.2	and crushing such things as bones, tusks, 
21407.3	teeth, and eyeballs.
21408.0	[title22][sentence]
21408.1	Right now, they are empty, fortunately.  You begin
21408.2	to imagine what parts of yourself would fit
21408.3	into these jars.
21409.0	[title24][sentence]
21409.1	Collecting bug parts and rodent entrails does not
21409.2	appeal to you.  This smells of its former contents.
21410.0	[title25][sentence]
21410.1	These guys don't look happy.  Obviously
21410.2	this hut's occupant has mastered the art
21410.3	of head shrinking.
21411.0	[title19][sentence]
21411.1	You are truly gross.  Forget it.
21412.0	[title27][sentence]
21412.1	These are pre-treated head-shrinking darts.
21412.2	If you had something to propel them with,
21412.3	they might make a reasonable weapon.
21413.0	[title24][sentence]
21413.1	You carefully take the pouch of darts
21413.2	being careful not to stick yourself.
21414.0	[title24][sentence]
21414.1	Not a wise move.  This fragile, fluffy creature
21414.2	would probably tear you to itty bitty shreds.
21415.0	[title14][sentence]
21415.1	No reply.  Big surprise?
21416.0	[title22][sentence]
21416.1	The last thing this hyperactive little
21416.2	bugger needs is a sugar rush.
21417.0	[title22][sentence]
21417.1	The captive creature can't harm you as long as
21417.2	you leave him in his cage.
21418.0	[title21][sentence]
21418.1	These must be awaiting 'treatment'.
21418.2	They look pretty fresh.
21419.0	[title21][sentence]
21419.1	Nah.  You already have a big head.
21420.0	[title16][sentence]
21420.1	You're not really into the "former-wildlife" look.
21421.0	[title20][sentence]
21421.1	The floor is unremarkable except for the
21421.2	interesting rug.
21422.0	[title22][sentence]
21422.1	This is a hollow tube used to propel
21422.2	darts at potential victims.
21423.0	[title19][sentence]
21423.1	The table holds an assortment of head-shrinking
21423.2	accessories,  including a bag of nasty-looking darts
21423.3	and a blowgun.
21424.0	[title19][sentence]
21424.1	The table holds an assortment of head-shrinking
21424.2	accessories,  including a bag of nasty-looking darts.
21425.0	[title19][sentence]
21425.1	The table holds an assortment of head-shrinking
21425.2	accessories,  including a blowgun.
21426.0	[title20][sentence]
21426.1	The table holds an assortment of head-shrinking
21426.2	accessories.
21427.0	[title25][sentence]
21427.1	This is the home of someone who enjoys
21427.2	experimenting on animals and shrinking
21427.3	human heads.  You probably don't want to be
21427.4	around when this person gets home.
21428.0	[title32][sentence]
21428.1	Obviously these heads didn't shrink as
21428.2	well as the others.
31301.0	[title33]GOSH! THAT'S ODD!
31301.1	You feel a strange tingling in your loins.  Perhaps
31301.2	the effects of the Gender Bender are wearing off. . .
31301.3	
31301.4	
20301.0	[title16][sentence]
20301.1	The sky is uninteresting.
20302.0	[title24][sentence]
20302.1	It is steep and rugged.  You can forget
20302.2	about climbing it.
20303.0	[title26][sentence]
20303.1	The palm tree is bent nearly to the ground.
20303.2	It looks like someone parked a battleship on it.
20304.0	[title19][sentence]
20304.1	There appears to be a small hut to the north.
20305.0	[title17][sentence]
20305.1	The grass here shows signs of trampling
20305.2	and grazing.
20306.0	[title24][sentence]
20306.1	Can't fool you.  These aren't boulders; they're
20306.2	gigantic rocks.
20307.0	[title18][sentence]
20307.1	The only item of note here is an extremely
20307.2	sad-looking tree.
20308.0	[title19]SPLAT!
20308.1	Guess who's for dinner tonight!
21501.0	[title14][sentence]
21501.1	The poor creature lies motionless on the floor.
21501.2	You can't help but feel that it's watching you.
21502.0	[title18][sentence]
21502.1	This poor bed looks as though it has seen a lot of use.
21503.0	[title21][sentence]
21503.1	This seems a strange thing to keep in front
21503.2	of one's bed.  Hmmmmm.
21504.0	[title21][sentence]
21504.1	You wonder what unusual ceremony
21504.2	this altar inspires.  Perhaps
21504.3	you just performed it yourself?
21505.0	[title20][sentence]
21505.1	Through the window you see the stream
21505.2	that flows behind the hut.
21506.0	[title29][sentence]
21506.1	Several hand-painted pictures adorn the walls.  Some
21506.2	of them depict scenes that you assume were derived
21506.3	from the Kamasutra, except that they take place in this
21506.4	very room.
21506.5	
21507.0	[title26][sentence]
21507.1	The twinkifruit looks sweet and succulent.
21507.2	It's a safe bet that this is the yummiest kind of
21507.3	native food.
21508.0	[title18][sentence]
21508.1	You carefully lift a succulent twinkifruit
21508.2	from the sack.
21509.0	[title22][sentence]
21509.1	This cozy little hut looks like it was made
21509.2	for . . . for . . . you know.
21510.0	[title19][sentence]
21510.1	You would look like a complete idiot
21510.2	carrying that thing around.
21511.0	[title16][sentence]
21511.1	You don't need this thing!
21512.0	[title28][sentence]
21512.1	This gal must live off of these things.  How
21512.2	could something that looks so yummy
21512.3	keep her waist so thin?  She must get a
21512.4	lot of exercise.
21513.0	[title22][sentence]
21513.1	What a pig!  Why not just take one.  You
21513.2	don't need her whole stash.
21514.0	[title16][sentence]
21514.1	Nah.  You gave up on the idea of 'momentos'
21514.2	a long time ago.  Leave the mat.
21514.3	
21101.0	[title18][sentence]
21101.1	This island certainly has some strange 
21101.2	looking plants.
21102.0	[title24][sentence]
21102.1	The path appears to be well traveled.
21103.0	[title22][sentence]
21103.1	Strange animal sounds emanate from the tree.
21103.2	The sounds remind you of that time you and Lolita
21103.3	were in that hot-air balloon and . . . uh . . . never mind.
21104.0	[title27][sentence]
21104.1	There some strange animal sounds emanating from the tree.
21104.2	There must be something up there.
21105.0	[title26][sentence]
21105.1	This is the tree in which that nasty monkey hid
21105.2	before he stole your binoculars.
21106.0	[title16][sentence]
21106.1	Yech.  It reminds you of what's-her-name's armpits.
21107.0	[title10][sentence]
21107.1	It's impassable.
21108.0	[title21][sentence]
21108.1	The jungle is thick and impassable.
21109.0	[title17][sentence]
21109.1	This path leads you back to the shaman's hut.
21110.0	[title22][sentence]
21110.1	Down the path you see another hut.
21111.0	[title24][sentence]
21111.1	There is little here except a tree, a pile
21111.2	of rocks, and the path under your feet.
21111.3	Something in the  tree seems to be making
21111.4	noise.
21112.0	[title27][sentence]
21112.1	There is little here except for a tree, a pile
21112.2	of rocks, and the path under your feet.
21113.0	[title16][sentence]
21113.1	He looks harmless enough.
21114.0	[title20][sentence]
21114.1	You have no need for a new pet.
21115.0	[title25][sentence]
21115.1	The pile of rocks eventually turns
21115.2	in to a cliff face.  You have half the skill
21115.3	and none of the equipment to climb up there.
21116.0	[title27][sentence]
21116.1	When you look at the tree you see
21116.2	leaves.  Using the binoculars, you get a
21116.3	beautiful close-up view of those same leaves.
21116.4	
21001.0	[title17][sentence]
21001.1	The grass hut appears to be well built, as is its owner.
21002.0	[title16][sentence]
21002.1	This hut now holds many fond memories for you.
21003.0	[title21][sentence]
21003.1	This hut can now join the top of your refrigerator
21003.2	and the elevator in Lolita's apartment complex on
21003.3	your list of "special places".
21003.4	
21004.0	[title24][sentence]
21004.1	You've seen a few of these in your life,
21004.2	but never one made from animal hide.
21005.0	[title25][sentence]
21005.1	Wow!  Hot pants made from straw.  How
21005.2	avant-garde!  You decide to stop staring at
21005.3	them before you need a cold shower.
21006.0	[title26][sentence]
21006.1	What? And disguise yourself maybe?  Not a chance.
21006.2	First of all, the thought of putting any of this stuff
21006.3	on turns your stomach, and furthermore no one, repeat
21006.4	NO ONE would ever mistake you for a woman.
21006.5	
21007.0	[title24][sentence]
21007.1	This is where the villagers wash their clothes
21007.2	and get fresh drinking water.
21008.0	[title18][sentence]
21008.1	The bushy fern does not hold your interest for long.
21009.0	[title21][sentence]
21009.1	This path leads off to the east and
21009.2	the north.  It looks well worn.
21010.0	[title20][sentence]
21010.1	WOW!  Boy has she caught your eye.  You
21010.2	take a minute to lift your jaw off the ground,
21010.3	put your tongue back in your mouth,
21010.4	and mount your eyeballs back in your skull.
21010.5	You really owe it to yourself to get to know her.
21011.0	[title26][sentence]
21011.1	After brief consideration you decide that shooting
21011.2	this lovely woman would probably be the single
21011.3	dumbest thing you have ever done in your entire life.
21012.0	[title18][sentence]
21012.1	It appears to lead to a group of huts in the distance.
21013.0	[title17][sentence]
21013.1	The curtain provides a small measure
21013.2	of privacy for this lovely woman.  This
21013.3	is odd, because her clothes do not.
21014.0	[title16][sentence]
21014.1	A clothesline is a line from which
21014.2	one hangs clothes.  It's pretty simple.
21014.3	Get it?
21015.0	[title22][sentence]
21015.1	Don't do that!  All her clothes would
21015.2	fall into the dirt and she would have
21015.3	to wash them all over again.
21016.0	[title24][sentence]
21016.1	It appears to be another hut.  In fact
21016.2	there are a few of them up there.
21017.0	[title24][sentence]
21017.1	Wow!  There's another woman up there!
21017.2	
21201.0	[title20][sentence]
21201.1	The grass here is unusually tall.
21202.0	[title24][sentence]
21202.1	The rocks here are of little interest.
21203.0	[title21][sentence]
21203.1	Inside this cave is the small pool you from
21203.2	which you emerged after escaping from
21203.3	your ship.
21204.0	[title29][sentence]
21204.1	It's wonderful to see sky again after spending
21204.2	so much time under water.  The clear blue
21204.3	sky appears to be free of hostile spacecraft.
21205.0	[title24][sentence]
21205.1	The field to the north looks quite large.
21206.0	[title22][sentence]
21206.1	The trees in the distance appear to mark the
21206.2	edge of a thick forest.
21207.0	[title20][sentence]
21207.1	These odd-looking alien plants do not hold
21207.2	your interest for long.
21208.0	[title17][sentence]
21208.1	The tall majestic mountains remind you
21208.2	of something you haven't seen in a while.
21209.0	[title20][sentence]
21209.1	You are standing at the southern end of
21209.2	a large field.
21209.3	
20801.0	[title30][sentence]
20801.1	You feel much better after your self-administered
20801.2	Rorschach determines that it's all your parents' fault..
20802.0	[title27][sentence]
20802.1	You think you see a small grass hut to the west.
20802.2	You think a lot of things, but this one is almost a sure thing.
20803.0	[title22][sentence]
20803.1	This bush looks like it may have had leaves at
20803.2	one time.
20804.0	[title27][sentence]
20804.1	A little proverb: Once a rock, always a rock.
20805.0	[title18][sentence]
20805.1	The small cactus looks pretty nasty.  You decide
20805.2	to leave it alone.
20806.0	[title22][sentence]
20806.1	In order to do that, you would have to
20806.2	touch it.  Not a good idea.
20807.0	[title24][sentence]
20807.1	Your eyes and mouth water at the sight 
20807.2	of a tree bearing luscious melons.
20808.0	[title24][sentence]
20808.1	This pit looks truly deep.  You decide to
20808.2	be careful walking around it.
20809.0	[title29][sentence]
20809.1	These must have fallen from that thorny bush.
20810.0	[title29][sentence]
20810.1	It looks like someone was trying to set a trap.
20810.2	Of course it won't work because there's no bait.
20811.0	[title22][sentence]
20811.1	The pit is well hidden by the leaves.
20812.0	[title33][sentence]
20812.1	You put the [noun1] carefully on the leaves.
20812.2	OOPS!  It was too heavy and fell down to the
20812.3	bottom of the pit.  Well, so much for the [noun1].
20813.0	[title28][sentence]
20813.1	You are not interested in any of these trees.
20814.0	[title22][sentence]
20814.1	Trying to pick those leaves up would be dangerous.
20814.2	You might fall in.
20815.0	[title20][sentence]
20815.1	Good work.  You bagged the large hungry one.
20815.2	She won't be climbing out of that pit any time
20815.3	soon.
20816.0	[title24][sentence]
20816.1	After all the trouble you went through trapping
20816.2	her you want to pull her out?!  Do you think
20816.3	she's particularly pleased with you right now?
20816.4	You had better leave her where she is.
20817.0	[title32][sentence]
20817.1	You are standing at the center of a wide field
20817.2	which stretches off in all directions.  To the
20817.3	west, you see a small village in the distance.
20817.4	There is a deep pit here, next to the thorny bush.
20818.0	[title32][sentence]
20818.1	You are standing at the center of a wide field
20818.2	which stretches off in all directions.  To the
20818.3	west, you see a small village in the distance.
20818.4	There is a deep pit here, which has been hidden
20818.5	under a pile of carefully placed leaves.
20819.0	[title32][sentence]
20819.1	You are standing at the center of a wide field
20819.2	which stretches off in all directions.  To the
20819.3	west, you see a small village in the distance.
20819.4	An enormous man-eating woman is stuck in a pit
20819.5	here; her legs flail piteously in the air.  Perhaps
20819.6	you'd better get about your business quickly, because
20819.7	she's not going to be happy when she finally gets
20819.8	out of that pit.
20820.0	[title32][sentence]
20820.1	Are you mad?  If you pull her out of that
20820.2	pit, she'll eat you for breakfast!
21301.0	[title26][sentence]
21301.1	The only thing you have even a prayer
21301.2	of understanding is the keypad in the center.
21302.0	[title33][sentence]
21302.1	The digits 0 through 9 accompany
21302.2	a 'smile' key and a 'frown' key.
21302.3	Printed foam number pads
21302.4	provide comfort when pressed.
21302.5	There is a 4-digit number written
21302.6	on the panel above the display.
21303.0	[title17][sentence]
21303.1	This display obviously shows you
21303.2	what you have typed.
21304.0	[title20][sentence]
21304.1	The island has not changed since
21304.2	you stepped into this device.
21305.0	[title28][sentence]
21305.1	It's a cylindrical object containing
21305.2	some alien electronics, a keypad, and
21305.3	a shipwrecked space adventurer.
21306.0	[title27][sentence]
21306.1	It is a little key with a symbol printed on it.
21306.2	
20901.0	[title21][sentence]
20901.1	A brief look back from whence you came
20901.2	yields no great inspiration.
20902.0	[title24][sentence]
20902.1	This plant bears a round wooden stem with a
20902.2	soft core used for building huts, tools, weapons,
20902.3	and limbo poles.
20903.0	[title19][sentence]
20903.1	Pretty.  Steep.  Insurmountable.
20904.0	[title16][sentence]
20904.1	The grass here has been stained with the
20904.2	remains of many broken melons.
20905.0	[title18][sentence]
20905.1	The field lying directly to the
20905.2	west is flat and desolate.
20906.0	[title22][sentence]
20906.1	A few large rocks appear to occupy the
20906.2	area to the north of you.
20907.0	[title26][sentence]
20907.1	It appears to be a wooden stalk that fell
20907.2	from the nearby patch.  It has probably
20907.3	been there for a while, since the core has 
20907.4	rotted out.
20909.0	[title20][sentence]
20909.1	If the monkey were hungry, he would probably
20909.2	just eat some of the melons growing in that tree.
20910.0	[title26][sentence]
20910.1	Wow!  Those darts really work.  That little bugger's
20910.2	head shrunk down to walnut-size in seconds.  Of course
20910.3	you had to use all of them to hit him.
20911.0	[title26][sentence]
20911.1	You proudly recover your stolen binoculars.
20912.0	[title21][sentence]
20912.1	A large melon tree sits in a grassy clearing
20912.2	between a mountain and a patch of bamboo-like trees.
20913.0	[title24][sentence]
20913.1	The trees are tall, green, and beautiful.
20914.0	[title17][sentence]
20914.1	That's the little bugger who stole 
20914.2	your binoculars!
20915.0	[title19][sentence]
20915.1	That won't accomplish anything.
20916.0	[title24][sentence]
20916.1	You're going to have to find a better
20916.2	way to propel them than that.  These aren't
20916.3	throwing darts, they're blowgun darts.
20917.0	[title21][sentence]
20917.1	Although it resembles a palm, this tree bears
20917.2	large red fruits instead of coconuts.
20918.0	[title22][sentence]
20918.1	Although it resembles a palm, this tree bears
20918.2	large red fruits instead of coconuts.  Currently
20918.3	there is a kleptomaniac monkey dancing about
20918.4	up there.
20919.0	[title26][sentence]
20919.1	This is the tree from which that obnoxious monkey
20919.2	was teasing you.  He sure learned his lesson.
20920.0	[title24][sentence]
20920.1	The remains of several dozen melons have left
20920.2	a large stain on the grass.  They appear too spread
20920.3	out to have fallen from the tree.
20921.0	[title21][sentence]
20921.1	You briefly consider scooping up a handful
20921.2	of melon goo.  You then consider doing
20921.3	something else.
20921.4	
40210.0	[title30][sentence]
40210.1	You are overwhelmed by night fever.  You
40210.2	get the urge to whip off your coat and start
40210.3	swinging it around your head.  Fortunately,
40210.4	sanity prevails and you decide not to draw
40210.5	attention to yourself.
40211.0	[title27][sentence]
40211.1	You sense that something is wrong
40211.2	with this teleporter.  You decide to
40211.3	let someone else test it for you.
40212.0	[title32][sentence]
40212.1	The last person you saw come out of
40212.2	this teleporter didn't look too healthy.
40212.3	You decide not to experiment with
40212.4	temperamental teleporters. (Say THAT
40212.5	10 times fast!)
40213.0	[title30][sentence]
40213.1	This bar looks just like any of a hundred other
40213.2	bars you've seen on as many planets.
40213.3	There is a flat surface for holding drinks
40213.4	and a soft pad on which you could comfortably
40213.5	pass out.  You make a quick mental note
40213.6	that the bartender could probably
40213.7	beat you in an arm-wrestling match.
40214.0	[title22][sentence]
40214.1	Yech!  Is she ugly.  A face like that could
40214.2	stop a windmill on an old Dutch painting.
40214.3	She spends a great deal of time polishing the
40214.4	bar and pouring shots for that tired-looking
40214.5	woman on the first stool.
40215.0	[title22][sentence]
40215.1	You marvel at the length of the ash hanging
40215.2	off of her cigarette.  She blows an occasional
40215.3	smoke ring your way, but looks like she wants
40215.4	to be left alone.
40216.0	[title29][sentence]
40216.1	She appears to be enjoying herself, watching
40216.2	everyone else in the bar.  She refuses to meet
40216.3	your gaze, but instead seems focused on the
40216.4	bartender.
40216.5	
40217.0	[title25][sentence]
40217.1	She is obviously waiting for someone
40217.2	else.
40218.0	[title18][sentence]
40218.1	You could rate this woman a '10', but only
40218.2	on the Richter scale.    The telltale fault line
40218.3	on her backside indicates a maintenance
40218.4	position.  The tool belt is also a good tip.
40219.0	[title20][sentence]
40219.1	This leads back into the corridor.
40220.0	[title21][sentence]
40220.1	You notice some women, a dance floor,
40220.2	some more women, a bar, a mirror ball,
40220.3	women, some plants, and some women.
40220.4	You were beginning to wonder what these
40220.5	women did for recreation.  You decide to
40220.6	move cautiously and not draw too much
40220.7	attention to yourself.
40221.0	[title22][sentence]
40221.1	The women up there seem content in
40221.2	each other's company.  It would be rude
40221.3	to interrupt them.
40222.0	[title25][sentence]
40222.1	Have you ever been body-slammed before?
40222.2	Well, keep it up and you should have no 
40222.3	trouble whatsoever having that beautiful 
40222.4	figure of yours flattened.
40223.0	[title27][sentence]
40223.1	They are busy talking to each other.  If
40223.2	you interview everyone in the bar you
40223.3	may draw undue attention to yourself.
40224.0	[title26][sentence]
40224.1	Considering her distance from you, and
40224.2	the ambient sound level in this room, the
40224.3	odds of her hearing you are slim.  Very slim.
40224.4	You decide that yelling at her would be
40224.5	unwise.
40225.0	[title21][sentence]
40225.1	The railing appears to be serving it's purpose.
40225.2	No one is falling from the balcony.
40226.0	[title22][sentence]
40226.1	The tables are round, flat, and have
40226.2	four legs.  What did you expect?
40227.0	[title30][sentence]
40227.1	You have no need for a new table.
40227.2	Especially when you consider the
40227.3	fact that you no longer have a home to
40227.4	put it in.
40228.0	[title21][sentence]
40228.1	The sign proudly displays the name of this
40228.2	establishment.  It seems to require some
40228.3	maintenance, as the last letter can't decide
40228.4	if it should remain lit or not.
40229.0	[title30][sentence]
40229.1	What would you DO with an eight-foot
40229.2	blinking neon sign?  You need to have
40229.3	your head examined.
40230.0	[title26][sentence]
40230.1	There are three stools in front of the bar.
40230.2	One is occupied by a large woman wearing
40230.3	a tool belt.  The other two look padded
40230.4	and comfortable.
40231.0	[title25][sentence]
40231.1	Not only are they bolted to the floor, but
40231.2	you would look rather silly walking around
40231.3	with a bar stool.
40232.0	[title21][sentence]
40232.1	The cactus is just another part of this
40232.2	wonderfully decorated bar.
40233.0	[title21][sentence]
40233.1	After pondering for a moment the
40233.2	implications of stuffing a cactus in
40233.3	your pocket, you decide to leave it
40233.4	where it is.
40234.0	[title24][sentence]
40234.1	The rotating mirror ball is the icon
40234.2	of the trashy discotheque.  You feel right
40234.3	at home under it's familiar light.
40235.0	[title26][sentence]
40235.1	The upper dance floor is just large
40235.2	enough to hold one or two people.
40235.3	At the moment, there is only one
40235.4	person up there, and she is not dancing.
40236.0	[title19][sentence]
40236.1	The trees around the bar add to the decor.
40236.2	They go well with the native rock walls.
40237.0	[title25][sentence]
40237.1	There are several plants hanging beneath the
40237.2	balcony.  They look well cared for.
40238.0	[title21][sentence]
40238.1	Are we getting a little desperate?
40239.0	[title16][sentence]
40239.1	The tip of a folded piece of paper
40239.2	protrudes from the woman's back
40239.3	pocket.
40240.0	[title29][sentence]
40240.1	You carefully extract the list from
40240.2	the woman's pocket.  Fortunately,
40240.3	she is well anesthetized, and
40240.4	doesn't notice your thievery.
40241.0	[title32]ALIEN LIQUOR
40241.1	Having paid for the bottle of liquor,
40241.2	you now stash it in your jacket for
40241.3	safekeeping.
40242.0	[title32]CREDIT CHIP
40242.1	You retrieve your credit chip from the bar, hoping
40242.2	to find further use for it later.
75110.0	[title29][sentence]
75110.1	You are standing on what must surely be a
75110.2	maintenance platform above the city.  A
75110.3	breathtaking view of the city stretches before
75110.4	you, revealing the bizarre two level structure
75110.5	in it's entirety.  Apparently, the entire
75110.6	metropolis was constructed inside an enormous,
75110.7	inactive volcano cone.  Far below, you see the
75110.8	glowing magma which warms the city.  Behind
75110.9	you and beyond the rim of the city, you can see
75110.10	only ocean.  You pause for a moment in awe of
75110.11	this engineering marvel, after which you notice
75110.12	that you are standing almost directly over a large
75110.13	statue of a beautiful woman.
75112.0	[title25][sentence]
75112.1	This is obviously the end of the line
75112.2	for the elevator.  The doors have
75112.3	closed, but since you haven't heard
75112.4	any movement. You assume that it is
75112.5	waiting for you.
75113.0	[title27][sentence]
75113.1	The rim of the city is obviously the top
75113.2	of the volcano cone.  The short section
75113.3	you are standing on has been paved, and
75113.4	you imagine that it must be a maintenance
75113.5	platform.
75114.0	[title27][sentence]
75114.1	These probably served some purpose
75114.2	during construction of the city.  Time and
75114.3	weather have taken their toll on these
75114.4	outcroppings, in some cases revealing
75114.5	the reinforcing steel beneath.
75115.0	[title21][sentence]
75115.1	A sharp metal hook protrudes from the
75115.2	right-most pylon.  The weather has
75115.3	rusted most of the metal away.
75116.0	[title20][sentence]
75116.1	You fishing line dangles from the small
75116.2	metal hook.  It extends to the base
75116.3	of a large statue below.
75117.0	[title25][sentence]
75117.1	A cone of igneous rock surrounds the rim
75117.2	of the city.  The sunlight washes warmly over
75117.3	it's pocked blue-purple surface.
75118.0	[title16][sentence]
75118.1	You don't need any pumice.
75119.0	[title20][sentence]
75119.1	To the east you see a teleporter
75119.2	booth.
75120.0	[title27][sentence]
75120.1	You skillfully tie the fishing line to the metal
75120.2	hook, then toss the fishing line toward the
75120.3	large statue below.
75121.0	[title21][sentence]
75121.1	And undo all your wonderful work?
75122.0	[title20][sentence]
75122.1	This tall building towers over all the
75122.2	other buildings.  It looks like the tallest
75122.3	building in the entire city.
75123.0	[title32][sentence]
75123.1	If you tie the line to a pylon, it is likely
75123.2	to slip off over the top.  There is, however,
75123.3	a sharp hook-like protrusion on the upper right
75123.4	corner of the right-most pylon.  You could probably
75123.5	tie the line securely to that.
31110.0	[title25][sentence]
31110.1	On the desk you see a pair of monitors,
31110.2	some papers, a coffee mug, and the stale
31110.3	remains of a doughnut.
31111.0	[title25][sentence]
31111.1	The rear wall is carved out of rock, much
31111.2	like the cell you just escaped from.  One
31111.3	wall is covered with equipment.  Since this
31111.4	equipment is unfamiliar to you, and you are
31111.5	trying to remain undetected, you decide
31111.6	not to play with it.
31112.0	[title27][sentence]
31112.1	Apparently the same interior decorator
31112.2	who chose 'early Mesozoic igneous' decor
31112.3	for the back wall chose 'art deco' for these
31112.4	lighting fixtures.
31113.0	[title25][sentence]
31113.1	The panels of white lights keep this room
31113.2	extremely well lit.
31114.0	[title21][sentence]
31114.1	You don't have any need for forty feet of
31114.2	fluorescent light fixtures.
31115.0	[title26][sentence]
31115.1	The little bulb dangling from a wire
31115.2	in the middle of the room is dwarfed
31115.3	by the light panels on either side.  This
31115.4	must have been left here by the original
31115.5	construction crew.
31116.0	[title21][sentence]
31116.1	Attempting to steal this little light bulb
31116.2	would accomplish little.
31117.0	[title25][sentence]
31117.1	Although you don't see anyone, you hear people.
31117.2	You decide to be VERY quiet.  If you were
31117.3	discovered, you might have to explain yourself
31117.4	to that wonderful doctor.
31118.0	[title25][sentence]
31118.1	You don't see any guards, but you
31118.2	decide to stay put and not take any chances.
31119.0	[title25][sentence]
31119.1	In this extremely well-lit room you see a
31119.2	desk with a pair of monitors on it.
31119.3	After a look about, you conclude that
31119.4	this must be some sort of monitoring station.
31120.0	[title19][sentence]
31120.1	You pretty much destroyed the latch when
31120.2	you kicked the grate open.  You shouldn't
31120.3	have any trouble getting it open again.
31120.4	
41310.0	[title25][sentence]
41310.1	A message engraved on the statue's
41310.2	hand reads: "You must be at least this 
41310.3	high to enter the teleporter."
41311.0	[title16][sentence]
41311.1	You would look pretty silly carrying this
41311.2	thing around with you.
41312.0	[title26][sentence]
41312.1	This must be the baggage belt.  You have
41312.2	been wary of these things ever since your
41312.3	favorite suitcase was eaten by a Rectarian
41312.4	baggage handler.
41313.0	[title25][sentence]
41313.1	That is not a good idea.  It's a safe bet
41313.2	that anything that goes on that belt
41313.3	ends up in a black hole somewhere.
41314.0	[title24][sentence]
41314.1	You have become familiar with devices of
41314.2	this type.  There is a small note on it which
41314.3	reads: "Attention transmorphs:  This machine's
41314.4	gender security system is still active!"
41315.0	[title22][sentence]
41315.1	The display show all sorts of status
41315.2	information about teleporters.  From the
41315.3	number of lines on the display you gather
41315.4	there must be many such teleporters.
41315.5	Too bad they don't list the teleport codes here.
41316.0	[title24][sentence]
41316.1	This leads to a long east-west corridor.
41317.0	[title32][sentence]
41317.1	The pictures show various exquisite
41317.2	vacation spots.  Can't you just see yourself 
41317.3	lying on the beach with a Tikillya Earthrise, 
41317.4	looking for shells.  You decide to stop
41317.5	daydreaming and do something productive.
41318.0	[title17][sentence]
41318.1	The plants need water, but otherwise
41318.2	they look all right.
41319.0	[title30][sentence]
41319.1	You are overwhelmed by a sudden urge
41319.2	to gather flowers and place them in
41319.3	strategically aesthetic spots around the room.
41319.4	The urge leaves you hoping the gender
41319.5	bender still works in reverse.
41320.0	[title18][sentence]
41320.1	In this tiny room you see a teleporter,
41320.2	a strange display on the wall, and a
41320.3	conveyer belt.  One wall is littered
41320.4	with pictures.
41320.5	
60598.0	[title32]BLUB BLUB BLUB
60598.1	As the elevator descends into the flooded
60598.2	city, you have a bad feeling.  When the
60598.3	elevator doors open, you have an even worse
60598.4	feeling.
60599.0	[title32]BLUB BLUB BLUB
60599.1	It looks like that time bomb has just
60599.2	pulled the plug on your wretched little
60599.3	life.
32001.0	[title22][sentence]
32001.1	This is a video monitor.  You surmise that
32001.2	the buttons on the bottom of it select various
32001.3	camera views.
32002.0	[title17][sentence]
32002.1	This is a text monitor.  It is probably
32002.2	tied to a computer somewhere.
32003.0	[title18][sentence]
32003.1	The desk is cluttered with loads of
32003.2	unimportant objects.
32004.0	[title19][sentence]
32004.1	This must be where the guards monitor
32004.2	security operations.
32005.0	[title30][sentence]
32005.1	Peering into the depths of the coffee mug,
32005.2	you notice what appears to be a small
32005.3	bacteria colony declaring independence from
32005.4	it's larger neighbor.
32006.0	[title26][sentence]
32006.1	The doughnut is no longer edible.  It has
32006.2	been sitting here for . . . well, it's probably too 
32006.3	old to be carbon dated.  The glaze has
32006.4	flowed down onto the newspaper forming
32006.5	a permanent bond.
32007.0	[title30][sentence]
32007.1	Hoping to find something interesting you take
32007.2	a quick look at the magazine.  It does not resemble
32007.3	the "Gal" magazine you used to read--everyone
32007.4	is in this issue is dressed.
32008.0	[title27][sentence]
32008.1	These little footballs remind you of boarding
32008.2	school.  The only field goal you scored
32008.3	in your entire life was with one of these.
32009.0	[title32][sentence]
32009.1	You are not sure how old this newspaper is.  Through
32009.2	the doughnut stains and coffee spillage
32009.3	you are able to make out the headline, which
32009.4	reads: "War Of The Sexes - Women Wind Up On
32009.5	Top."
32010.0	[title25][sentence]
32010.1	The clipboard has a pencil and a strange
32010.2	note on it.  From the illegibility of the
32010.3	handwriting you assume the author was
32010.4	engaged in medical practice.
32011.0	[title25][sentence]
32011.1	In front of you are two monitors used by the
32011.2	guards for security purposes.  The desk they
32011.3	sit at is cluttered with junk.
32012.0	[title29][sentence]
32012.1	The contents of the mug have already
32012.2	rendered it incapable of being resanitized.
32012.3	You decide that there are more interesting
32012.4	ways to catch exotic diseases.
32013.0	[title25][sentence]
32013.1	There isn't any blank paper left to
32013.2	doodle on, so you decide to leave it.
32014.0	[title26][sentence]
32014.1	The doughnut may yet evolve into
32014.2	the cure for something, but currently
32014.3	it holds no value.
32015.0	[title20][sentence]
32015.1	You'd just lose it.  Leave it here.
32016.0	[title19][sentence]
32016.1	There are no naked pictures in it,
32016.2	so it is of no use to you.
32017.0	[title22][sentence]
32017.1	The newspaper is stuck to the desk
32017.2	by the adhesive doughnut glaze.
32017.3	
32210.0	[title12][sentence]
32210.1	You see a rock wall.
32211.0	[title29][sentence]
32211.1	The keypad has twelve keys on it.
32211.2	The numerals zero through nine are
32211.3	present, as well as 'smile' and 'frown'
32211.4	keys.
32212.0	[title29][sentence]
32212.1	This is entry device is about
32212.2	as complicated as a pocket
32212.3	calculator.  Take your time;
32212.4	you'll get it eventually.
32213.0	[title25][sentence]
32213.1	It's a key.  Hint: It's about the same
32213.2	size as the tip of a human finger.
32214.0	[title17][sentence]
32214.1	You are standing in an
32214.2	alien teleportation device.
32214.3	
35110.0	[title26][sentence]
35110.1	Close examination reveals that the screen
35110.2	has been disabled by a small piece of
35110.3	rock, which appears to have transferred
35110.4	an inordinate amount of kinetic energy to the
35110.5	picture tube.
35111.0	[title25][sentence]
35111.1	As you examine the damage you are 
35111.2	glad that you were on the good side
35111.3	of that large sauropod fellow.
35112.0	[title25][sentence]
35112.1	You are amazed by the strength of the
35112.2	sauropod and feel sorry for any dogs 
35112.3	in the area.
35113.0	[title27][sentence]
35113.1	This guard has apparently seen better days.
35114.0	[title33][sentence]
35114.1	This guard has probably looked better.  You 
35114.2	gather the credit chip in her hand was used in
35114.3	an attempt to buy her safety from your large
35114.4	friend.  Apparently, the offer was refused.
35114.5	
35115.0	[title33][sentence]
35115.1	This equipment has been pretty well
35115.2	destroyed.  Even if you could repair
35115.3	it you wouldn't know how to use it.
35115.4	You would be wise to consider it "scrap".
35116.0	[title19][sentence]
35116.1	The desk, along with everything around
35116.2	it, has been demolished.
35117.0	[title20][sentence]
35117.1	The machine serves as this poor
35117.2	guard's head rest.  In its current condition,
35117.3	it is capable of little else.
35118.0	[title20][sentence]
35118.1	This gadget looks familiar to you.
35119.0	[title27][sentence]
35119.1	It's blinking!  That means it probably works.
35119.2	Too bad it's operation is a complete mystery to you.
35120.0	[title20][sentence]
35120.1	Through the door is the security area
35120.2	you just came from.
35121.0	[title26][sentence]
35121.1	The room has been devastated, with things
35121.2	thrown and smashed everywhere.
35121.3	The place certainly has changed since you
35121.4	were here last.  What a mess!
35122.0	[title20][sentence]
35122.1	The pole obviously serves some important
35122.2	structural purpose, the exact nature of which
35122.3	is beyond your architectural expertise.
35122.4	
35310.0	[title25][sentence]
35310.1	Well, don't just stand there.
35310.2	Go around it.
35311.0	[title24][sentence]
35311.1	The large pipes must carry something
35311.2	somewhere.  None of them have been
35311.3	damaged.
35312.0	[title21][sentence]
35312.1	The broken beam must have helped
35312.2	support part of the ceiling.  You don't
35312.3	want to be standing here if it
35312.4	gives way.
35313.0	[title18][sentence]
35313.1	To the north you see another
35313.2	room through the doorway.
35314.0	[title19][sentence]
35314.1	The corridor leads south toward a four-way
35314.2	intersection.
35315.0	[title25][sentence]
35315.1	Your friend has obviously been here.
35315.2	The hallway is in sad shape.  There
35315.3	are no guards here, living or otherwise.
35316.0	[title25][sentence]
35316.1	The floor is covered with debris
35316.2	from the walls, including a couple
35316.3	large chunks of rock.
35317.0	[title20][sentence]
35317.1	The ceiling is covered with pipes.
35318.0	[title26][sentence]
35318.1	The walls here were obviously carved
35318.2	from the native rock.  They would be
35318.3	interesting only to a geologist.
35318.4	
35410.0	[title33][sentence]
35410.1	These controls run the hallway sensor arrays,
35410.2	which detect such things as temperature, humidity,
35410.3	and shoe and blouse clashes.
35411.0	[title25][sentence]
35411.1	This must be a busy intersection.  The
35411.2	signal is not currently operating, so you
35411.3	assume this is an off-peak hour.
35412.0	[title27][sentence]
35412.1	These catwalks look like they
35412.2	might be used for maintenance
35412.3	purposes.  They are well out
35412.4	of your reach.
35413.0	[title21][sentence]
35413.1	You don't remember this duct being
35413.2	connected to the air shafts you crawled
35413.3	through.  It must be a return vent.
35414.0	[title24][sentence]
35414.1	You are standing at the intersection
35414.2	of two hallways.  You notice a dead
35414.3	guard sitting under a devastated wall.
35415.0	[title26][sentence]
35415.1	This corridor to the north appears
35415.2	to have suffered the same fate as
35415.3	this corridor.
35416.0	[title25][sentence]
35416.1	The corridor to the south has not
35416.2	been significantly damaged.  You
35416.3	see an odd device down that way.
35417.0	[title25][sentence]
35417.1	The corridor to the detention area has
35417.2	been severely damaged by your friend.
35418.0	[title30][sentence]
35418.1	The corridor to the west has not been
35418.2	damaged.  Your friend must not have
35418.3	gone that way.
35419.0	[title25][sentence]
35419.1	Something hit the walls here pretty
35419.2	hard.  There are piles of debris
35419.3	everywhere.
35420.0	[title29][sentence]
35420.1	This guard has not had a fun day.
35420.2	Her rifle has been broken in half,
35420.3	her legs look broken, and worst
35420.4	of all, her hair is messed up.
35420.5	
35710.0	[title21][sentence]
35710.1	This is the air vent you jimmied, then escaped
35710.2	through.  You don't need to worry about it any more
35710.3	now that the cell block has been demolished.
35711.0	[title22][sentence]
35711.1	You don't need to do that.  You now
35711.2	have free run of the detention area.
35712.0	[title27][sentence]
35712.1	Looking again at this awful bed you are
35712.2	glad you aren't going to have to sleep in it.
35713.0	[title33][sentence]
35713.1	Egad!  Look at all the stringy hair
35713.2	clumped together in the drain.  It's 
35713.3	just like your sink, except that there
35713.4	isn't anything crawling around in it.
35714.0	[title26][sentence]
35714.1	Noticing that the seat is down you
35714.2	quickly conclude that the last prisoner
35714.3	must have been female.  You are
35714.4	momentarily stunned by your own
35714.5	brilliance.
35715.0	[title25][sentence]
35715.1	Your cell has changed a bit since
35715.2	you were last here.  You pal seems
35715.3	to have redecorated a bit.
35716.0	[title25][sentence]
35716.1	The back wall of this cell was obviously
35716.2	carved from solid rock.  The other walls
35716.3	are made of a strong ferrous metal.
35717.0	[title26][sentence]
35717.1	Possibly the only thing in the room brighter
35717.2	than yourself, the light bathes the room in
35717.3	a sodium-orange glow.
35718.0	[title17][sentence]
35718.1	Even the floor wasn't safe from
35718.2	that beast's rampage.
35719.0	[title17][sentence]
35719.1	There are bits of wall and guard all
35719.2	over the place.
35720.0	[title29][sentence]
35720.1	Talk about useless stuff.  You
35720.2	briefly consider taking some of
35720.3	the debris, then come to your
35720.4	senses and decide to move on.
35721.0	[title29][sentence]
35721.1	The corridor walls have suffered
35721.2	some damage at the hands of your
35721.3	large friend.  There are occasional
35721.4	pieces of guard splattered against
35721.5	the walls to the west of you.
35722.0	[title27][sentence]
35722.1	This leads to the medical examination
35722.2	room.  There doesn't appear to be
35722.3	anyone in there.
35723.0	[title30][sentence]
35723.1	Down the corridor you see much of the
35723.2	same kind of damage you see here.  There
35723.3	are remnants of guards all over the place.
35723.4	
35810.0	[title26][sentence]
35810.1	You don't see anyone in that direction,
35810.2	but the corridor looks badly damaged.
35811.0	[title22][sentence]
35811.1	There's no one there.  The corridor
35811.2	has been mostly demolished.
35812.0	[title22][sentence]
35812.1	You can't imagine your friend being
35812.2	able to lie down on this tiny thing.
35813.0	[title25][sentence]
35813.1	The sink is relatively clean except
35813.2	for some crusty dried-up monster 
35813.3	saliva.
35814.0	[title27][sentence]
35814.1	It's empty.  Maybe your friend
35814.2	got thirsty?  You decide not to be
35814.3	judgmental as you remember
35814.4	some of the things you've poured
35814.5	down your throat.
35815.0	[title16][sentence]
35815.1	This cell looks remarkably like
35815.2	the one you were in.
35816.0	[title25][sentence]
35816.1	The corridor here is as devastated
35816.2	as everything else that came
35816.3	between your friend and the
35816.4	teleporter he used to escape.
35817.0	[title27][sentence]
35817.1	The latch on this air vent hasn't
35817.2	corroded at all.  This would be
35817.3	difficult to open from the
35817.4	other side.  Fortunately you
35817.5	don't need to worry about crawling
35817.6	around in air ducts any more.
35817.7	
35910.0	[title30][sentence]
35910.1	As you look at the heavily stained walls
35910.2	you are almost religiously thankful that
35910.3	the large fellow was your friend.  There
35910.4	are two distinct shades of stain in the cell.
35910.5	You suppose that the monster and his last
35910.6	meal are both represented here.
35911.0	[title19][sentence]
35911.1	This bed looks like it has been used for
35911.2	a dining table.
35912.0	[title25][sentence]
35912.1	There are many unrecognizable chunks
35912.2	in the sink.  For the sake of your stomach
35912.3	you decide to stare elsewhere.
35913.0	[title25][sentence]
35913.1	Clean!  This monster that lived here
35913.2	must have had some other way of
35913.3	dealing with waste.
35914.0	[title19][sentence]
35914.1	Wow!  Your friend sure lived up to his
35914.2	promise.  The beast that inhabited this
35914.3	cell looks like it had an unexpected
35914.4	encounter with a wood chipper.
35914.5	There are pieces of monster all over the
35914.6	place.  You notice some sort of card on
35914.7	the floor amidst the stains.
35915.0	[title20][sentence]
35915.1	Wow!  Your friend sure lived up to his
35915.2	promise.  The beast that inhabited this
35915.3	cell looks like it had an unexpected
35915.4	encounter with a wood chipper.
35915.5	There are pieces of monster all over the
35915.6	place.
35916.0	[title22][sentence]
35916.1	The corridor to the east is trashed.
35916.2	You don't see anyone moving.
35917.0	[title27][sentence]
35917.1	You don't see any guards down that
35917.2	way at the moment.  The corridor
35917.3	itself is in pretty bad shape.
35918.0	[title26][sentence]
35918.1	This limb looks humanoid, but you
35918.2	can't be sure.  What's the difference
35918.3	anyway?  Parts is parts.
35919.0	[title25][sentence]
35919.1	You have no need for this
35919.2	disgusting limb.
35920.0	[title26][sentence]
35920.1	You cringe as you fish the card
35920.2	out of the gooey mound of bloody
35920.3	monster flesh.
35921.0	[title25][sentence]
35921.1	This must have been worn by the
35921.2	poor guard this beast was
35921.3	snacking on.
35922.0	[title25][sentence]
35922.1	There are stains everywhere.  It appears
35922.2	Your large friend tore this beast into numerous little
35922.3	chunks and sprayed them all over the place.
35922.4	Partially imbedded in one of the mounds
35922.5	on the floor is a small laminated card.
35923.0	[title26][sentence]
35923.1	There are stains everywhere.  It appears
35923.2	Bud tore this beast into numerous little
35923.3	chunks, and sprayed him all over the place.
35924.0	[title26][sentence]
35924.1	This was obviously part of the wall before
35924.2	your friend came through here.
35925.0	[title19][sentence]
35925.1	You quickly decide not to carry
35925.2	around construction supplies.
35926.0	[title27][sentence]
35926.1	Your friend must have been in a destructive
35926.2	mood to have torn the floor up like that.
35927.0	[title25][sentence]
35927.1	The corridor here is in sad shape.
35927.2	Pieces have been ripped from the walls;
35927.3	parts of the floor have been torn up.  Your
35927.4	friend definitely has a violent streak.
35928.0	[title25][sentence]
35928.1	The floor is covered with red stains
35928.2	and miscellaneous chunks of monster.
35928.3	Partially imbedded in one little puddle
35928.4	is some sort of laminated card.
35929.0	[title25][sentence]
35929.1	The floor is covered with red stains
35929.2	and various-sized chunks of monster.
35929.3	
36010.0	[title25][sentence]
36010.1	The corridor to the west has been torn to pieces.
36010.2	There are no guards in sight.
36011.0	[title25][sentence]
36011.1	The corridor to the east is in even worse
36011.2	shape than this one.  You don't see
36011.3	any movement down that way.
36012.0	[title21][sentence]
36012.1	This bed is clean.  It looks unused.
36013.0	[title17][sentence]
36013.1	The sink is clean and empty.
36014.0	[title21][sentence]
36014.1	You have sudden flashbacks of
36014.2	many religious experiences in close
36014.3	proximity to this type of plumbing
36014.4	hardware.  As reality summons you
36014.5	back you note only that the toilet
36014.6	is clean.
36015.0	[title20][sentence]
36015.1	The cell is empty and the damage
36015.2	surrounding it is minimal.
36016.0	[title22][sentence]
36016.1	The air vent is closed and the
36016.2	latch is in good shape.  Fortunately
36016.3	you won't be needing to crawl around
36016.4	in there any more.
36017.0	[title21][sentence]
36017.1	The corridor has been damaged by the
36017.2	passage of a certain large and angry sauropod.
36018.0	[title26][sentence]
36018.1	The damage to the walls here is
36018.2	extensive.  It's going to take a lot
36018.3	of work to repair this hallway.
36018.4	
36110.0	[title25][sentence]
36110.1	On the desk you see a pair of monitors,
36110.2	some papers, and the stale remains
36110.3	of a doughnut.  The system the monitors
36110.4	were hooked up to has stopped working.
36111.0	[title26][sentence]
36111.1	The rear wall is carved out of native rock, much
36111.2	like the cell you just escaped from.  The walls
36111.3	in the hallway show signs of damage from
36111.4	the violent passage of your large friend.
36112.0	[title30][sentence]
36112.1	The thought that the same interior decorator
36112.2	who chose 'early Mesozoic igneous' decor
36112.3	for the back wall chose 'art deco' for these
36112.4	lighting fixtures.  Falling objects pretty well
36112.5	destroyed these fixtures.
36113.0	[title19][sentence]
36113.1	The panels of white lights keep this room
36113.2	extremely well lit.
36114.0	[title22][sentence]
36114.1	You don't have any need for forty feet of
36114.2	fluorescent light fixtures.
36115.0	[title26][sentence]
36115.1	The little bulb dangling from a wire
36115.2	in the middle of the room is dwarfed
36115.3	by the light panels on either side.  This
36115.4	must have been left here by the original
36115.5	construction crew.
36116.0	[title21][sentence]
36116.1	Attempting to steal this little light bulb
36116.2	would accomplish little.
36117.0	[title32][sentence]
36117.1	Your pal pretty much killed everything that
36117.2	inhabited the immediate area.  You don't need
36117.3	to worry about any guards out there.
36118.0	[title16][sentence]
36118.1	You don't see any signs of life in that direction.
36119.0	[title22][sentence]
36119.1	The equipment in this room has been rendered
36119.2	useless.  Your large friend did quite a good
36119.3	job of trashing the place.
36120.0	[title26][sentence]
36120.1	You pretty much destroyed the latch when
36120.2	you kicked the grate open.  You shouldn't
36120.3	have any trouble getting it open again.  Of
36120.4	course the absence of any living guards
36120.5	probably  means you don't need to crawl
36120.6	around in air ducts any more.
36120.7	
36610.0	[title26][sentence]
36610.1	You see some strange machinery in there.
36610.2	That must be some kind of equipment room.
36611.0	[title26][sentence]
36611.1	Considering what it did to you earlier, that
36611.2	must be the infamous gender bender!
36612.0	[title20][sentence]
36612.1	Since the latch is already broken,
36612.2	you gently push open the grate.
36613.0	[title33][sentence]
36613.1	Your first kick serves only to
36613.2	annoy your already-sore ankle.
36613.3	Fortunately, your second kick destroys
36613.4	the latch and the grate swings open.
36613.5	
38710.0	[title19][sentence]
38710.1	This was your cell for a while.  You do not
38710.2	miss it at all.
38711.0	[title27][sentence]
38711.1	When you climbed in here you let
38711.2	the air vent shut behind you, and the
38711.3	latch closed again.  You give it a few
38711.4	kicks, but the latch is too strong.
38711.5	
38810.0	[title24][sentence]
38810.1	This is your friend's cell.  He doesn't
38810.2	look very happy sitting there.  You get the
38810.3	distinct feeling he would be much happier
38810.4	if he were ripping guards up and destroying
38810.5	things.
38811.0	[title17][sentence]
38811.1	This was your friend's cell before
38811.2	you released him.
38812.0	[title25][sentence]
38812.1	You give the grate a couple good kicks,
38812.2	but the latch on the other side is just
38812.3	too strong.  You decide that you aren't
38812.4	terribly interested in climbing into this
38812.5	cell anyway.
38910.0	[title32][sentence]
38910.1	That horrible monster is in there
38910.2	busily eating some unfortunate guard.
38910.3	The sounds he is making in the process
38910.4	are turning your stomach.
38911.0	[title25][sentence]
38911.1	There are pieces of guard and monster
38911.2	scattered all over the cell.  Something
38911.3	shiny on the floor catches your eye, but
38911.4	you can't make it out from here.
38912.0	[title25][sentence]
38912.1	There are pieces of guard and monster
38912.2	scattered all over the cell.  It's truly
38912.3	disgusting.
38913.0	[title26][sentence]
38913.1	Briefly considering the fate
38913.2	of the guard in that cell you decide
38913.3	that you like having something
38913.4	metallic between you and that
38913.5	creature.
38914.0	[title29][sentence]
38914.1	You give the grate a couple kicks
38914.2	and discover that it is stronger than
38914.3	you are.
38914.4	
39010.0	[title21][sentence]
39010.1	There is nothing interesting about
39010.2	this cell.  It is completely empty.
39011.0	[title24][sentence]
39011.1	You give the grate a couple kicks
39011.2	but it does not give way.  In
39011.3	frustration you kick it a few more
39011.4	times, which serves only to hurt
39011.5	your ankle.
39110.0	[title26][sentence]
39110.1	This looks like a security station.  There are
39110.2	a couple monitors on a desk with some
39110.3	controls on them.
39111.0	[title29][sentence]
39111.1	This is the security station.  It was
39111.2	from here that you turned
39111.3	off all the force fields.
39112.0	[title25][sentence]
39112.1	You give the grate a couple kicks
39112.2	and nothing happens.  You work up
39112.3	a bit of adrenaline and try again.  This
39112.4	time you hear a loud snap as the latch
39112.5	gives way.
39113.0	[title30][sentence]
39113.1	You trashed the latch when
39113.2	you first kicked this grate open,
39113.3	so now all it needs is a gentle
39113.4	little push . . . .
50410.0	[title27][sentence]
50410.1	Other than an expired insurance card
50410.2	and a couple of wadded up tissues,
50410.3	there doesn't seem to be anything of
50410.4	interest in the glove compartment.
50411.0	[title27][sentence]
50411.1	You recognize the controls here as
50411.2	the type manufacturers are legally
50411.3	required to install, even though the
50411.4	vehicle is fully automated.  They
50411.5	look like they would be barely 
50411.6	adequate in the event the automatic
50411.7	system failed.
50412.0	[title26][sentence]
50412.1	What a mess.  Whoever owned this car
50412.2	was a serious slob.  Apart from the ubiquitous
50412.3	stuffed cat on the windshield, there is a pile of
50412.4	soda cans on the floor and a layer of grime on all the
50412.5	controls.  The central control screen has a thick
50412.6	layer of dust on it.
50413.0	[title27][sentence]
50413.1	This deodorizer ran out of 'pleasant-smelling
50413.2	evergreen disinfectant' about a hundred years ago.
50414.0	[title26][sentence]
50414.1	Before you say anything nasty about the
50414.2	person who left these here, think about
50414.3	the conditions inside of your refrigerator.
50415.0	[title20][sentence]
50415.1	HA! Got one!  Oh.  Wait.  It's only
50415.2	suction cupped there.  Drat!
50416.0	[title26][sentence]
50416.1	Through the amber windshield you can
50416.2	see part of the city, and all of a stuffed cat.
50417.0	[title30][sentence]
50417.1	Since there is no rear windshield on this
50417.2	car you assume this must actually be
50417.3	a video display.  The rear-view camera
50417.4	appears to be dead.
50418.0	[title25][sentence]
50418.1	It's mounted too well to be plucked off.
50419.0	[title25][sentence]
50419.1	It is disgusting and smelly.  In a way
50419.2	it makes you feel right at home.
50420.0	[title30][sentence]
50420.1	No.  Believe it or not this actually
50420.2	smells worse than your own.  You would
50420.3	do better just to keep yours until you
50420.4	find some clean socks to change into.
50421.0	[title32][sentence]
50421.1	You fiddle with the car controls, but
50421.2	nothing seems to work.  Apparently, that
50421.3	little scanner doesn't like what it sees.
35210.0	[title27][sentence]
35210.1	The scanner consists of a large square plate
35210.2	with a hand-shaped depression in it.
35211.0	[title29][sentence]
35211.1	The monitor is no longer operational.  It
35211.2	appears that a kidney struck the front of the
35211.3	picture tube with enough impact energy
35211.4	to completely destroy the monitor.
35212.0	[title30][sentence]
35212.1	The monitor is no longer operational.  It
35212.2	appears that a rock struck the front of the
35212.3	picture tube with enough impact energy
35212.4	to completely destroy the monitor.
35213.0	[title22][sentence]
35213.1	This display's information is probably
35213.2	useful to someone.  But not to you.
35214.0	[title20][sentence]
35214.1	Whoever modeled for this statue was
35214.2	obviously a beautiful woman.  You decide
35214.3	to consider a career in sculpting if you
35214.4	ever get off this planet.
35215.0	[title27][sentence]
35215.1	This must have belonged to that dead
35215.2	guard over there.  You find it odd that
35215.3	there is no tape in it.
35216.0	[title26][sentence]
35216.1	It's wrecked--like most things in this room.
35217.0	[title26][sentence]
35217.1	Yech!  An amputated arm lies on the
35217.2	floor.  The hand is empty, and the elbow
35217.3	is bent slightly.
35218.0	[title25][sentence]
35218.1	You ponder the possible uses of such a device.
35218.2	After a moment you give up.
35219.0	[title25][sentence]
35219.1	It's about time for you to find
35219.2	that vase and get off this planet.
35220.0	[title27][sentence]
35220.1	You haven't a clue what this gauge
35220.2	measures.
35221.0	[title21][sentence]
35221.1	This where that guard put all your stuff
35221.2	when you were captured.
35222.0	[title25][sentence]
35222.1	Good news!  Most of your belongings are
35222.2	still here.  What's missing has probably
35222.3	been taken away for analysis.
35223.0	[title26][sentence]
35223.1	Wouldn't you know it: nothing but worthless
35223.2	junk.  It looks like they are long overdue for
35223.3	garage sale.
35224.0	[title27][sentence]
35224.1	You remember begin led down
35224.2	this hall when you were captured.
35224.3	The hall is now in pretty sad shape.
35225.0	[title25][sentence]
35225.1	This is the security room where you
35225.2	had that stimulating pat down.  Since 
35225.3	then things have changed for the worse.
35225.4	Most of the equipment is destroyed and
35225.5	there is a dead guard lying on the floor.
35226.0	[title22][sentence]
35226.1	You don't need any of these things.
35227.0	[title25][sentence]
35227.1	Good idea.  You never know when you'll
35227.2	get the urge to crank up some tunes.
35228.0	[title26][sentence]
35228.1	You carefully pick up the amputated
35228.2	arm.  You decide to carry it around
35228.3	for as short a period of time as possible.
35229.0	[title25][sentence]
35229.1	The desk is broken in about a thousand
35229.2	places.  The extent of the damage in
35229.3	this room amazes you.
35230.0	[title32][sentence]
35230.1	Look at that!  It's the same woman who
35230.2	patted you down and took away all
35230.3	your stuff.  It doesn't look like she's 
35230.4	going to be giving you any more pat-downs
35230.5	now.  Too bad.  She appears to be missing
35230.6	an arm and one or more internal organs.
35231.0	[title27][sentence]
35231.1	There is another room through this
35231.2	doorway.  It looks like it has had the
35231.3	same kind of rough day this room has
35231.4	had.
35232.0	[title18][sentence]
35232.1	The table has been splintered.
35233.0	[title29][sentence]
35233.1	The projector has been damaged
35233.2	beyond repair.  Your friend didn't
35233.3	miss much coming through here.
35234.0	[title30][sentence]
35234.1	It's a good thing your massive friend
35234.2	didn't take this support out.  The whole
35234.3	room probably would have caved in.
35234.4	At least he showed some restraint.
35235.0	[title16][sentence]
35235.1	It's completely destroyed.
35235.2	
50510.0	[title30][sentence]
50510.1	The view screen is to be divided into
50510.2	three main regions.  The first describes
50510.3	your currently selected destination; the
50510.4	second shows you a schematic map of
50510.5	the city; and the third relays some system
50510.6	status information in characters that are
50510.7	meaningless to you.
50511.0	[title24][sentence]
50511.1	The control panel consists of a view screen,
50511.2	some kind of indicator (which appears broken),
50511.3	and some buttons.
50511.4	
60110.0	[title30][sentence]
60110.1	The street continues deep into the heart of the
60110.2	city.  You can't help but notice what has got to
60110.3	be the gaudiest condominium you have ever seen.
60110.4	A large sign announces the residence of someone
60110.5	who must have a serious neon fetish.
60111.0	[title30][sentence]
60111.1	The street continues deep into the heart of the
60111.2	city.  You can't help but notice what has got to
60111.3	be the gaudiest condominium you have ever seen.
60111.4	A large sign announces the residence of someone
60111.5	who must have a serious neon fetish.  You notice
60111.6	a pencil thin beam of light protruding from the
60111.7	roof.
60112.0	[title26][sentence]
60112.1	This is the car you arrived in.  It has
60112.2	not changed significantly since you
60112.3	left it.
60113.0	[title26][sentence]
60113.1	The large coliseum in the distance
60113.2	occupies several city blocks.  It is
60113.3	almost as big as the sports arena you
60113.4	frequent on Umbilica IV.
60114.0	[title24][sentence]
60114.1	The buildings here do not interest you.
60115.0	[title20][sentence]
60115.1	Exploring this entire city on
60115.2	foot would be a bad plan.  You
60115.3	decide to stay close to the car.
60116.0	[title33][sentence]
60116.1	The balcony protrudes from the tackiest
60116.2	condo in the history of modern architecture.
60116.3	The white pillars make you wish you
60116.4	had a chainsaw.  Francois would love
60116.5	this place.
60117.0	[title16][sentence]
60117.1	The entrance is wide open.
60118.0	[title27][sentence]
60118.1	The vast cylindrical perimeter wall
60118.2	stretches hundreds of feet over
60118.3	your head.  At the top, you can see
60118.4	a circle of bright blue sky.
60119.0	[title25][sentence]
60119.1	The city stretches off into the distance.
60120.0	[title30][sentence]
60120.1	As you stare at the statue, your
60120.2	bladder begins to feel distinctly
60120.3	smaller and tighter.  You quickly
60120.4	force yourself to look away before
60120.5	a horrible accident happens.
60120.6	
60120.7	
31810.0	[title27][sentence]
31810.1	The walls here look like they are
31810.2	coated with something.  It's
31810.3	probably some sort of sound
31810.4	isolation.
31811.0	[title26][sentence]
31811.1	After being hit by that guard you
31811.2	got to know the floor pretty well.
31811.3	It doesn't hold your attention any
31811.4	longer now than it did then.
31812.0	[title25][sentence]
31812.1	This corridor leads back to the cell block.
31813.0	[title19][sentence]
31813.1	There is a strange device part way down
31813.2	this corridor.
31814.0	[title28][sentence]
31814.1	Judging by the size of the faucet there
31814.2	must be a great deal of  cleaning up
31814.3	to do around here.  You wonder what
31814.4	sort of activity would require such
31814.5	frequent large-scale cleaning.
31815.0	[title18][sentence]
31815.1	This looks like a normal sink.
31816.0	[title20][sentence]
31816.1	This must be where they put the
31816.2	less cooperative 'guests'.
31817.0	[title21][sentence]
31817.1	This large, sharp, intimidating blade
31817.2	sends a shiver down your spine.
31818.0	[title13][sentence]
31818.1	The monitor is not on.
31819.0	[title26][sentence]
31819.1	These are the strangest cabinets you
31819.2	have ever seen.  They look more like
31819.3	filing slots for loose limbs.  Your curiosity
31819.4	regarding their contents quickly subsides.
31820.0	[title24][sentence]
31820.1	The equipment here is not unlike the
31820.2	equipment in the rest of this complex.
31820.3	Its purpose is completely beyond you.
31821.0	[title25][sentence]
31821.1	There are a few small red stains on the
31821.2	shelf.  It is otherwise uninteresting.
31822.0	[title18][sentence]
31822.1	For the moment, this is home.
31823.0	[title25][sentence]
31823.1	You are all too familiar with this
31823.2	gurney.  You have no urge to lie
31823.3	on it ever again.
31824.0	[title27][sentence]
31824.1	This must be where the attending 'physician'
31824.2	keeps medical instruments.  The only items
31824.3	of note on it are a corkscrew, a feather, and
31824.4	a scalpel.  These do not look like 'friendly'
31824.5	instruments.
31825.0	[title27][sentence]
31825.1	This is the small table you stole
31825.2	the scalpel from.  There are not
31825.3	any instruments on it just now.
31826.0	[title27][sentence]
31826.1	This must be some sort of examination room.
31826.2	From your 'secure' position you see a large
31826.3	saw blade, a pretty intern, and the ceiling.
31827.0	[title30][sentence]
31827.1	This is the medical examination room.
31827.2	That pretty girl has left.  She must have finished
31827.3	whatever she was doing with the instruments on the
31827.4	table.
31828.0	[title22][sentence]
31828.1	This is the medical examination room.
31829.0	[title25][sentence]
31829.1	Sorry, they are locked and there
31829.2	is no obvious locking mechanism
31829.3	or insertion point for a key.
31830.0	[title25][sentence]
31830.1	This pretty young woman is tinkering
31830.2	with something on the instrument table.
31831.0	[title24][sentence]
31831.1	The door is locked, barred, and probably
31831.2	welded closed.  This is one woman you
31831.3	won't be snooping on.  Besides, what if
31831.4	she were actually in there?
31832.0	[title25][sentence]
31832.1	This woman is definitely 'well done'.  This
31832.2	must be the professor the intern went to check
31832.3	on after that explosion.  She has a tape recorder
31832.4	in her hand.
31833.0	[title27][sentence]
31833.1	She appears to have quite a grip on
31833.2	the tape recorder. There is an audio
31833.3	tape inside it.
31834.0	[title27][sentence]
31834.1	This is the tape recorder you got
31834.2	that little audio tape from.  She still
31834.3	has a death-grip on it.
31835.0	[title25][sentence]
31835.1	You can't get the tape recorder loose from
31835.2	her fingers.  She has a death-grip on it that
31835.3	you just can't break.  You do manage to
31835.4	open it and take out a small cassette.
31836.0	[title26][sentence]
31836.1	The professor's gurney is currently
31836.2	holding the charred professor off the floor.
31837.0	[title32][sentence]
31837.1	Quickly, while the intern is out of
31837.2	the room, you reach out and grab the
31837.3	scalpel.  You squirrel it away in your
31837.4	sleeve and hope that no one will notice
31837.5	its absence.
31837.6	
51310.0	[title27][sentence]
51310.1	You look up the elevator shaft.  You
51310.2	can see that it does not stop at the upper
51310.3	level of the city, but in fact runs all the
51310.4	way up to the rim of the cylinder which the
51310.5	city was built in.
51311.0	[title29][sentence]
51311.1	The elevator door is closed.  There is,
51311.2	however, a card slot adjacent to the left door.
51312.0	[title25][sentence]
51312.1	It appears that the elevator doesn't
51312.2	work without some sort of access card.
51313.0	[title29][sentence]
51313.1	This culture must have taken their
51313.2	designated handicapped parking spaces
51313.3	seriously.  In fine print, at the bottom of
51313.4	the sign, you read: "Violators will be given
51313.5	good reason to park here."
51314.0	[title26][sentence]
51314.1	This looks like a hitching post for
51314.2	horses.  The presence of such a device
51314.3	strikes you as out of place in a city
51314.4	which uses MLV's for transportation.
51315.0	[title26][sentence]
51315.1	Now THAT is a big mall.  There is
51315.2	no end in sight.  There is no entrance
51315.3	in sight, for that matter.  The mere thought
51315.4	of entering a mall sends shivers down
51315.5	your spine.
51316.0	[title25][sentence]
51316.1	Someone was running a special on
51316.2	internal organs.  You wonder if they
51316.3	were being sold as replacements, or as
51316.4	stew meat.
51317.0	[title25][sentence]
51317.1	The street stretches off into the bowels
51317.2	of the city.  You decide that it would be
51317.3	best if you stayed close to the car.
51318.0	[title29][sentence]
51318.1	The street ends here.  You are at the edge
51318.2	of the cylinder in which the city is built.
51318.3	You are between a mall and an elevator.
51319.0	[title25][sentence]
51319.1	It's a safe bet that card slot adjacent to the left
51319.2	door operates the elevator.
51320.0	[title29][sentence]
51320.1	It won't fit.  Don't forget where you got
51320.2	that security card.  It is no great surprise
51320.3	that it's useless in this city.
51321.0	[title22][sentence]
51321.1	It hasn't changed while parked here.
51322.0	[title29][sentence]
51322.1	The brick continues up to the next level,
51322.2	then gives way to sheet metal.  You pause
51322.3	again to marvel at the size of the cylinder
51322.4	in which this enormous city is built.
51322.5	
50310.0	[title26][sentence]
50310.1	The monitoring equipment looks like it
50310.2	must have been used to keep tabs on
50310.3	various automatic functions of the city.
50311.0	[title25][sentence]
50311.1	You are quite familiar with the Lemington OK-4
50311.2	photon rifle.  It fires a coherent stream of
50311.3	photons at the target, burning it to a crisp.
50312.0	[title16][sentence]
50312.1	Not a chance.  The display case is impenetrable.
50313.0	[title22][sentence]
50313.1	The lovely display case holds a few
50313.2	interesting weapons.  Unfortunately the
50313.3	case is made of a material that is
50313.4	truly Rex-proof.
50314.0	[title32][sentence]
50314.1	Cool!  You saw one of these on display
50314.2	at a future weapons conference.  The
50314.3	exhibition was phenomenal.  Ever since
50314.4	then, you've always wanted to carry one
50314.5	around in your back pocket.
50315.0	[title26][sentence]
50315.1	You are a bit thirsty, but the water
50315.2	looks stagnant.  The bottle probably
50315.3	hasn't been changed in at least a
50315.4	hundred years.
50316.0	[title27][sentence]
50316.1	This large wooden box does not appear
50316.2	to have any openings.  You would think
50316.3	the top would lift off, but can't get it to
50316.4	budge.
50317.0	[title27][sentence]
50317.1	You grunt and groan but accomplish nothing.
50317.2	There must be some trick to it.
50318.0	[title25][sentence]
50318.1	You get an eerie feeling that maybe you 
50318.2	shouldn't be here.  It's the same feeling
50318.3	you had right before you were blown out
50318.4	of the sky.
50319.0	[title26][sentence]
50319.1	You assume that this is where the booking process
50319.2	takes place.  Reading you your rights, thumb
50319.3	printing, taking mug shots . . . YOU know the routine.
50320.0	[title25][sentence]
50320.1	The monitor displays pertinent
50320.2	information on suspects, such as hair
50320.3	color, height, weight, social diseases, etc.
50321.0	[title25][sentence]
50321.1	This is an odd place for a filing cabinet.
50321.2	They must have been moving it.
50322.0	[title26][sentence]
50322.1	The cabinets are empty.  They must have been
50322.2	moving this just before they all went . . . where?
50323.0	[title25][sentence]
50323.1	The box contains a pair of odd-looking
50323.2	objects that resemble detonators
50323.3	for explosives.
50324.0	[title13][sentence]
50324.1	The box is now empty.
50325.0	[title20][sentence]
50325.1	It looks like someone left behind
50325.2	a couple of detonators.
50326.0	[title26][sentence]
50326.1	You carefully pick up the detonators
50326.2	and put them gingerly in your pocket, 
50326.3	making a mental note not to do any
50326.4	jumping jacks for a while.
50327.0	[title18][sentence]
50327.1	You see the edge of the city, and the
50327.2	sky above.
50328.0	[title29][sentence]
50328.1	The display case to the right contains
50328.2	several interesting weapons.  There is
50328.3	a guard station on the left, complete
50328.4	with all manners of law enforcement
50328.5	equipment.
50329.0	[title25][sentence]
50329.1	You would probably need a nuclear bomb 
50329.2	to get this impenetrable case opened.
50330.0	[title27][sentence]
50330.1	It would most likely bounce off and possibly
50330.2	bean you in the head.  Save your strength. 
50330.3	
61110.0	[title24][sentence]
61110.1	A lone man seems the only inhabitant of
61110.2	this grungy alley.  Several pairs of red
61110.3	eyes watch you from dark hiding places.
61111.0	[title25][sentence]
61111.1	Since Herman has gone to his place in the woods,
61111.2	only a few small rodents remain to scurry about
61111.3	in the alley.
61112.0	[title24][sentence]
61112.1	The man in the alley seems extremely nervous
61112.2	in your presence.  He looks as though he hasn't
61112.3	taken a bath in a year or two.  You don't know
61112.4	what the native life span is, but he looks ancient.
61112.5	He is wearing some kind of personal stereo.
61113.0	[title25][sentence]
61113.1	All sorts of trash has been dumped here.
61113.2	This looks like your bedroom on the Pig.
61114.0	[title17][sentence]
61114.1	You have absolutely no use for two thousand
61114.2	pounds of miscellaneous trash.
61115.0	[title21][sentence]
61115.1	This could hold a large appliance for shipping
61115.2	or a mid-sized person for sleeping.
61116.0	[title22][sentence]
61116.1	What are you going to do with that?
61116.2	Take it home and play in it?
61117.0	[title25][sentence]
61117.1	It has already been opened wide enough for you to realize
61117.2	that it is empty.
61118.0	[title21][sentence]
61118.1	The refrigerator looks older that the
61118.2	hermit.  Rust has replaced the enamel
61118.3	finish in most places.  The hinges also
61118.4	appear to be badly rusted.
61119.0	[title19][sentence]
61119.1	Not likely.  Those hinges might as
61119.2	well be welded solid.
61120.0	[title25][sentence]
61120.1	The last thing you need now is a hernia.
61120.2	You don't normally go around trying
61120.3	to stuff major appliances into your
61120.4	pocket.  Why start now?
61121.0	[title27][sentence]
61121.1	The large buildings surrounding the
61121.2	alley are weather worn and covered
61121.3	with graffiti.
61122.0	[title32][sentence]
61122.1	For the most part, the graffiti on the wall
61122.2	is no different from that which can be
61122.3	found in any city on any world.  However,
61122.4	a few random scribblings like "73766,347"
61122.5	and "PTJT50A" strike you as unusual.
61122.6	There are several good limericks and a
61122.7	candid opinion about the questionable
61122.8	parentage of someone named Bruce.  A
61122.9	wave of poetic inspiration comes over
61122.10	you, but after searching your pockets you
61122.11	realize you forgot to bring your spray paint can.
61123.0	[title22][sentence]
61123.1	The large vertical support prevents the
61123.2	overhead structure from falling on you.
61123.3	
50210.0	[title26][sentence]
50210.1	Since this teleporter is built into
50210.2	the wall, you see little through the
50210.3	viewport.
50211.0	[title25][sentence]
50211.1	The keypad has twelve keys on it.
50211.2	The numerals zero through nine are
50211.3	present, as well as 'smile' and 'frown'
50211.4	keys.
50212.0	[title27][sentence]
50212.1	This is entry device is about
50212.2	as complicated as a pocket
50212.3	calculator.  Take your time;
50212.4	you'll get it eventually.
50213.0	[title25][sentence]
50213.1	It's a key.  Hint: It's about the same
50213.2	size as the tip of a human finger.
50214.0	[title17][sentence]
50214.1	You are standing inside an
50214.2	alien teleportation device.
50214.3	
50710.0	[title27][sentence]
50710.1	This must signify the 'blue light special'
50710.2	the store was running on selected software.
50711.0	[title29][sentence]
50711.1	You have always wanted one of these
50711.2	for your bedroom.  You had better
50711.3	find yourself a new bedroom first.
50712.0	[title26][sentence]
50712.1	You are surprised to see that "Polyester
50712.2	Suit Peter," is still around.  You dream
50712.3	of starring in your own action-packed
50712.4	graphic adventure some day.
50713.0	[title29][sentence]
50713.1	The old software runs on a computer
50713.2	platform that hasn't been available in decades.
50713.3	You had better visit a store that has updated
50713.4	its inventory this century.
50714.0	[title26][sentence]
50714.1	The back wall of the store is littered with
50714.2	little flyers and posters.
50715.0	[title30][sentence]
50715.1	It's an advertisement for a game called:
50715.2	"Nasty Nick takes on the Bronx."  It
50715.3	looks like an arcade shoot-em-up.
50716.0	[title26][sentence]
50716.1	In large purple letters the sign announces
50716.2	the name of the software store.
50717.0	[title29][sentence]
50717.1	Hmmm.  A flight sim, an adventure game,
50717.2	a 'pretend-you're-in-a-movie' game, a
50717.3	'gee-I-wish-I-really-knew-how-to-use-a-sword'
50717.4	game, and various other escapist entertainment
50717.5	packages adorn the walls here.
50718.0	[title26][sentence]
50718.1	This shelf is covered with word processors,
50718.2	spreadsheets, databases, communications
50718.3	packages, and other boring items.
50719.0	[title27][sentence]
50719.1	These appear to be anti-shoplifting
50719.2	sensors.  Walking through them with
50719.3	an unpaid-for software package would
50719.4	probably be unwise.
50720.0	[title22][sentence]
50720.1	The registers look like normal retail
50720.2	point-of-sale cash registers.
50721.0	[title27][sentence]
50721.1	Something is written here, but you
50721.2	can't read the handwriting.  It looks
50721.3	likes cuneiform.
50722.0	[title32][sentence]
50722.1	This is obviously a computer software
50722.2	store.  They seem to specialize in
50722.3	personal productivity software and
50722.4	games.  Productivity.  Hmph.  What a
50722.5	waste of computer hardware.
50723.0	[title27][sentence]
50723.1	The cash register doesn't have a 'no sale' key, so
50723.2	you decide not to embarrass yourself
50723.3	by spending hours trying to figure out
50723.4	how to get the drawer open.
50724.0	[title33][sentence]
50724.1	Boy is this thing full.  Lets see:  Freighter Commander
50724.2	(with Secret Cargo mission disks); Kryniktorfsptlandia;
50724.3	F-98 III; CEO's reQuest; SimIntestine; Balance of the Checkbook;
50724.4	Ultimate Roman Numeral; Super Scribbleit (on eight-inch disks);
50724.5	DeskMole; Squarebert; Breast Quest XXIV; an OS-2 hint book.
50724.6	There must be two dozen titles in here.
50725.0	[title21][sentence]
50725.1	The large window yields a beautiful
50725.2	panoramic view of the city.
50726.0	[title26][sentence]
50726.1	You struggle for a minute on
50726.2	the first few letters, but you eventually
50726.3	manage to sound out all the words.
50727.0	[title25][sentence]
50727.1	On the counters you see cash registers,
50727.2	a pad, and a jar of pencils.
50728.0	[title26][sentence]
50728.1	On the counters you see cash registers,
50728.2	a pad, a jar of pencils, and a small penlight.
50729.0	[title16][sentence]
50729.1	It is a small metal cylinder with a
50729.2	bulb at one end.
50730.0	[title17][sentence]
50730.1	You pick up the penlight and put
50730.2	it in your pocket.
50731.0	[title20][sentence]
50731.1	This evidently illuminates the exit in
50731.2	the event of a power failure.
55110.0	[title32][sentence]
55110.1	Uh oh.  You are less disturbed by the
55110.2	skeleton itself than by the fact that no
55110.3	one has removed it.
55111.0	[title24][sentence]
55111.1	This appears to be an elevator shaft.  The
55111.2	distinct lack of an elevator renders the
55111.3	shaft useless.
55112.0	[title22][sentence]
55112.1	This shaft doesn't go too far down,
55112.2	but extends up beyond the limits of
55112.3	your eyesight.  You experience a brief
55112.4	flash of acrophobia and decide not to
55112.5	try climbing up the shaft.
55113.0	[title27][sentence]
55113.1	From where you are now standing the
55113.2	building appears to be sound.  Of
55113.3	course, you can only tell so much
55113.4	by looking at one exterior wall.
55114.0	[title29][sentence]
55114.1	You can easily understand why this now-familiar
55114.2	device is the preferred mode of transportation
55114.3	on this planet.
55115.0	[title26][sentence]
55115.1	To the west you see what might be a
55115.2	car.
55116.0	[title17][sentence]
55116.1	To the west you see the a car parked
55116.2	on the street.
55117.0	[title33][sentence]
55117.1	It soon becomes clear that you are
55117.2	not on an island. Nor are you
55117.3	underground.  Air tainted by the
55117.4	smell of decay reaches your nostrils.
55117.5	A skeleton on the railing nearby, in
55117.6	addition to the unnerving silence everywhere
55117.7	gives you the feeling that something is
55117.8	wrong here.
55118.0	[title19][sentence]
55118.1	The sidewalk continues west toward the center of the city.
55119.0	[title26][sentence]
55119.1	You are getting used to seeing equipment
55119.2	you can't make heads nor tails of.
55120.0	[title30][sentence]
55120.1	The railing surrounds what might once have been
55120.2	some kind of observation post.  Apparently its
55120.3	sole remaining purpose involves holding a
55120.4	skeleton off the ground.
55120.5	
41110.0	[title24][sentence]
41110.1	The important information spewing forth
41110.2	from this monitor is meaningless to you.
41111.0	[title24][sentence]
41111.1	From the smell in here you presume that
41111.2	the air purifier is not working properly.
41112.0	[title26][sentence]
41112.1	The lab contains a great deal of
41112.2	equipment, little of which you
41112.3	know anything about.
41113.0	[title26][sentence]
41113.1	This appears to be some sort
41113.2	of emergency power switch.  Open
41113.3	contact switches make you a little
41113.4	nervous--if you grab the wrong part . . . .
41114.0	[title25][sentence]
41114.1	You had better not.  If the lights go out
41114.2	you'll just end up walking into things
41114.3	and will probably hurt yourself.
41115.0	[title26][sentence]
41115.1	You wonder how long this has been 
41115.2	sitting here.  You are reminded of the
41115.3	condiments in your refrigerator.
41116.0	[title25][sentence]
41116.1	Of all the things you'd like to pick
41116.2	up and carry around with you for a
41116.3	while, toxic waste is near the bottom
41116.4	of the list.
41117.0	[title18][sentence]
41117.1	The board is covered with empirical formulae,
41117.2	none of which you understand.  You think the
41117.3	one on the bottom may describe the molecular
41117.4	structure of a chocolate malt, but you can't be sure.
41118.0	[title26][sentence]
41118.1	Underneath each of the glass domes is a brain
41118.2	pickled in formaldehyde.  The labels underneath
41118.3	the domes read "Citron brain", "Motron brain", and
41118.4	"Human brain".  The human brain appears to be
41118.5	significantly smaller than the others.  The exact
41118.6	nature of the experiment escapes you, but you
41118.7	decide you'd rather not participate in it.
41119.0	[title30][sentence]
41119.1	Harking back to your high school chemistry days,
41119.2	you recall that this compound is a highly
41119.3	volatile oxidizer, or is it an acid?  No, wait,
41119.4	it's . . . Hmmm.
41120.0	[title21][sentence]
41120.1	You CAREFULLY pick up the flask.
41121.0	[title26][sentence]
41121.1	This little alcove has an exhaust fan, and
41121.2	looks like it was designed for the mixing
41121.3	of volatile chemicals.  There is a small
41121.4	kettle inside the alcove.
41122.0	[title19][sentence]
41122.1	The label reads "Formaldehyde".
41123.0	[title21][sentence]
41123.1	The label reads "Lecithin", but you
41123.2	remember little about phosphatides.
41124.0	[title19][sentence]
41124.1	You carefully pick up the flask.
41125.0	[title21][sentence]
41125.1	The kettle is empty but you reason
41125.2	that it must be a mixing vessel.
41126.0	[title19][sentence]
41126.1	The kettle contains some liquid.
41127.0	[title27][sentence]
41127.1	Eureka!  You have managed to reproduce
41127.2	the professor's explosive formula!  Now what?
41128.0	[title16][sentence]
41128.1	You do not need to carry around a heavy
41128.2	kettle.
41129.0	[title22][sentence]
41129.1	This panel must regulate the various
41129.2	experiments being performed in this
41129.3	lab.  You decide to leave the thing
41129.4	alone before you hurt yourself.
41130.0	[title21][sentence]
41130.1	Hey!  This looks and smells fresh.  This must
41130.2	be where that explosion occurred while you
41130.3	were 'chatting' with Doc Slache's intern.
41130.4	Whatever caused this was potent stuff.
41131.0	[title19][sentence]
41131.1	This leads out into the corridor
41131.2	in front of the laboratory.
41132.0	[title20][sentence]
41132.1	This appears to be a research laboratory
41132.2	of some kind.  There is an experiment in
41132.3	progress on one bench, a little alcove with
41132.4	a kettle in it, and a large scorch mark on
41132.5	the floor.  One would presume that something
41132.6	exploded on the floor over there.
41133.0	[title22][sentence]
41133.1	The air horn must signal break time.
41134.0	[title18][sentence]
41134.1	Whatever blew the floor open scattered
41134.2	pieces of it around the room.
41135.0	[title20][sentence]
41135.1	Judging by the temperature in here the
41135.2	heater must be working.
41136.0	[title16][sentence]
41136.1	There are numerous pipes connecting
41136.2	things to the walls.
41137.0	[title25][sentence]
41137.1	The sink is incredibly clean.  It's either
41137.2	new, recently cleaned, or used to dispose
41137.3	of potent acids.
41138.0	[title22][sentence]
41138.1	Don't do that.  Surely you can find
41138.2	something more productive to do with
41138.3	the [noun1].
41139.0	[title24][sentence]
41139.1	Although a new brain is not a bad idea,
41139.2	you haven't a clue how to install one.
41140.0	[title25][sentence]
41140.1	Electrical energy is arcing between
41140.2	the electrodes.  Beyond this observation,
41140.3	you have no insights into the purpose
41140.4	of this little light show.
41141.0	[title26][sentence]
41141.1	Touching metal objects that are throwing
41141.2	eighteen-inch sparks would probably be
41141.3	the stupidest thing you've done in a long time.
41142.0	[title24][sentence]
41142.1	You gingerly pour the contents of the
41142.2	kettle into the two charge cases.  You
41142.3	made just enough explosives to fill them
41142.4	both.
41143.0	[title30][sentence]
41143.1	You don't have anything to
41143.2	put the explosives in.  You
41143.3	need something designed to
41143.4	hold explosives, as opposed
41143.5	to a shoe, or a hat or something
41143.6	equally ridiculous.
41143.7	
41143.8	
40910.0	[title16][sentence]
40910.1	You see little.
40911.0	[title24][sentence]
40911.1	The keypad has twelve keys on it.
40911.2	The numerals zero through nine are
40911.3	present, as well as 'smile' and 'frown'
40911.4	keys.
40912.0	[title17][sentence]
40912.1	This entry device is about
40912.2	as complicated as a pocket
40912.3	calculator.  Take your time;
40912.4	you'll get it eventually.
40913.0	[title22][sentence]
40913.1	It's a key.  Hint: it's about the same
40913.2	size as the tip of a human finger.
40914.0	[title17][sentence]
40914.1	You are standing in an
40914.2	alien teleportation device.
40914.3	
40710.0	[title27][sentence]
40710.1	The scanner is built into the hallway
40710.2	in such a way that you cannot travel
40710.3	farther without passing through it.  It
40710.4	looks rather menacing from here.
40711.0	[title25][sentence]
40711.1	You conclude from your past experiences
40711.2	that this is some kind of gender scanner.
40712.0	[title26][sentence]
40712.1	The door looks extremely solid.  It must be
40712.2	locked from the inside.  You don't see
40712.3	any mechanism for unlocking it from
40712.4	out here.
40713.0	[title19][sentence]
40713.1	The hallway south leads around a corner
40713.2	and out of sight.
40714.0	[title26][sentence]
40714.1	You see a large, familiar-looking saw blade
40714.2	at the end of the corridor to the north.
40715.0	[title24][sentence]
40715.1	There is an odd looking scanner in the middle
40715.2	of the corridor.  You also notice a large metal
40715.3	door.
40610.0	[title14][sentence]
40610.1	The trash smells awful.
40611.0	[title22][sentence]
40611.1	Yech!  Considering a career change?
40612.0	[title17][sentence]
40612.1	It's a safe bet this is what operates
40612.2	the adjoining door.
40613.0	[title26][sentence]
40613.1	The [noun1] doesn't fit.  You must
40613.2	need something different.
40614.0	[title27][sentence]
40614.1	"In case of fire break glass--then run like 
40614.2	hell."  It appears someone has already used
40614.3	the extinguisher.
40615.0	[title22][sentence]
40615.1	Sorry.  It's actually only a container for a fire
40615.2	extinguisher.  It's empty.
40616.0	[title27][sentence]
40616.1	The corridor continues for several yards in
40616.2	a northeast direction, then turns due north.
40617.0	[title21][sentence]
40617.1	The corridor continues west.  You see
40617.2	more doors in that direction.
40618.0	[title27][sentence]
40618.1	The place reeks of rotten garbage and
40618.2	burnt hair.  Several doors line the north
40618.3	wall, and there is some debris at the
40618.4	eastern end of the corridor.
40619.0	[title18][sentence]
40619.1	The walls here are solid rock.
40620.0	[title30][sentence]
40620.1	There are two doors here.  The western door
40620.2	is marked 'storage room' and has an 
40620.3	electronic card slot next to it.  The eastern
40620.4	door has carbon scoring under it, leading
40620.5	you to believe that there has been an explosion
40620.6	here recently.
40621.0	[title25][sentence]
40621.1	There are two doors here.  The western door
40621.2	is now open.  The eastern door has
40621.3	carbon scoring under it, leading you to believe
40621.4	that there has been an explosion here recently.
40622.0	[title25][sentence]
40622.1	Perhaps you should take a closer look
40622.2	at this door.  Do it; for your nose's sake.
40623.0	[title25][sentence]
40623.1	This is yet another of the many
40623.2	device around here whose purpose
40623.3	escapes you.
40624.0	[title18][sentence]
40624.1	This signpost was obviously smashed
40624.2	by the large boulder next to it.
40625.0	[title24][sentence]
40625.1	You don't need it--it's broken.  Not that
40625.2	it would do you any good if it weren't.
40626.0	[title27][sentence]
40626.1	The boulder is large and heavy.  There is
40626.2	a cavity in the roof of the same
40626.3	general shape and size.
40627.0	[title16][sentence]
40627.1	So now you think you're an Olympic
40627.2	weight lifter?
40628.0	[title18][sentence]
40628.1	"CAUTION:  Falling rock zone"
40629.0	[title26][sentence]
40629.1	And do what with it?  Mount it between the STOP
40629.2	sign and the band posters over your cinder block
40629.3	bookshelves?
40629.4	
40629.5	
41010.0	[title17][sentence]
41010.1	The contents of the barrels here are
41010.2	a mystery to you.
41011.0	[title22][sentence]
41011.1	You don't need the barrels.  Besides,
41011.2	they are too big to carry around.
41012.0	[title26][sentence]
41012.1	The markings on these barrels lead you to
41012.2	believe that their contents may be in liquid form.
41012.3	You quickly decide that opening them is not
41012.4	a very good idea.
41013.0	[title16][sentence]
41013.1	The rungs here are rolled up and tied
41013.2	for storage.
41014.0	[title27][sentence]
41014.1	You do not fancy yourself a decorator,
41014.2	nor do you have anywhere to put a rug
41014.3	just now.
41015.0	[title25][sentence]
41015.1	You notice something interesting in
41015.2	one of the cartons.  The other cartons
41015.3	do not appear to contain anything of
41015.4	interest to you.
41016.0	[title22][sentence]
41016.1	Since you already scrounged
41016.2	the charge cases the cartons
41016.3	no longer contain anything that
41016.4	interests you.
41017.0	[title24][sentence]
41017.1	There are three flour sacks: one almost
41017.2	empty, the other two full.  Your baking
41017.3	ability is practically non-existent, so flour
41017.4	doesn't interest you much.
41018.0	[title25][sentence]
41018.1	You don't have any time for baking.
41018.2	Leave the foodstuffs where they are.
41019.0	[title27][sentence]
41019.1	There are several green sacks lying around.
41019.2	They look like they contain textiles of
41019.3	some sort.  They could even be dirty
41019.4	laundry.
41020.0	[title20][sentence]
41020.1	They are probably dirty laundry.  You
41020.2	don't need to play with them.
41021.0	[title22][sentence]
41021.1	The bucket of tar reminds you of a
41021.2	punishment someone once said you
41021.3	deserved.  It is black and sticky.
41022.0	[title13][sentence]
41022.1	Yech!  No thank you.
41023.0	[title19][sentence]
41023.1	The can is emtpy, and looks like it
41023.2	may even have a hole in it.
41024.0	[title16][sentence]
41024.1	You don't need any large empty
41024.2	cardboard canisters.
41025.0	[title27][sentence]
41025.1	These look like standard charge cases
41025.2	used to pack explosives.  They would
41025.3	be extremely dangerous if they had anything
41025.4	in them.
41027.0	[title27][sentence]
41027.1	The fence was designed to keep
41027.2	packages in and people out.  Right
41027.3	now it appears to be doing it's job
41027.4	quite nicely, thank you.  You spend
41027.5	several minutes trying to find a way
41027.6	through it, and several more trying
41027.7	to cut it open.  Eventually you give
41027.8	up, deciding that you really didn't
41027.9	want to have to search through all
41027.10	those little boxes.
41027.11	
41028.0	[title18][sentence]
41028.1	The shelves hold many boxes.
41029.0	[title21][sentence]
41029.1	The rat seems to be watching you.
41030.0	[title24][sentence]
41030.1	You don't have any place
41030.2	to keep a pet.
41031.0	[title20][sentence]
41031.1	Leave him alone.  He hasn't done
41031.2	anything to you.
41032.0	[title25][sentence]
41032.1	You pick up the charge cases and quickly
41032.2	examine them.  They are empty.
41033.0	[title26][sentence]
41033.1	After looking around for a moment you
41033.2	brilliantly deduce that this must be some
41033.3	sort of storage room.  There are buckets,
41033.4	carpets, sacks, barrels and even a rat here.
41033.5	A strong-looking fence protects the bottom
41033.6	shelves from unauthorized access.
41033.7	
10401.0	[title25][sentence]
10401.1	If you've never seen the side
10401.2	of a cliff, well, now you have.
10402.0	[title25][sentence]
10402.1	It reminds you of two gorgeous twins you
10402.2	once dated named Sandy and Shelly.
10403.0	[title25][sentence]
10403.1	She's still up there.  Remember "Hell hath 
10403.2	no fury..."
10404.0	[title27][sentence]
10404.1	This plant looks suspiciously like the Terran plant
10404.2	known as "chloro-decapatus", a rare
10404.3	hostile carnivore with roots that go all the way back
10404.4	to the infamous Venus Man Trap.
10405.0	[title26][sentence]
10405.1	There is an odd looking plant here.  To the east
10405.2	you see something floating above the ocean floor,
10405.3	and to the south you can see your ship.  It's
10405.4	seen better days.
10406.0	[title32]PLANT FOOD
10406.1	Well, that was a quick adventure.  Too bad
10406.2	it had to end with you turning into plant
10406.3	food.
10406.4	
51110.0	[title32][sentence]
51110.1	You are on a street corner at the base of a large
51110.2	dome.  The dome is obviously 'Polly's Pleasure
51110.3	Dome'.  There is also a seafood restaurant here,
51110.4	and you also notice the end of the fishing line
51110.5	you threw from above the city.
51111.0	[title32][sentence]
51111.1	You are on a street corner at the base of a large
51111.2	dome.  The dome is obviously 'Polly's Pleasure
51111.3	Dome'.  There is also a seafood restaurant here,
51111.4	as well as a boat which has been moored with
51111.5	fishing line.
51112.0	[title32][sentence]
51112.1	You are on a street corner at the base of a large
51112.2	dome.  The dome is obviously 'Polly's Pleasure
51112.3	Dome'.  There is also a seafood restaurant here.
51112.4	You are just a few yards from the tall vertical
51112.5	perimeter wall of the city.  Above that you can
51112.6	see clear blue sky.
51113.0	[title19][sentence]
51113.1	This is the MLV you arrived in.
51114.0	[title33][sentence]
51114.1	The sidewalk is interrupted only by the
51114.2	lovely legs of a large statue.  The sidewalk
51114.3	continues south another few yards
51114.4	then ends at the vertical perimeter wall
51114.5	of the city.  To the east the sidewalk
51114.6	continues another few blocks and then
51114.7	turns north.
51115.0	[title27][sentence]
51115.1	This is a big city.  You decide to stay close
51115.2	to the car so that you won't get lost.
51116.0	[title29][sentence]
51116.1	Wow!  You gather this must have been
51116.2	quite a place--when there were people here
51116.3	that is.  The lights are still working, but
51116.4	there doesn't appear to be anyone inside.
51117.0	[title27][sentence]
51117.1	There isn't anyone in there.  You note that the
51117.2	prices are listed in a denomination you have
51117.3	never heard of before.  They obviously don't
51117.4	take galactars here.
51118.0	[title27][sentence]
51118.1	It appears to be locked.  The lock mechanism
51118.2	also looks corrosion welded.  Even if you
51118.3	had a key it's unlikely you would be able
51118.4	to get this thing open.
51119.0	[title29][sentence]
51119.1	Sorry, wrong key.  Even if it were the
51119.2	correct key, the lock is so badly corroded
51119.3	that you doubt it would operate.  This
51119.4	lock is going to stay locked.
51120.0	[title29][sentence]
51120.1	Blowing the door off its hinges
51120.2	would probably also destroy anything
51120.3	interesting inside.  Why don't you just
51120.4	give up on this place and worry about
51120.5	getting that vase!
51121.0	[title32][sentence]
51121.1	The scales on the building and the boat
51121.2	suspended overhead lead you to believe
51121.3	that this is a seafood restaurant.  You are
51121.4	wary of walking under that boat though--the
51121.5	cables don't look too strong.
51122.0	[title27][sentence]
51122.1	You see a small restaurant with
51122.2	a few tables and a counter.  There
51122.3	appears to be a cash register on 
51122.4	the counter but you can't make
51122.5	out any more details from here.
51123.0	[title26][sentence]
51123.1	This appears to be a functional boat
51123.2	that someone hung over the seafood
51123.3	restaurant to give it 'atmosphere'.
51123.4	The cables holding it there are attached
51123.5	to something on the upper level of the
51123.6	city.  It must have been quite a job hanging
51123.7	it here.  Lowering it would probably be
51123.8	somewhat simpler, but you'd have to find
51123.9	the upper ends of the cables first.
51124.0	[title21][sentence]
51124.1	You have successfully lowered the boat onto the street.
51124.2	Now what?
51125.0	[title27][sentence]
51125.1	You have tied the fishing line to the boat.
51125.2	It is now tethered to the maintenance platform
51125.3	on the upper rim of the city.
51126.0	[title32][sentence]
51126.1	The fishing line you threw from
51126.2	the maintenance platform is hanging
51126.3	down in front of the restaurant.
51127.0	[title27][sentence]
51127.1	Wow!  You would give your left
51127.2	pinkie to meet the woman who
51127.3	modeled for this statue!
51128.0	[title32][sentence]
51128.1	The scales on the building and the boat
51128.2	now lowered to the street lead you to believe
51128.3	that this is a seafood restaurant.
51129.0	[title32][sentence]
51129.1	You already tied the line to the boat.
51130.0	[title32][sentence]
51130.1	You have nothing to tie the line to right
51130.2	now, so there is no point in picking up
51130.3	the loose end.
51131.0	[title32][sentence]
51131.1	There's no point in tying the line to the
51131.2	boat right now, since the line is not secured
51131.3	to anything.
51132.0	[title32][sentence]
51132.1	You cannot reach the boat to tie the line to
51132.2	it.
51133.0	[title32][sentence]
51133.1	The fishing line is firmly tied to the boat.
40510.0	[title30][sentence]
40510.1	These cannon balls add to the distinctly
40510.2	military feeling of this corridor.  They look
40510.3	ceremonial, but you still would not want to meet
40510.4	one traveling a thousand feet per second.
40511.0	[title24][sentence]
40511.1	Looking for a workout? The thought of
40511.2	carrying around several heavy metallic
40511.3	weights violates your religious hatred for
40511.4	exercise.
40512.0	[title20][sentence]
40512.1	You shudder at the thought of drinking
40512.2	something non-alcoholic.
40513.0	[title27][sentence]
40513.1	Obviously this corridor serves some
40513.2	purpose other than transportation.
40513.3	The backboard looks well used.
40514.0	[title24][sentence]
40514.1	It appears that this light was installed
40514.2	to aid in refereeing games.  It lights
40514.3	up whenever someone scores.  If you
40514.4	had one of these, it would be continuously
40514.5	dark.
40515.0	[title20][sentence]
40515.1	This must be the way to open the large door.
40515.2	You probably need a highly classified
40515.3	mega-secret security badge to insert into
40515.4	the slot.
40516.0	[title20][sentence]
40516.1	The corridor continues east.  You see
40516.2	a few more doors down that way.
40517.0	[title27][sentence]
40517.1	The corridor continues up a northwest slope
40517.2	for ten yards or so, then heads north.
40518.0	[title29][sentence]
40518.1	Apparently, this gadget monitors ambient
40518.2	light, or air density, or something like that.
40518.3	To your untrained eye it appears that
40518.4	whatever is being monitored is in good shape.
40519.0	[title33][sentence]
40519.1	You are at the western end of an east-west
40519.2	corridor.  A pile of cannon balls complements
40519.3	a large door to the north.  A drinking fountain
40519.4	and smaller door are also visible.
40520.0	[title24][sentence]
40520.1	The large door appears to be made of
40520.2	a material which is stronger than you are.
40520.3	Next to the door is a small card slot.
40521.0	[title17][sentence]
40521.1	This doorway appears to lead to an
40521.2	armory of sorts.
40522.0	[title17][sentence]
40522.1	The small door is open.
40522.2	You see a familiar device inside.
40523.0	[title24][sentence]
40523.1	The simulated coach lamp looks
40523.2	like something your decorator would
40523.3	install.
40524.0	[title24][sentence]
40524.1	There are several supports here.  You
40524.2	briefly wonder why they are needed
40524.3	in a cavity carved from solid rock.
40525.0	[title26][sentence]
40525.1	The [noun1] doesn't fit.  You must
40525.2	need something else.
40525.3	
80510.0	[title19][sentence]
80510.1	You don't have a target module.
80511.0	[title21][sentence]
80511.1	You don't have a shield modulator.
80512.0	[title32][sentence]
80512.1	It would be unwise to remove the
80512.2	life support module.
40110.0	[title27][sentence]
40110.1	The scanner is built into the hallway
40110.2	in such a way that you cannot travel
40110.3	farther without passing through it.  It
40110.4	looks rather menacing from here.
40111.0	[title25][sentence]
40111.1	You conclude from your past experiences
40111.2	that this is some kind of gender scanner.
40112.0	[title29][sentence]
40112.1	You can't see anything from here,
40112.2	but it sounds like a hopin place.
40112.3	You were beginning to wonder what
40112.4	people did around here for
40112.5	recreation.
40113.0	[title27][sentence]
40113.1	Ladies' night!  Great!  Then again, that's
40113.2	not much of a surprise on a planet with
40113.3	no men on it.
40114.0	[title19][sentence]
40114.1	The corridor south leads around a corner
40114.2	and out of sight.
40115.0	[title19][sentence]
40115.1	This corridor leads back toward the detention area.
40116.0	[title27][sentence]
40116.1	There is an odd looking scanner in the middle
40116.2	of the corridor.  You also notice an electric
40116.3	sign over a doorway.
51212.0	[title26][sentence]
51212.1	The cash register looks old and decrepit.  This must
51212.2	not have been a very profitable restaurant.  You
51212.3	cant help but think that a few more tables would
51212.4	have helped.
51213.0	[title20][sentence]
51213.1	The old decrepit cash register is open.
51213.2	Alas, however, it is empty.
51214.0	[title29][sentence]
51214.1	The old decrepit cash register is open.
51214.2	There is no cash inside, but you do spot
51214.3	a small key.
51215.0	[title19][sentence]
51215.1	The key appears to be the type normally
51215.2	used for padlocks.
51216.0	[title32][sentence]
51216.1	No self-respecting seafood restaurant
51216.2	would be without the obligatory
51216.3	fishing-rod-glued-to-the-wall.
51217.0	[title29][sentence]
51217.1	You grab the fishing rod from the wall,
51217.2	bend it around itself a few times, and
51217.3	carefully stuff it in your pocket.  You
51217.4	sincerely hope that the rod doesn't choose
51217.5	to expand unexpectedly (like in grade
51217.6	school) and destroy your pants.
51217.7	
51218.0	[title26][sentence]
51218.1	That makes a wonderful wall ornament.
51218.2	You momentarily imagine a ship on the
51218.3	ocean somewhere, carrying a frustrated
51218.4	captain who is unable to steer it.
51219.0	[title26][sentence]
51219.1	Don't bother.  The automatic system in the
51219.2	car seem to work just fine.  Besides, you
51219.3	don't have the tools to attach it.
51220.0	[title20][sentence]
51220.1	The sky and horizon are painted on pieces
51220.2	of paper, over which the portholes have been
51220.3	nailed.
51221.0	[title27][sentence]
51221.1	It's clear that the owner of this restaurant
51221.2	didn't spend a great deal of money on tables.
51221.3	He probably grabbed these old coil spools
51221.4	from a nearby junkyard.
51222.0	[title25][sentence]
51222.1	The old dried-out starfish have been
51222.2	attached to the wall with a staple gun.
51223.0	[title25][sentence]
51223.1	You have had enough of carrying fish
51223.2	around for one day.  Leave them alone.
51224.0	[title26][sentence]
51224.1	Nothing has changed since you came inside.
51224.2	You car hasn't been stolen--at least not since
51224.3	you stole it earlier today.
51225.0	[title29][sentence]
51225.1	This appears to be your standard tacky
51225.2	seafood restaurant.  All manner of artifacts
51225.3	have been glued/nailed/stapled to the walls.
51225.4	The tables are cheap cable spools, the
51225.5	chairs sicken you with their hideous color,
51225.6	and the marlin trophy on the back wall smells.
51225.7	The only things missing are lobster pot buoys
51225.8	and a fish net hanging from the ceiling.
51226.0	[title25][sentence]
51226.1	You figure that this might come in handy
51226.2	and quietly slip it into your pocket.
51227.0	[title29][sentence]
51227.1	This looks like a picture of a beach
51227.2	stolen from a travel agency.  It
51227.3	is faded and cracked.
51228.0	[title20][sentence]
51228.1	You don't need the stupid poster.
51229.0	[title32][sentence]
51229.1	The marlin trophy on the back wall
51229.2	is smelling the room up.  The strange
51229.3	sea monster head near the cash register
51229.4	looks familiar, though.  Hey!  He looks
51229.5	a lot like that ugly thing that you saw
51229.6	through the underwater viewport.  The
51229.7	one in the underwater viewport was a
51229.8	LOT bigger.
51230.0	[title30][sentence]
51230.1	The marlin trophy on the back wall
51230.2	is smelling the room up.  The strange
51230.3	sea monster head near the cash register
51230.4	looks rather odd.  You wonder if
51230.5	such a beast could possibly exist.
51231.0	[title21][sentence]
51231.1	This type of cheap plastic-molded
51231.2	chair always makes your back hurt.
51232.0	[title27][sentence]
51232.1	Evidently there was so little business
51232.2	here that the owner had to close off
51232.3	the rest of the dining room.  At least
51232.4	you probably got personal service.
51233.0	[title27][sentence]
51233.1	It's not even real hemp.  If you leaned on
51233.2	it, it would probably disintegrate.  You
51233.3	have no use for such a lousy piece of rope.
51234.0	[title27][sentence]
51234.1	The tacky lamps cast a dim glow over
51234.2	each table.  You are surprised that the
51234.3	obviously cheap restaurant owner was
51234.4	willing to pay for the electricity to light
51234.5	this place.
51235.0	[title24][sentence]
51235.1	The cash register is the only thing on
51235.2	the counter that catches your eye.
51236.0	[title25][sentence]
51236.1	You hunt around for a moment, eventually
51236.2	finding the 'no sale' key . . . .
51237.0	[title30][sentence]
51237.1	It looks like they might have sold
51237.2	fresh fish here too.  There are three
51237.3	ice chests built in to the counter.
51237.4	They probably haven't been
51237.5	emptied in a LONG time.
51238.0	[title26][sentence]
51238.1	Just before your hand reaches the handle
51238.2	on the nearest ice chest cover, you pause
51238.3	and think for a moment.  How long has it
51238.4	been since these bins have been cleaned?
51238.5	Could there be hundred-year old dead fish
51238.6	inside of these things?  Since you forgot to
51238.7	bring your anti-chemical warfare gear, you
51238.8	decide not to open the chests.
51239.0	[title32][sentence]
51239.1	The register is already open.  If you
51239.2	keep yanking on it, the drawer will
51239.3	probably come crashing out onto the
51239.4	floor.
80410.0	[title24][sentence]
80410.1	You are seated in a small, well-equipped,
80410.2	private one-man spacecraft.  It appears
80410.3	to be a sports model.
80411.0	[title18][sentence]
80411.1	Through the glass you can see the trees
80411.2	in the distance.
80412.0	[title27][sentence]
80412.1	Through the glass you can see the trees
80412.2	in the distance, although they appear
80412.3	strangely tinted when seen through
80412.4	the anti-grav beam.
80413.0	[title24][sentence]
80413.1	There is a small fracture in the
80413.2	ship's canopy.  It may still be air worthy,
80413.3	but you would feel nervous taking the
80413.4	ship into hard vacuum in this condition.
80414.0	[title21][sentence]
80414.1	You have done an excellent job repairing
80414.2	the crack in the canopy.  This ship should
80414.3	now be airtight.
80415.0	[title22][sentence]
80415.1	After spending a moment examining the
80415.2	controls you are confident that you could
80415.3	fly this ship.
80416.0	[title26][sentence]
80416.1	Glancing at the status panel you
80416.2	learn that you have a full tank of
80416.3	fuel, that the warp coils are in
80416.4	good shape, and that you are
80416.5	sitting in a one-gravity field.
80417.0	[title20][sentence]
80417.1	Glancing at the status panel you
80417.2	learn that you have a full tank of
80417.3	fuel, that the warp coils are in
80417.4	good shape, and that you are
80417.5	sitting in an artificially produced
80417.6	microgravity field.
80418.0	[title19][sentence]
80418.1	Whoever once owned this ship was prepared
80418.2	for long journeys.
80419.0	[title21][sentence]
80419.1	You don't need to use it just yet.
80420.0	[title21][sentence]
80420.1	The instrumentation appears
80420.2	to be in working order.
80420.3	You are confident that you could
80420.4	pilot this craft.
80421.0	[title26][sentence]
80421.1	The seat is quite comfortable.   You have
80421.2	been wanting one of these sports models
80421.3	for some time, but never seem to have
80421.4	the money.
80422.0	[title24][sentence]
80422.1	You give the throttle a few pulls,
80422.2	then realize that this ship was designed
80422.3	for low-gravity or null-gravity launches.
80422.4	You are sitting in full gravity, so this ship
80422.5	isn't going anywhere.
80423.0	[title26][sentence]
80423.1	You reach for the lever . . . no! You just
80423.2	can't bring yourself to leave this planet
80423.3	without that vase.  You have never
80423.4	failed to complete a job, and you aren't
80423.5	going to start now.  Besides, you need that
80423.6	money for a down payment on a new ship.
80424.0	[title19][sentence]
80424.1	You give the throttle a pull and feel the engines
80424.2	fire up . . . .
80425.0	[title30][sentence]
80425.1	Remembering that poor splattered mammal outside
80425.2	you decide to turn off the anti-grav field before
80425.3	opening the canopy.
80426.0	[title24][sentence]
80426.1	You squirt a large blob of polycement into
80426.2	the deepest section of the crack.  The cement
80426.3	hardens almost instantly.  You are confident
80426.4	that your handiwork will allow you to fly
80426.5	through space without losing cabin pressure.
80426.6	
80426.7	
80710.0	[title26][sentence]
80710.1	Since this teleporter is built into the wall,
80710.2	there is nothing much to see through the
80710.3	viewport.  These machines were obviously
80710.4	designed for indoor and outdoor use--too bad
80710.5	only the outdoor units offer a view.
80711.0	[title24][sentence]
80711.1	The keypad has twelve keys on it.
80711.2	The numerals zero through nine are
80711.3	present, as well as 'smile' and 'frown'
80711.4	keys.
80712.0	[title25][sentence]
80712.1	This entry device is about
80712.2	as complicated as a pocket
80712.3	calculator.  Take your time;
80712.4	you'll get it eventually.
80713.0	[title22][sentence]
80713.1	It's a key.  Hint: it's about the same
80713.2	size as the tip of a human finger.
80714.0	[title16][sentence]
80714.1	You are standing in an
80714.2	alien teleportation device.
80110.0	[title26][sentence]
80110.1	Wires, ducts, and girders cover the ceiling.
80110.2	Apparently, the builders left it unfinished.
80111.0	[title30][sentence]
80111.1	The monitor provides useful information
80111.2	about the local airspace.  You are
80111.3	surprised that it is still operating.
80111.4	Wait!  If these readings are correct, then that
80111.5	large ship that shot you down is still
80111.6	up there.  You're going to have to
80111.7	get past that ship to get off this planet.
80112.0	[title17][sentence]
80112.1	This looks like every other teleporter
80112.2	you have seen on this planet.
80113.0	[title27][sentence]
80113.1	You recognize the equipment around
80113.2	here as being essential to a small
80113.3	airfield.  The radar screen and the
80113.4	anti-grav control panels are
80113.5	dead giveaways.
80114.0	[title26][sentence]
80114.1	The public address speaker remains
80114.2	quiet.  You are thankful for this because
80114.3	judging from it's size, it would make
80114.4	a great deal of noise.
80115.0	[title29][sentence]
80115.1	They must have used this to administer
80115.2	vision tests to spacecraft pilots.  You
80115.3	give the chart a quick glance and are
80115.4	pleased to see that you still have 20-20
80115.5	vision.
80116.0	[title27][sentence]
80116.1	The only items of interest on the wall
80116.2	are an eye chart, a control panel, and
80116.3	a large radar monitor.
80117.0	[title18][sentence]
80117.1	The door is currently closed.
80117.2	
80210.0	[title33][sentence]
80210.1	This launch pad does not appear to be
80210.2	in good shape.  In fact, a tree has grown
80210.3	straight through it.  The same tree has
80210.4	also caused irreparable damage to a
80210.5	small space craft that was sitting on it.
80211.0	[title26][sentence]
80211.1	This launch pad does not appear to be
80211.2	in good shape.  In fact, a tree has grown
80211.3	straight through it.  The same tree has
80211.4	also caused irreparable damage to a
80211.5	small space craft that was sitting on it.
80211.6	You notice something dangling from the
80211.7	remains of the dead ship's rotting wiring
80211.8	harness.
80212.0	[title25][sentence]
80212.1	This launch pad does not appear to be
80212.2	in good shape.  In fact, a tree has grown
80212.3	straight through it.  The same tree has
80212.4	also caused irreparable damage to a
80212.5	small space craft that was sitting on it.
80212.6	You notice a small device on the pad
80212.7	near the ship.
80213.0	[title26][sentence]
80213.1	This launch pad does not appear to be
80213.2	in good shape.  In fact, a tree has grown
80213.3	straight through it.  The same tree has
80213.4	also caused irreparable damage to a
80213.5	small space craft that was sitting on it.
80213.6	You notice something dangling from the
80213.7	remains of the dead ship's rotted wiring
80213.8	harness.  You also see a small device
80213.9	on the pad net to the ship.
80214.0	[title24][sentence]
80214.1	This is probably one of those advanced
80214.2	defense shield modulators.  You had one
80214.3	just like it in the Slipper Pig.  It saved your
80214.4	skin in that last space battle too.
80215.0	[title25][sentence]
80215.1	Thinking that it might come in handy,
80215.2	you slip the shield modulator into your
80215.3	pocket.
80216.0	[title22][sentence]
80216.1	It looks like the remote control for your
80216.2	audio tape player, except that it only has
80216.3	one button.
80217.0	[title19][sentence]
80217.1	This ship is in sad shape.  A tree grew
80217.2	through it at some point in its history,
80217.3	destroying most of the engine components.
80217.4	This ship is not going anywhere.
80218.0	[title20][sentence]
80218.1	This ship is in sad shape.  A tree grew
80218.2	through it at some point in its history,
80218.3	destroying most of the engine components.
80218.4	This ship is not going anywhere.  There is
80218.5	a familiar-looking device dangling from
80218.6	the remains of the cockpit.
80219.0	[title16][sentence]
80219.1	The bushes are thick and impassable.  They seem
80219.2	to be the predominant form of vegetation on this
80219.3	part of the planet.
80220.0	[title20][sentence]
80220.1	There is another launch pad over
80220.2	there, with a ship sitting on it.
80221.0	[title18][sentence]
80221.1	The sky is blue and cloudless.
80222.0	[title19][sentence]
80222.1	This ship is not worth stealing.
80223.0	[title21][sentence]
80223.1	You pick up the odd-looking remote
80223.2	control and put it in your pocket.
80224.0	[title19][sentence]
80224.1	The trees here closely resemble the trees you
80224.2	saw on the island near your crash site.  Perhaps
80224.3	you aren't too far from there.
80225.0	[title20][sentence]
80225.1	To the west you see the building
80225.2	that contains the control room.
80310.0	[title33][sentence]
80310.1	The launch pad here is in much better
80310.2	shape than the one to the west.  No trees have
80310.3	grown through it, the bushes seem to have kept
80310.4	clear, and the ship sitting on it looks as if it's in
80310.5	reasonably good condition.
80311.0	[title24][sentence]
80311.1	To the west you see the poor ship with
80311.2	the tree through growing through it.
80312.0	[title29][sentence]
80312.1	Apparently, some small animal wandered into
80312.2	the anti-grav beam when you turned it on.  When the
80312.3	timer ran out and the beam turned off the poor thing
80312.4	came down hard.
80313.0	[title18][sentence]
80313.1	Apparently, some small animal wandered into
80313.2	the anti-grav beam when you turned it on.  When the
80313.3	timer ran out and the beam turned off the poor thing
80313.4	came down hard.  Hey look!  A six-chambered heart!
80313.5	Neat!
80315.0	[title30][sentence]
80315.1	The bushes are thick and impassable.  They seem
80315.2	to be the predominant form of vegetation on this
80315.3	part of the planet.
80317.0	[title17][sentence]
80317.1	Wow!  Now THIS is a neat ship!  It's got a warp coil,
80317.2	quad laser cannons, Kleiner defense screens, and
80317.3	a conventional thruster pack that really packs a
80317.4	wallop.  This ship is in good shape.
80318.0	[title30][sentence]
80318.1	That may have once been some kind
80318.2	of air traffic control tower.  It is
80318.3	difficult to determine the original
80318.4	layout of the space port since the
80318.5	native vegetation has covered most
80318.6	of it.
80319.0	[title19][sentence]
80319.1	The trees here closely resemble the trees you
80319.2	saw on the island near your crash site.  Perhaps
80319.3	you aren't too far from there.
80320.0	[title18][sentence]
80320.1	The sky is blue and cloudless.
80321.0	[title20][sentence]
80321.1	Well, it won't fit in your pocket.  Why
80321.2	don't you try sitting in the cockpit?
80321.3	
50810.0	[title24][sentence]
50810.1	This is be the area of the wall that
50810.2	the laser beam is aimed at.  Apparently,
50810.3	it is made of something extremely durable.
50811.0	[title29][sentence]
50811.1	It appears someone has left a small doll
50811.2	here on the pedestal.  Perhaps they
50811.3	thought it was just too cute?  You
50811.4	suppress an urge to set the doll alight.
50811.5	You've always hated these things.
50812.0	[title25][sentence]
50812.1	You wouldn't be caught dead with one
50812.2	of these.  You have always hated these
50812.3	poorly-made commercialized pieces of
50812.4	junk.
50813.0	[title33][sentence]
50813.1	You surmise that whoever built the laboratory
50813.2	also put the pedestal here with the intention
50813.3	of placing test objects on it.  The laser
50813.4	appears to be aimed a few inches above
50813.5	the top of the pedestal.  At the moment,
50813.6	that would put the beam just about
50813.7	where that dolls left eye is.
50814.0	[title29][sentence]
50814.1	The pedestal sits quietly beneath the
50814.2	powerful laser beam.  There are a couple
50814.3	scraps of doll stuffing on it.
50815.0	[title27][sentence]
50815.1	The pedestal is now adorned by the
50815.2	skillfully placed mirror, which is
50815.3	directing the laser through the ceiling.
50816.0	[title26][sentence]
50816.1	The sand bags are intended to protect
50816.2	the person standing at the console from
50816.3	flying debris.
50817.0	[title19][sentence]
50817.1	They are a little too heavy for you
50817.2	to be lugging around.
50818.0	[title33][sentence]
50818.1	The control station is a small pedestal
50818.2	with a keyboard and a monitor on it.
50818.3	Instead of standard characters the keyboard
50818.4	is covered with odd-looking symbols.  You
50818.5	don't understand any of it.
50819.0	[title25][sentence]
50819.1	The monitor is blank.  It's
50819.2	obviously off.
50820.0	[title25][sentence]
50820.1	According to this monitor, the laser
50820.2	is producing about a terrawatt of
50820.3	optical energy.  The continuous updates
50820.4	on the monitor show extreme temperature variation.
50820.5	This is one serious laser cannon!
50821.0	[title29][sentence]
50821.1	This is a BIG laser cannon.  From
50821.2	all the hoses you assume it's liquid-cooled and
50821.3	connected directly to the city's power grid.
50821.4	This is one beast you wouldn't want to
50821.5	get in the way of.
50822.0	[title32][sentence]
50822.1	The large laser cannon is emitting a constant
50822.2	beam of light.  A low humming noise can
50822.3	be heard from the cooling system within the
50822.4	enormous device.
50823.0	[title33][sentence]
50823.1	If only you could!  Wouldn't this
50823.2	be just the thing to quick-draw on
50823.3	some alien slimeball?  Of course, it would
50823.4	probably be difficult to quick-draw
50823.5	something bigger than your bedroom.
50824.0	[title20][sentence]
50824.1	This little lever is unmarked.  It is unclear
50824.2	what its function is.
50825.0	[title26][sentence]
50825.1	This is the lever you used to
50825.2	turn on the laser canon.  It appears
50825.3	to be locked in its current position.
50826.0	[title27][sentence]
50826.1	The lever is about as 'pushed' as it
50826.2	is going to get.  If you would like to
50826.3	move it toward you, you should
50826.4	consider pulling it.
50827.0	[title21][sentence]
50827.1	It looks like a good thing to avoid.
50828.0	[title29][sentence]
50828.1	The laser beam has been deflected
50828.2	up through the ceiling and into whatever
50828.3	is above this lab.
50829.0	[title29][sentence]
50829.1	Oh sure.  Just reach up and grab it, right?
50829.2	You shake your head a bit, and as your
50829.3	brain settles back into its cradle the last
50829.4	few critical neural connections are made.
50829.5	You decide not to try to grab the beam.
50830.0	[title26][sentence]
50830.1	The ceiling is sporting a few scorch marks
50830.2	that you assume are the result of beam
50830.3	deflections.  It is otherwise uninteresting.
50831.0	[title22][sentence]
50831.1	The reflected laser beam has carved
50831.2	a large hole in the ceiling and is now
50831.3	firing straight through it.
50832.0	[title26][sentence]
50832.1	The wall is marred by several scorch marks.
50832.2	These must have occurred when something
50832.3	semi-reflective was hit with the laser.
50833.0	[title26][sentence]
50833.1	Wow!  You have ALWAYS wanted to
50833.2	shred one of those stupid dolls.  That
50833.3	felt really good!  Of course, the laser
50833.4	was built for continuous fire operation
50833.5	and is still on.
50834.0	[title25][sentence]
50834.1	You skillfully place the [noun1] on the pedestal
50834.2	in the path of the laser.  You manage to reflect
50834.3	it straight up, where it burns its way through
50834.4	the ceiling.
50835.0	[title30][sentence]
50835.1	There is no room on the pedestal for
50835.2	the [noun1].  Perhaps you should
50835.3	'remove' the doll first.
50836.0	[title30][sentence]
50836.1	The laser beam has already been
50836.2	reflected in the other mirror.
50837.0	[title32][sentence]
50837.1	You tug on the lever, but it seems to
50837.2	be jammed in the "ON" position.
50610.0	[title25][sentence]
50610.1	You wouldn't seriously consider
50610.2	eating at an 'X-creetza Hut' franchise
50610.3	would you?  Think about it.
50611.0	[title30][sentence]
50611.1	According to the readouts in the car,
50611.2	this must be the Barnett motel.  You
50611.3	of course have better things to do just
50611.4	now than sleep, so your interest in
50611.5	the motel is short-lived.
50612.0	[title25][sentence]
50612.1	The sign reads: 'Sid's Cycle Shop'.  There
50612.2	is an old air bike parked in front of it.
50613.0	[title30][sentence]
50613.1	Wow! An honest-to-goodness air bike!
50613.2	You haven't seen one of these babies
50613.3	since you were a kid.  To bad the thing
50613.4	is old and rusted; you would love to
50613.5	take this beast for a ride.
50614.0	[title27][sentence]
50614.1	This old thing is so rusty it would
50614.2	probably fall apart the second you put
50614.3	the kick stand up.  You had better
50614.4	leave it alone.
50615.0	[title29][sentence]
50615.1	The software store has a large monitor
50615.2	on its roof.  There is a sensor over the
50615.3	door, leading you to believe that it is an
50615.4	automated entrance.
50616.0	[title22][sentence]
50616.1	Judging by the shape of the building 
50616.2	you conclude that it must be some 
50616.3	kind of research laboratory.  The large
50616.4	microscope on it's roof serves as
50616.5	a subtle hint.
50617.0	[title32][sentence]
50617.1	The street goes on for quite a distance.
50617.2	You decide that it would be better if
50617.3	you stayed with the car.  If you got
50617.4	lost in the middle of the city you
50617.5	could spend days finding your way back.
50618.0	[title26][sentence]
50618.1	You glance around and notice a restaurant, 
50618.2	a motel, a laboratory, a software store and various
50618.3	other buildings.  The inner walls of the
50618.4	cylindrical city tower over your head.
50619.0	[title32][sentence]
50619.1	The software store sign looks like a
50619.2	large monitor.   You suspect, in your sly and
50619.3	clever way, that it is not a REAL monitor,
50619.4	but is in fact a facade!  HA!  Nobody can
50619.5	pull anything over on Rex Nebular!
50620.0	[title27][sentence]
50620.1	This is the cute little MLV car you
50620.2	arrived in.
50621.0	[title30][sentence]
50621.1	You spend a moment gazing at the sky.
50621.2	You spend another moment gazing at the sky.
50621.3	You spend yet another moment gazing at the sky.
50621.4	You spend an eternity gazing empty-headedly at the sky.
50621.5	You spend a half a second recovering your senses.
50621.6	
40810.0	[title26][sentence]
40810.1	This appears to be ground transport,
40810.2	able to negotiate all variety of terrain.
40810.3	If only you knew how to drive one.
40811.0	[title21][sentence]
40811.1	Boy! Are you ever ambitious!
40811.2	Do you know what a double hernia is?
40811.3	Try taking things that weigh less than you do.
40812.0	[title24][sentence]
40812.1	Look at the size of that missile!  It's
40812.2	so long and hard.  Wait a second!
40812.3	That kind of stuff has never stimulated
40812.4	you before.  You'd better hope that the Gender
40812.5	Bender machine is still working.
40813.0	[title13][sentence]
40813.1	You have no need for a 'peace-keeper'.
40814.0	[title25][sentence]
40814.1	They sure don't make grenades like they
40814.2	used to.  It looks like this one has been
40814.3	injected with plant fertilizer.
40815.0	[title20][sentence]
40815.1	You couldn't possibly carry that huge
40815.2	thing around.  You certainly wouldn't
40815.3	be able to throw it at anyone.  What
40815.4	would you do, pull the pin and run?
40816.0	[title21][sentence]
40816.1	You quickly consider pulling the pin
40816.2	on the huge grenade.  You imagine how
40816.3	long it would take you to get out of
40816.4	this complex before the arsenal blew
40816.5	the whole place into the stratosphere.
40816.6	You decide to continue breathing for
40816.7	a few more years.
40817.0	[title25][sentence]
40817.1	The blimp reminds you of someone you
40817.2	woke up next to one morning.  You wince
40817.3	at the memory and once again vow never to
40817.4	drink an 'Antarian Kidney Twister' on an
40817.5	empty stomach.
40818.0	[title32][sentence]
40818.1	Talk about delusions of grandeur.
40818.2	Consider taking something that's not
40818.3	five thousand times your volume.
40819.0	[title27][sentence]
40819.1	The place is full of ammunition.
40819.2	Perhaps you should be careful of where
40819.3	you step.  After all, one wrong move and
40819.4	it's 'KABOOM' time.
40820.0	[title19][sentence]
40820.1	You have no firearm capable of
40820.2	chambering ammunition of this
40820.3	caliber.
40821.0	[title25][sentence]
40821.1	This useful contraption has probably been
40821.2	used over the years to toss such things as
40821.3	anvils, one-ton tomatoes, missiles, and
40821.4	shipwrecked alien visitors.
40822.0	[title33][sentence]
40822.1	Now that's going a bit far.  How would you
40822.2	get it out of here?  Can you picture yourself
40822.3	discreetly wheeling a catapult around an
40822.4	underground complex?  Forget it.
40823.0	[title21][sentence]
40823.1	In the chest you see a variety
40823.2	of useless items, and a shiny
40823.3	device which you immediately
40823.4	recognize as a target module.
40824.0	[title21][sentence]
40824.1	This is the chest you found the
40824.2	target module in.  It still contains
40824.3	no other interesting items.
40825.0	[title12][sentence]
40825.1	At the moment, you already have one.
40826.0	[title26][sentence]
40826.1	You wonder what good such a thin
40826.2	layer of metal would be against
40826.3	a laser blast.  It must be some kind
40826.4	of exercise equipment.  You imagine
40826.5	that donning that thing and running
40826.6	around in little circles would be a terrific
40826.7	workout.
40827.0	[title22][sentence]
40827.1	Do you know how long you would last
40827.2	walking around in that thing?  In the
40827.3	first five minutes you would sweat
40827.4	enough to rust all the moving parts.
40828.0	[title19][sentence]
40828.1	This must be a means of egress from
40828.2	the armored vehicle.
40829.0	[title27][sentence]
40829.1	Try as you might you just can't get it
40829.2	open.  That's O.K. though.  You didn't really
40829.3	want to crawl around in an old armored
40829.4	vehicle.
40830.0	[title33][sentence]
40830.1	These barrels look like they should contain
40830.2	gunpowder or something similar.  Instead,
40830.3	they seem to be full of plastic monkeys.
40830.4	You wonder what possible military purpose
40830.5	these monkeys could serve.
40831.0	[title20][sentence]
40831.1	You have no need for barrels--or
40831.2	plastic monkeys for that matter.
40832.0	[title25][sentence]
40832.1	The raft does not appear to be in good
40832.2	shape.  You doubt if it's even seaworthy.
40833.0	[title18][sentence]
40833.1	You have no need for an old,
40833.2	beat-up, unreliable, inflatable raft.
40834.0	[title22][sentence]
40834.1	It looks a bit like a tomato, but it's
40834.2	actually much heavier.  Looking at
40834.3	the numeral stenciled on the front you
40834.4	determine that this must be a one-ton
40834.5	tomato (as opposed to, say, a five-ton
40834.6	tomato).
40835.0	[title24][sentence]
40835.1	Try as you might you just can't lift
40835.2	the thing.  It must really weigh a ton.
40836.0	[title21][sentence]
40836.1	The anvil has numerous scratches and dents
40836.2	in it.  It has probably been used to catch
40836.3	road runners in Monument Valley.
40837.0	[title26][sentence]
40837.1	You stare intently at the two-ton weight
40837.2	for a moment.  The military applications
40837.3	for a two-ton weight escape you so you
40837.4	decide to stare at something else.
40838.0	[title25][sentence]
40838.1	Baby powder?  This was definitely an
40838.2	armory stocked by the female side of the
40838.3	Great Gender War.  You briefly
40838.4	entertain a chauvinistic thought, but are
40838.5	quickly humbled by the simple fact that
40838.6	they DID win the war.
40839.0	[title21][sentence]
40839.1	This is obviously the means of bulk
40839.2	application for the baby powder.
40840.0	[title17][sentence]
40840.1	Yeah.   Right.  Like you've always
40840.2	wanted one of these.
40841.0	[title11][sentence]
40841.1	The carton sits beneath the
40841.2	anvil.
40842.0	[title12][sentence]
40842.1	The carton is a bit big to tote around.
40843.0	[title17][sentence]
40843.1	You can't open the carton because
40843.2	you can't move the anvil.
40844.0	[title20][sentence]
40844.1	To the south is the corridor from
40844.2	which you entered the armory.
40845.0	[title25][sentence]
40845.1	This is definitely an armory of some sort.
40845.2	There is enough military hardware here to
40845.3	equip a division.  The fine layer of dust that
40845.4	covers everything here leads you to believe that
40845.5	no one has used any of this stuff for quite
40845.6	some time.
40846.0	[title25][sentence]
40846.1	This appears to be a standard 47-prong
40846.2	targeting module--the type that improves
40846.3	a heavy weapon's firing accuracy.
40847.0	[title27][sentence]
40847.1	You slip the target module into your
40847.2	pocket.
40848.0	[title25][sentence]
40848.1	They must use this for loading the
40848.2	blimp.  It is currently blocked by
40848.3	a large armored vehicle.
40849.0	[title26][sentence]
40849.1	It's already open.
31610.0	[title24][sentence]
31610.1	The platform stands beneath a strange
31610.2	looking device.  A small ramp leads up
31610.3	to the center of the platform.
31611.0	[title26][sentence]
31611.1	The nature of this device is not known
31611.2	to you.  It doesn't look like anything
31611.3	you have ever seen before.
31612.0	[title24][sentence]
31612.1	Considering what this thing did to you,
31612.2	it must be the infamous Gender Bender.
31613.0	[title24][sentence]
31613.1	You have no idea how to operate
31613.2	these controls and decide not to
31613.3	make a fool of yourself by trying to do so.
31614.0	[title27][sentence]
31614.1	This equipment is beyond your understanding,
31614.2	which places it on a par with can openers and
31614.3	light bulbs.
31615.0	[title21][sentence]
31615.1	You are momentarily mesmerized
31615.2	by the strange lights on the panel.
31616.0	[title22][sentence]
31616.1	The monitor here shows an odd view
31616.2	of the device in the center of the room.
31616.3	Try as you might you cannot find the
31616.4	camera that is producing the image.
31617.0	[title24][sentence]
31617.1	The ramp appears to be the preferred
31617.2	way to the platform.
31618.0	[title22][sentence]
31618.1	You broke the latch on the air vent
31618.2	when you kicked it in.  It should
31618.3	be easy to open again should the
31618.4	need arise.
31619.0	[title22][sentence]
31619.1	You think you see something moving
31619.2	at the other end of the corridor.
31620.0	[title19][sentence]
31620.1	A few meters down the corridor
31620.2	you see an intersection.
31621.0	[title25][sentence]
31621.1	The floor's only noticeable feature is
31621.2	a strange-looking platform in the center
31621.3	of the room.
31622.0	[title17][sentence]
31622.1	This support obviously helps hold
31622.2	the ceiling up.
31623.0	[title32][sentence]
31623.1	You step onto the platform, but this time
31623.2	nothing happens.  Apparently the Cosmic
31623.3	Gender Bender has been shut down pending
31623.4	repairs to the medical complex.
60210.0	[title25][sentence]
60210.1	You now know where the 'decorator from hell' lives.
60210.2	Trashy wall hangings assault you with violent
60210.3	pastel colors.  A thick layer of dust covers everything,
60210.4	leading you to believe that the place has been
60210.5	abandoned for a long time.
60211.0	[title27][sentence]
60211.1	The carpet undulates nauseously before
60211.2	your gaze.  From the layer of dust you
60211.3	conclude that no one has walked on it
60211.4	in decades.
60212.0	[title29][sentence]
60212.1	This little hallway leads to the
60212.2	building entrance.
60213.0	[title19][sentence]
60213.1	A silly little lamp adorns one of the
60213.2	tables.  The rest are bare.
60214.0	[title26][sentence]
60214.1	Cheap, flat, uncomfortable cushions beckon
60214.2	uninvitingly from the dusty molded plastic chairs.
60214.3	You have no urge to sit on any of them.
60215.0	[title22][sentence]
60215.1	Argh!  How could someone actually put these
60215.2	things on his wall?!  A wave of nausea passes
60215.3	through you.
60216.0	[title26][sentence]
60216.1	Well, it isn't exactly a fireplace.  It's more like
60216.2	an 'ugly little corner with blinking lights in it'.  Being
60216.3	the type of person who couldn't even own a
60216.4	spacecraft without a genuine wood-burning
60216.5	fireplace you cringe at the plastic logs and
60216.6	electric lights.
60217.0	[title32][sentence]
60217.1	Several pictures hang between various pieces of junk
60217.2	on the walls here.  Someone probably considers
60217.3	these art.  You consider them terrarium lining
60217.4	material.
60218.0	[title22][sentence]
60218.1	The appeal of the silly lamps in this room
60218.2	escapes you.  You imagine them serving
60218.3	better as ballast.
60219.0	[title25][sentence]
60219.1	Ah yes, the obligatory theatrical masks.
60219.2	These could probably be used as targets
60219.3	at a skeet shoot.
60220.0	[title22][sentence]
60220.1	Considering the rest of the decor, you are
60220.2	not at all surprised to find one of these here.
60221.0	[title27][sentence]
60221.1	This doorway leads to the bedroom.
60221.2	The same psychopath who decorated the
60221.3	room must be responsible for this.
60222.0	[title27][sentence]
60222.1	This looks like a standard wall safe.
60222.2	A small dial and a handle feature
60222.3	prominently on the door of the safe.
60223.0	[title25][sentence]
60223.1	The safe door is now hanging open.  A
60223.2	few balance sheets from a company called
60223.3	"Buckluster Video" are the only remaining
60223.4	contents.
60224.0	[title27][sentence]
60224.1	The safe door is now hanging open.  A
60224.2	small key gleams atop a pile of balance
60224.3	sheets from a company named "Buckluster
60224.4	Video."
60225.0	[title24][sentence]
60225.1	This is a combination safe.  A
60225.2	key isn't going to get you anywhere.
60226.0	[title30][sentence]
60226.1	Wishing for a stethoscope, you spin
60226.2	the dial a few times.  After a few
60226.3	attempts you realize that the odds
60226.4	of success are slim.  You need
60226.5	to find out what the combination is.
60227.0	[title26][sentence]
60227.1	The fireplace is fake.  There are no flames
60227.2	in it at all.  Why put the [noun1] in it?"
60228.0	[title22][sentence]
60228.1	The laser beam has carved a hole in the
60228.2	floor, and a corresponding hole in the
60228.3	ceiling.
60229.0	[title26][sentence]
60229.1	The laser beam is extremely dangerous.
60229.2	You had better be careful where you walk.
60230.0	[title21][sentence]
60230.1	You skillfully and CAREFULLY place the
60230.2	[noun1] in the laser beam . . . .
60231.0	[title26][sentence]
60231.1	The flower boxes contain dust-covered plastic flowers,
60231.2	and little else of interest.
60232.0	[title19][sentence]
60232.1	If you set off a bomb in this enclosed
60232.2	space, you would end up splattered
60232.3	all over the walls.
60233.0	[title29][sentence]
60233.1	Unfortunately, you cannot find a place
60233.2	to set the time bomb that is close
60233.3	enough to the safe to yield a high probability
60233.4	of success.  Surely there is a more
60233.5	elegant way to crack the safe.
60234.0	[title32][sentence]
60234.1	Your trick with the laser has blown a
60234.2	gaping hole in the safe.  You should be
60234.3	able to reach through and open it now.
60235.0	[title32][sentence]
60235.1	In the charred remains of the safe, you
60235.2	see a slightly scorched door key.
60236.0	[title32][sentence]
60236.1	In the charred remains of the safe, you
60236.2	see nothing except a few crisped balance
60236.3	sheets for a company called "Buckluster
60236.4	Video."
61210.0	[title25][sentence]
61210.1	This enormous strip connects two of the city's
61210.2	upper sections.  From the wear on the surface
61210.3	you assume it was built for wheeled traffic.
61211.0	[title29][sentence]
61211.1	The ropes hanging down from the
61211.2	armatures are suspending a boat above
61211.3	a restaurant on the lower level.  They are
61211.4	connected to a pair of small winches.  You
61211.5	assume the control box on one of the
61211.6	armatures must control the winches.  The
61211.7	winches look like they have rusted away.
61212.0	[title30][sentence]
61212.1	The ropes hanging down from the
61212.2	armatures have slackened since you
61212.3	lowered the boat to street level.  They
61212.4	hang loosely below, but because
61212.5	of the hopeless condition of the winches,
61212.6	you cannot pull them back up.
61213.0	[title17][sentence]
61213.1	The ends of the heavy rope are secured
61213.2	to the winches.
61214.0	[title21][sentence]
61214.1	A padlock secures the control box door
61214.2	closed.  The control box is showing signs
61214.3	of advanced decay, but the padlock,
61214.4	unfortunately, is not.
61215.0	[title19][sentence]
61215.1	The control box is secured by
61215.2	a large padlock, you are going
61215.3	to need a key.
61216.0	[title25][sentence]
61216.1	Rust has almost completely destroyed
61216.2	the innards of the control box.  You are
61216.3	not going to be able to do any more with
61216.4	this pile of corroded junk.
61217.0	[title27][sentence]
61217.1	Once you removed the lock,
61217.2	the cover of the control box fell off.
61217.3	Being composed mostly of rust, the
61217.4	release lever crumbled in front of you.
61217.5	This caused the winches to release their
61217.6	grip on the ropes, sending the boat
61217.7	crashing down onto the street below.
61218.0	[title21][sentence]
61218.1	The buildings below include a large dome with
61218.2	a statue in front of it, a small shopping strip,
61218.3	a seafood restaurant, and a few private residences.
61219.0	[title22][sentence]
61219.1	"Polly's Pleasure Dome."  It sounds
61219.2	like your kind of place.  The statue
61219.3	in front of it catches your attention.
61220.0	[title26][sentence]
61220.1	The enormous statue stands in front
61220.2	of "Polly's Pleasure Dome" and is
61220.3	definitely in the correct proportions.
61220.4	Despite a missing right arm she still
61220.5	manages to keep your interest for
61220.6	several minutes.  You suddenly wish
61220.7	you were fifty feet tall.
61221.0	[title22][sentence]
61221.1	Construction and maintenance crews must keep
61221.2	equipment in there.
61222.0	[title25][sentence]
61222.1	You aren't planning to do any repairs
61222.2	on the expressway, so you don't bother
61222.3	with the maintenance building.
61223.0	[title29][sentence]
61223.1	This waist-high wall must help prevent
61223.2	people and vehicles from accidentally
61223.3	driving or falling down to the next level.
61224.0	[title27][sentence]
61224.1	The support obediently concerns itself
61224.2	with its one goal in life:  keeping the
61224.3	expressway suspended above the city.
61225.0	[title32][sentence]
61225.1	This city so vast that getting lost
61225.2	it would be a bad idea.  You decide
61225.3	to remain in sight of the car at all
61225.4	times.
60710.0	[title25][sentence]
60710.1	The street you are standing on parallels
60710.2	the edge of this level of the city.  Over the fence you
60710.3	see another section of the city far below.
60710.4	A small, noisy dog stands yapping in front
60710.5	of an auto repair shop here.
60711.0	[title25][sentence]
60711.1	The street you are standing on parallels
60711.2	the edge of this level of the city.  Over the
60711.3	fence you see another section of the city
60711.4	far below.  There is an auto repair shop
60711.5	here on this corner, with a broken window.
60712.0	[title25][sentence]
60712.1	The small wall beneath the fence must
60712.2	be designed to help manually driven
60712.3	vehicles from falling off this level of the
60712.4	city.
60713.0	[title22][sentence]
60713.1	The low fence must be here to keep people
60713.2	from falling off the edge of this level.  That
60713.3	would be one nasty fall.
60714.0	[title16][sentence]
60714.1	The MLV that brought you here hasn't
60714.2	changed since you stepped out of it.
60715.0	[title25][sentence]
60715.1	The plastic cover sealing the manhole
60715.2	leads you to believe that it was not
60715.3	meant to be opened again.  You
60715.4	assume it was used during construction
60715.5	of the city.
60716.0	[title18][sentence]
60716.1	This must be that noisy dog's lavatory.
60717.0	[title14][sentence]
60717.1	The sign contains an arrow pointing
60717.2	straight down.  Your inability to
60717.3	understand its meaning frustrates
60717.4	you.
60718.0	[title25][sentence]
60718.1	The broken window adds to the pervasive
60718.2	run-down feeling of the neighborhood.
60719.0	[title22][sentence]
60719.1	The wide garage door is closed and locked.
60719.2	The rubber skid marks on the sidewalk
60719.3	in front of the door lead  you to believe that
60719.4	something other than MLV's were serviced here.
60720.0	[title20][sentence]
60720.1	The sidewalk ends at a barrier in
60720.2	one direction, and continues on into
60720.3	the city in the other.
60721.0	[title25][sentence]
60721.1	Now you have it figured out!  This place
60721.2	must have serviced the kind of vehicles
60721.3	that use rubber tires, and ride directly
60721.4	on the road.  Why else would there be
60721.5	skid marks and an air hose?  This guy
60721.6	must have been into antiques.
60722.0	[title25][sentence]
60722.1	You gather from the sign that the shop
60722.2	was owned by someone named 'Abdul'.
60722.3	The large door is closed and locked, but there is a
60722.4	smaller door around the side.
60723.0	[title25][sentence]
60723.1	You gather from the sign that the shop
60723.2	was owned by someone named 'Abdul'.
60723.3	The large door is closed and locked, but there is a
60723.4	smaller door around the side, which appears
60723.5	to be guarded by the small noisy dog.
60724.0	[title18][sentence]
60724.1	The side entrance appears to be open.
60725.0	[title27][sentence]
60725.1	The side entrance unfortunately lies
60725.2	on the other side of that small, loud,
60725.3	obnoxious dog.
60726.0	[title30][sentence]
60726.1	He looks hungry.  His high-pitched
60726.2	yapping noises are about as appealing to
60726.3	your ears as fingers on a chalkboard.
60727.0	[title21][sentence]
60727.1	He's already talking to you.  Is it his
60727.2	fault you don't understand him?
60728.0	[title22][sentence]
60728.1	The barricade looks temporary.  The
60728.2	street over there may have been
60728.3	under construction.
60729.0	[title29][sentence]
60729.1	Wow!  Now THAT is a mean little pooch!
60729.2	Perhaps you should not have gotten so
60729.3	close to him.
60730.0	[title29][sentence]
60730.1	You have decided not to stray too
60730.2	far from the car.  Getting lost in a
60730.3	city this large would not be any fun.
60731.0	[title22][sentence]
60731.1	You give the door a quick yank.  It
60731.2	doesn't budge, confirming your belief
60731.3	that it is locked.
60731.4	
60810.0	[title18][sentence]
60810.1	The shop you are standing in reminds
60810.2	you a great deal of a friend's shop back
60810.3	on Umbilica IV.  Then again, these parts
60810.4	probably aren't as hot.
60811.0	[title25][sentence]
60811.1	The ship you are standing in reminds
60811.2	you a great deal of a friend's shop back
60811.3	on Umbilica IV.  That obnoxious dog
60811.4	seems to have found you again.  His
60811.5	annoying bark is beginning to grate on
60811.6	your nerves.
60812.0	[title21][sentence]
60812.1	The shop you are standing in reminds
60812.2	you a great deal of a friend's shop back
60812.3	on Umbilica IV.  Except maybe that
60812.4	your friend doesn't have too many
60812.5	flattened animals hanging around his
60812.6	place.
60813.0	[title22][sentence]
60813.1	Stray parts can be seen everywhere
60813.2	in here.  Not being a mechanical kind
60813.3	of guy they are useless to you.
60814.0	[title21][sentence]
60814.1	Your car is running just fine.  You
60814.2	have no need for auto parts.
60815.0	[title20][sentence]
60815.1	Grease and oil stains discolor
60815.2	the garage floor in many places.
60816.0	[title21][sentence]
60816.1	Grease and oil stains discolor
60816.2	the garage floor in many places.
60816.3	There is also a fresh pink stain
60816.4	beneath the car on the lift.
60817.0	[title19][sentence]
60817.1	Considering the probably age of these
60817.2	ribs, you decide to avoid them.  They
60817.3	could present an olfactory hazard.
60818.0	[title21][sentence]
60818.1	Blech!  Double-blech!  Those ribs
60818.2	are so old they could probably be
60818.3	carbon dated.  Haven't you noticed
60818.4	that even that annoying dog wont
60818.5	touch them?
60819.0	[title20][sentence]
60819.1	Blech!  Double-blech!  Those ribs
60819.2	are so old they could probably be
60819.3	carbon dated.  Stay away!
60820.0	[title27][sentence]
60820.1	This button is connected to the
60820.2	car lift.  It is marked "UP" in
60820.3	greasy yellow letters.
60821.0	[title27][sentence]
60821.1	This button is connected to the
60821.2	car lift.  It is marked "DOWN"
60821.3	in greasy yellow letters.
60822.0	[title27][sentence]
60822.1	A few dirty, smelly old oil rags occupy
60822.2	the trash can.  Nothing else of interest
60822.3	catches your eye.
60823.0	[title22][sentence]
60823.1	Obviously, Abdul's taste in calendars
60823.2	matches yours almost exactly.
60824.0	[title19][sentence]
60824.1	The storage box is probably for
60824.2	organizing small car parts.
60825.0	[title21][sentence]
60825.1	The storage box is probably for
60825.2	organizing small car parts, such as
60825.3	the rearview mirror sitting on it.
60826.0	[title21][sentence]
60826.1	You wouldn't have any use for the
60826.2	car parts inside this storage box.
60827.0	[title26][sentence]
60827.1	You pick up the rearview mirror
60827.2	and stuff it in your pocket.  A passing
60827.3	glance at it reveals that you desperately
60827.4	need a shave.
60828.0	[title25][sentence]
60828.1	This looks like any other rearview
60828.2	mirror.  It's about a hundred times
60828.3	smaller than the one on the Slippery Pig.
60829.0	[title29][sentence]
60829.1	Only the bottom drawer of the toolbox
60829.2	is open.  You see a wrench and a tube
60829.3	of cement in an open drawer.  There
60829.4	is a jack sitting on top of the tool box.
60830.0	[title20][sentence]
60830.1	Except for the jack sitting atop it, the
60830.2	toolbox is uninteresting.
60831.0	[title27][sentence]
60831.1	The tool box contains only highly specialized
60831.2	MLV repair accessories.  You wouldn't even
60831.3	begin to know how to use them.
60832.0	[title21][sentence]
60832.1	This is great stuff.  You can use polycement
60832.2	to fix almost anything.  One of the maneuvering
60832.3	thrusters on the Pig was attached with this stuff.
60833.0	[title22][sentence]
60833.1	First you verify that the cap is on tight.  The
60833.2	one time you forgot to do this you ended up
60833.3	with an empty tube forever attached to the
60833.4	inside of your pocket.  The tube is still
60833.5	malleable, so the polycement must still be
60833.6	fresh.  You slip it in your pocket.
60834.0	[title21][sentence]
60834.1	Cans of auto fluids and
60834.2	lubricants line the walls.
60834.3	Lighting up in here would
60834.4	probably not be a good idea.
60835.0	[title25][sentence]
60835.1	The car lift allows the mechanic to work
60835.2	beneath a car while standing up.  This
60835.3	is convenient for mechanics who are more
60835.4	than a centimeter tall.  Currently, there is
60835.5	a car attached to the lift.
60836.0	[title22][sentence]
60836.1	These aren't car parts.  Abdul must
60836.2	have been somewhat eccentric.
60837.0	[title25][sentence]
60837.1	That annoying animal is back.  The little
60837.2	land-piranha is hungrily eyeing you again,
60837.3	and you are amazed by the speed at which his
60837.4	six little legs can carry him.
60838.0	[title27][sentence]
60838.1	The orange danger zone painted on the
60838.2	floor serves as a warning.  When cars
60838.3	are lowered, this is an unsafe place to
60838.4	be standing.
60839.0	[title16][sentence]
60839.1	You may want to have your
60839.2	eyes checked.  The car is already
60839.3	down on the floor.
60840.0	[title22][sentence]
60840.1	You momentarily confuse the lift
60840.2	as it tries to figure out how to lift
60840.3	the car higher than 'all-the-way-up'.
60841.0	[title25][sentence]
60841.1	Throwing bones around in this empty
60841.2	auto shop would be a serious waste
60841.3	of time.
60842.0	[title22][sentence]
60842.1	The orange danger zone is
60842.2	currently occupied by the car.
60843.0	[title18][sentence]
60843.1	This used to be an obnoxious
60843.2	little dog.  Now it isn't.
60844.0	[title21][sentence]
60844.1	The wretched thing barks no more!
60844.2	His next and final offense will be
60844.3	aromatic.
60845.0	[title20][sentence]
60845.1	Yech!  Leave that gooey stuff here.
60845.2	If you're THAT hungry, go get yourself
60845.3	another twinkifruit.
60845.4	
60910.0	[title25][sentence]
60910.1	A large marquee marks the entrance to
60910.2	a video store on the corner.  You also see
60910.3	a very interesting statue and a portable
60910.4	toilet.
60911.0	[title20][sentence]
60911.1	The street continues around the corner
60911.2	near the large statue.
60912.0	[title22][sentence]
60912.1	An interesting aroma emanates from
60912.2	the portable toilet.  It's a safe bet that
60912.3	no one has cleaned or emptied it
60912.4	in a century or so.
60913.0	[title29][sentence]
60913.1	It looks as though the video store was
60913.2	trying to create an 'opening night'
60913.3	atmosphere.  You are more
60913.4	familiar with the kind of video store
60913.5	that is only open at night.
60914.0	[title18][sentence]
60914.1	The billboard advertises a new hormone
60914.2	supplement.  The men who lived here must
60914.3	have wanted to be extremely male.
60915.0	[title29][sentence]
60915.1	The statue catches your interest.  The statue
60915.2	continues to catch your interest.  You stare
60915.3	at the statue for a few minutes.  You decide
60915.4	to do something else before you need a cold shower.
60916.0	[title18][sentence]
60916.1	This is the car you arrived in.
60917.0	[title25][sentence]
60917.1	The new stand must have carried almost a hundred
60917.2	different magazines and two different city newspapers.
60917.3	You can see a few of the headlines: "Women believed
60917.4	working on biologic weapons - Defense Council concerned",
60917.5	 and "New residential section to be powered up today".
60918.0	[title22][sentence]
60918.1	The  sliding doors are locked.  It seems
60918.2	you need a key to gain entry.
60919.0	[title21][sentence]
60919.1	The sliding door are now unlocked.
60919.2	
60919.3	\t"20 percent off sign" should all become "BANNER"
61010.0	[title21][sentence]
61010.1	There's no question about it.  That has 
61010.2	got to be the ugliest kid you have ever
61010.3	seen.
61011.0	[title27][sentence]
61011.1	"Civilization - The Movie".  You wonder
61011.2	if the movie could possibly be as good
61011.3	as the game.
61012.0	[title29][sentence]
61012.1	You grew up watching Harpo, Groucho, and Karl.
61013.0	[title27][sentence]
61013.1	The monitor on the counter is playing some new release
61013.2	which you find uninteresting in its complete lack of sex and
61013.3	violence.  The monitor hanging from the shelf is playing
61013.4	a horror video called "The Return of Slache".  You are
61013.5	not interested in watching this film.
61014.0	[title22][sentence]
61014.1	You cannot see outside because the
61014.2	doors are closed.
61015.0	[title30][sentence]
61015.1	The store is loaded with all kinds of videos.  You
61015.2	also notice a couple viewing monitors and a phone
61015.3	handset.
61017.0	[title26][sentence]
61017.1	You grab the handset off of the base unit.
61018.0	[title24][sentence]
61018.1	This is the most pompous logo you have
61018.2	ever seen, with the possible exception
61018.3	of the Synex Communications logo back
61018.4	on Umbilica IV.
61019.0	[title32][sentence]
61019.1	It seems that famous stars have come from far
61019.2	and wide to have their footprints immortalized
61019.3	in cement.  Something in the back of your
61019.4	mind tells you this is not an original idea.
61019.5	You don't recognize any of the names.
61020.0	[title25][sentence]
61020.1	It seems famous stars have come from far
61020.2	and wide to have their footprints immortalized
61020.3	in cement.  Something in the back of your
61020.4	mind tells you this is not an original idea.
61020.5	The only name you recognize here is Bruce's.
61020.6	Hmmm.  It looks like he was wearing high-heels.
61021.0	[title18][sentence]
61021.1	A monitor and a telephone sit on the bright
61021.2	red counter.
61022.0	[title21][sentence]
61022.1	The antenna informs you that this is an
61022.2	old-style radio frequency cordless telephone.
61023.0	[title27][sentence]
61023.1	It looks like someone waited too long before
61023.2	putting his foot in the cement.  Phew!  He
61023.3	must have had gangrene.
61024.0	[title26][sentence]
61024.1	Please.  Give yourself a break.  Surely
61024.2	you can think of a better souvenir.
61025.0	[title29][sentence]
61025.1	The spotlights illuminate Civilization - The Movie.
61026.0	[title21][sentence]
61026.1	This is the part of the telephone you
61026.2	pick up and talk into, Einstein.
61027.0	[title27][sentence]
61027.1	This part of the phone sits on the counter
61027.2	and holds the handset.  While in the handset
61027.3	is in the cradle the batteries charge, and
61027.4	the phone can ring for incoming calls.
61028.0	[title22][sentence]
61028.1	The slot provides a handy method
61028.2	of returning rented videos.  You notice
61028.3	that the return bin is empty.
61029.0	[title30][sentence]
61029.1	Does the [noun1] look like
61029.2	a movie to you?
61030.0	[title25][sentence]
61030.1	This place has thousands of titles.  Too
61030.2	bad you don't own a player any more.
61031.0	[title19][sentence]
61031.1	Some guy wants to pay you a hundred
61031.2	thousand galactars for a vase and you
61031.3	want to watch a movie!  Get a life!
61032.0	[title18][sentence]
61032.1	You place the handset firmly into
61032.2	the cradle.  The charging light
61032.3	blinks red.
61032.4	
10101.0	[title26][sentence]
10101.1	That's your trusty command chair, in
10101.2	which you have spent most of your waking
10101.3	hours for the past few years.  From the
10101.4	command chair, all of the ship's systems
10101.5	are at your disposal, although since the
10101.6	crash-landing most of them are probably
10101.7	*ready* for disposal.
10102.0	[title22][sentence]
10102.1	The bad news:  You have 'landed' underwater, your ship has
10102.2	been rendered useless, and it's a safe bet that big ugly ship
10102.3	is still looking for you.
10102.4	The good news:  You just made your last payment on this ship
10102.5	so it's yours free and clear!
10103.0	[title29][sentence]
10103.1	The inner hull of the your ship is made
10103.2	entirely of tufstufnium. The outer hull,
10103.3	consisting mostly of crudnium and some duct tape,
10103.4	unfortunately didn't do too well during reentry.
10104.0	[title25][sentence]
10104.1	Possibly the only thing your 
10104.2	ex-interior decorator did that
10104.3	doesn't cause you to double over and violently 
10104.4	heave your guts out.  YOU are the fuzzy dice man.
10105.0	[title22][sentence]
10105.1	While observing that your nostril hairs need a good clipping, 
10105.2	 you notice a green glob of spinach 
10105.3	between your teeth.  The odd thing is you haven't eaten spinach in 
10105.4	two weeks.  If only there was a 20-gauge high tension wire lying
10105.5	around that you could use as a flossing utensil.
10106.0	[title25][sentence]
10106.1	Wincing at the "Drapes Of Wrath", you swear
10106.2	to use them to light the fire when
10106.3	you burn your ex-decorator at the
10106.4	stake.
10107.0	[title30][sentence]
10107.1	You try desperately to recall the name
10107.2	of the woman who welded that there one
10107.3	fateful night.
10108.0	[title29][sentence]
10108.1	This view screen monitors many of the
10108.2	ships systems, including any remote sensor
10108.3	probes.  You will need to sit in the command
10108.4	chair to use it properly.
10109.0	[title21][sentence]
10109.1	That's the emergency escape hatch (EMERGENCY 
10109.2	being the key word here).  It is activated by
10109.3	explosive bolts and opening it under present
10109.4	circumstances would flood this cockpit in seconds flat.
10109.5	No oxygen mask pops out of the ceiling and you can't use 
10109.6	your seat as a flotation device so your best bet is to try
10109.7	the main airlock, since it is apparently still clear of mud.
10110.0	[title27][sentence]
10110.1	Even if you were to put on your rebreather first,
10110.2	opening the emergency escape hatch would prove to 
10110.3	be an unhealthy maneuver, since there's a rather large
10110.4	amount of water on the other side that's just waiting
10110.5	to rush in and flatten you against the far bulkhead.
10110.6	The escape hatch is really only intended for use
10110.7	in outer space or in an atmosphere.  In your
10110.8	present circumstances, your best bet is the main airlock.
10111.0	[title26][sentence]
10111.1	The target computer reports that it has
10111.2	calculated firm firing solutions on three
10111.3	nearby belligerent guppies and is now 
10111.4	running a full threat assessment on the 
10111.5	suspicious-looking seaweed bank up ahead.
10112.0	[title27][sentence]
10112.1	Imagine that.  After plummeting 40,000 feet at an
10112.2	extremely high velocity and landing with the force
10112.3	of a 5,000 megaton neutron bomb the control panel 
10112.4	is damaged.  Worst of all, the warranty expired last week. 
10113.0	[title30][sentence]
10113.1	The navigation computer is capable of guiding
10113.2	you through the interstellar void, predicting
10113.3	the folds of hyperspace, circumnavigating stray
10113.4	asteroids, maintaining planetary orbits, and even
10113.5	descending through the eight classes of terrestrial
10113.6	and semi-terrestrial atmosphere.  Unfortunately, it
10113.7	doesn't seem to have a "navigate through ten feet
10113.8	of sludge at the bottom of the ocean with your
10113.9	engines blown off" setting, so there's a good
10113.10	chance that it won't be of much help to you now.
10114.0	[title24][sentence]
10114.1	The engineering controls allow you to monitor the
10114.2	flow of power to the Dimensional Rift Engines
10114.3	as you prepare to translate the ship into hyperspace.
10114.4	Right now the panel is completely dead, so something
10114.5	must be wrong with your engines - like you don't 
10114.6	have them anymore. 
10115.0	[title30][sentence]
10115.1	The weapons status display informs you that
10115.2	your ship's weaponry has been recently
10115.3	removed by a rather violent particle beam.
10116.0	[title32][sentence]
10116.1	Although your rear deflector screens were
10116.2	completely obliterated in the space battle,
10116.3	your front deflectors survived long enough
10116.4	to preserve you through atmospheric reentry.
10116.5	All deflector systems are now down, however,
10116.6	since their compartments have been flooded.
10117.0	[title30][sentence]
10117.1	That probe landed on a wet beach.  It
10117.2	must have shorted out.  Well, at least you
10117.3	still have the Spaceboy magazines.
10118.0	[title24][sentence]
10118.1	No, in memory of what's-her-name, you
10118.2	decide to leave Jesus where he is.
10119.0	[title17][sentence]
10119.1	There can be no doubt.  Your decorator must die.
10120.0	[title27][sentence]
10120.1	You carefully take the shield modulator.
10121.0	[title27][sentence]
10121.1	Better not.  You would probably receive 880 volts of unwanted electricity,
10121.2	causing your hair to stick straight up, bringing about a 
10121.3	catastrophic dandruff slide.  Remember, you never get a second 
10121.4	chance to make a first impression.
10122.0	[title27][sentence]
10122.1	Your ex-interior decorator gave you specific orders
10122.2	to keep your filthy rotten hands off the lovely window
10122.3	treatments.  What kind of man would dare
10122.4	tamper with such luxurious cascading fabric.  Besides, 
10122.5	you're allergic to chintz.
10123.0	[title27][sentence]
10123.1	This is absolutely unnecessary and could be construed
10123.2	as borderline paranoid behavior.  Don't worry, the surrounding
10123.3	marine life will not be frightened by such an odd-looking creature.
10124.0	[title32][sentence]
10124.1	In all the time this machine has been here, you have
10124.2	yet to figure out what "Insert Quarter" means.
10125.0	[title27][sentence]
10125.1	This is the cockpit of your beloved ship the "Slippery
10125.2	Pig".  Your command chair sits in the center of the
10125.3	room.  In front of it are controls and monitors for
10125.4	every system in the ship.
10126.0	[title26][sentence]
10126.1	It is completely inoperative.
10127.0	[title32][sentence]
10127.1	This panel provides access to the shield
10127.2	subsystem circuits and enhancement slots.
10127.3	It is currently closed.
10128.0	[title32][sentence]
10128.1	The shield access panel is now open, revealing
10128.2	the shield subsystem circuits and enhancement
10128.3	slots.  In one of the slots is the 51-prong
10128.4	quadratic shield modulator which you keep here
10128.5	"just in case."  It should come loose if you
10128.6	tug on it.
10129.0	[title32][sentence]
10129.1	The shield access panel is now open, revealing
10129.2	the shield subsystem circuits and enhancement
10129.3	slots.  One of the slots is empty, since you
10129.4	have appropriated the shield modulator for some
10129.5	hidden purpose of your own.
10130.0	[title26][sentence]
10130.1	It's already open!
10131.0	[title26][sentence]
10131.1	Lo and behold!  You're already sitting
10131.2	in it.
10131.3	
70610.0	[title25][sentence]
70610.1	You assume that this ornate parlor
70610.2	must have belonged to someone wealthy
70610.3	and powerful.  Beautifully painted
70610.4	portraits adorn the walls; rare porcelain
70610.5	pieces sit on small custom shelves; and
70610.6	in the middle of it all, a unique-looking vase
70610.7	sits on a majestic pedestal.
70611.0	[title33][sentence]
70611.1	You assume that this ornate parlor
70611.2	must have belonged to someone wealthy
70611.3	and powerful.  Beautifully painted
70611.4	portraits adorn the walls and rare
70611.5	porcelain pieces sit on small custom
70611.6	shelves.
70612.0	[title18][sentence]
70612.1	Black and white tiles interlock to
70612.2	form the solid marble floor.
70613.0	[title19][sentence]
70613.1	Several large pillars reach majestically
70613.2	toward the ceiling.  They appear to be
70613.3	solid marble.
70614.0	[title24][sentence]
70614.1	The small fragile teacups appears to be
70614.2	made of  extremely fine porcelain.
70615.0	[title25][sentence]
70615.1	Dainty teacups aren't you style; you're
70615.2	more of a 'dirty coffee mug' kind of guy.
70616.0	[title25][sentence]
70616.1	Although pretty, this vase does not
70616.2	match the description Colonel Stone gave
70616.3	you.
70617.0	[title26][sentence]
70617.1	Three hand-painted oil paintings grace
70617.2	the northern wall of the room.  There
70617.3	appears to be a family resemblance
70617.4	between these gentlemen, but you do not
70617.5	recognize any of them.  There are
70617.6	nameplates beneath each portrait.
70618.0	[title20][sentence]
70618.1	From left to right they read:
70618.2	"Sputatious T. Bigfish", "W. Widepipe Bigfish",
70618.3	and "Benjamin Deeppost Bigfish".  The devious
70618.4	looks in their eyes convince you that these
70618.5	portraits represent three generations of
70618.6	politicians.
70619.0	[title29][sentence]
70619.1	Several portraits and porcelain pieces
70619.2	decorate the walls of this lavish parlor.
70619.3	You can't help but feel that there is something
70619.4	odd about the decorative metal studs that
70619.5	line the tops of the walls.
70620.0	[title19][sentence]
70620.1	A lovely violet crystal vase sits
70620.2	atop the decorative pedestal.
70621.0	[title20][sentence]
70621.1	The pedestal appears odd without the
70621.2	vase sitting on it.
70622.0	[title22][sentence]
70622.1	The bottle doesn't seem appropriate
70622.2	sitting on the ornate pedestal, but it
70622.3	did fool the security system.
70623.0	[title27][sentence]
70623.1	You have become completely familiar
70623.2	with the teleporters.  This unit, however,
70623.3	is the most tastefully decorated teleporter
70623.4	you have seen.  It is obviously a privately
70623.5	owned unit.
70624.0	[title19][sentence]
70624.1	This is it!  You are elated to finally be
70624.2	within arms reach of Colonel Stone's
70624.3	precious vase!  Light scintillates through
70624.4	the lavender-colored crystal.
70625.0	[title27][sentence]
70625.1	Nice security system.  The moment you
70625.2	lifted that vase off the pedestal, you had
70625.3	a bad accident involving a half dozen
70625.4	laser beams.  You have only a few
70625.5	seconds to ponder the problem before
70625.6	your scorched body expires.
70626.0	[title25][sentence]
70626.1	That won't work, the [noun1] is
70626.2	much too heavy.
70627.0	[title25][sentence]
70627.1	That won't work, the [noun1] is
70627.2	far too light.
70628.0	[title21][sentence]
70628.1	Unfortunately, the bottle was too light.
70628.2	You consider the gravity of your error
70628.3	as small wisps of smoke curl up from
70628.4	the depths of your thoracic cavity.
70629.0	[title25][sentence]
70629.1	Unfortunately, the bottle was too heavy.
70629.2	You have mere moments to consider
70629.3	your error before the charred remains
70629.4	of your heart issue a final thump.
70630.0	[title32][sentence]
70630.1	At last!  After all you've been through,
70630.2	you finally have your hands on Colonel
70630.3	Stone's precious vase!  The many possible
70630.4	uses for 75,000 galactars flash through your head:
70630.5	a new ship, Lolita, a lifetime supply of fire wood, Lolita,  . . . .
70631.0	[title32][sentence]
70631.1	That would be pretty foolish, considering
70631.2	the elaborate procedures you just went
70631.3	through to defeat the security system.
70632.0	[title32][sentence]
70632.1	The bottle now rests on the pedestal, and
70632.2	apparently has just the right amount of
70632.3	water in it to fool the security system.
70632.4	You saw that trick in a movie once, and you
70632.5	are glad you got it right, since you wouldn't
70632.6	want to be chased through the room by a giant
70632.7	boulder.
60411.0	[title27][sentence]
60411.1	You are at the edge of the city, beneath
60411.2	the gigantic cylindrical perimeter wall,
60411.3	in front of a large glass viewport.
60412.0	[title30][sentence]
60412.1	As you look out into the ocean you
60412.2	pause and think.  The engineering that
60412.3	went in to this city amazes you.  Building
60412.4	a metropolis in a volcano cone BELOW
60412.5	sea-level is quite an accomplishment.
60413.0	[title26][sentence]
60413.1	As you look out into the ocean you
60413.2	pause and think.  The engineering that
60413.3	went into this city amazes you.  Building
60413.4	a metropolis in a volcano comb BELOW
60413.5	sea-level is quite an accomplishment.
60413.6	Something in the water seems to have taken
60413.7	an interest in you.
60414.0	[title27][sentence]
60414.1	You are standing at the base of the
60414.2	cylindrical perimeter wall.  The
60414.3	viewport is recessed into the wall,
60414.4	suggesting that the wall is quite
60414.5	thick.
60415.0	[title21][sentence]
60415.1	You don't want to look at another
60415.2	air vent for the rest of your life.
60416.0	[title22][sentence]
60416.1	The indicator is giving an indication
60416.2	indicative of something indicating
60416.3	something else.  Just what that
60416.4	indication is escapes you completely.
60417.0	[title22][sentence]
60417.1	The sculpture resembles a cube with
60417.2	a lightning bolt glued to it.  You do
60417.3	not understand the significance of this
60417.4	shape.
60418.0	[title20][sentence]
60418.1	This is the car you arrived in.
60418.2	It still looks the same as when you
60418.3	got here.
60419.0	[title22][sentence]
60419.1	The small fountain under the statue
60419.2	is not currently running.  The water
60419.3	in the pool is probably stagnant.
60420.0	[title27][sentence]
60420.1	A thought:  If you want to blow the
60420.2	viewport up, don't you think you
60420.3	should be able to get away first?
60420.4	Setting that bomb off in your hands
60420.5	would not be good for your
60420.6	complexion.
60421.0	[title29][sentence]
60421.1	You carefully place the time bomb on the
60421.2	small ledge in front of the window.  You
60421.3	set the timer for five minutes, but get a little
60421.4	nervous when the timer jumps from 4:49 to
60421.5	4:02.  This timer must be a little flaky--you
60421.6	should probably seek safety NOW!
60422.0	[title17][sentence]
60422.1	Don't you think you should be leaving
60422.2	right about now?
60423.0	[title25][sentence]
60423.1	You carefully disarm the time bomb,
60423.2	and slip it back in your pocket.
60424.0	[title32]NOVICE LEVEL WARNING
60424.1	Watch out!  Blowing up that window
60424.2	will commit you irrevocably to a course
60424.3	of action.  You don't yet have everything
60424.4	you need to solve the puzzles in the next
60424.5	section of the game, so blowing it up now
60424.6	would prevent you from winning.  Go back
60424.7	and search carefully, then try putting the
60424.8	bomb on the ledge again later when you think
60424.9	you are ready.  In particular, be sure to
60424.10	bring something yummy to feed to that sea
60424.11	monster.
60425.0	[title32]INTERMEDIATE LEVEL WARNING
60425.1	Watch out!  Blowing up that window
60425.2	will commit you irrevocably to a course
60425.3	of action.  If you haven't found everything
60425.4	you need to solve the puzzles in the next
60425.5	section of the game, blowing up the window
60425.6	now will prevent you from winning.  We therefore
60425.7	suggest that you save your game now.  Then,
60425.8	issue this command again to place the bomb.
60425.9	That way, if you get stuck, you can come back
60425.10	to this point and find the additional items
60425.11	that you need.
60425.12	
70210.0	[title26][sentence]
70210.1	You are standing on the eastern half of this small
70210.2	maintenance platform.  A pile of bones lies
70210.3	scattered around the teleporter entrance.
70211.0	[title27][sentence]
70211.1	The rim of the city is obviously the top
70211.2	of the volcano cone.  The short section
70211.3	you are standing on has been paved, and
70211.4	you imagine that it must be a maintenance
70211.5	platform.
70212.0	[title26][sentence]
70212.1	You have no clues as to what purpose
70212.2	this cement block could possibly have served.
70213.0	[title25][sentence]
70213.1	A cone of igneous rock surrounds the rim
70213.2	of the city.  The sunlight washes warmly over
70213.3	it's pocked blue-purple surface.
70214.0	[title16][sentence]
70214.1	You don't need any pumice.
70215.0	[title20][sentence]
70215.1	To the west you see the elevator
70215.2	that brought you here.
70216.0	[title25][sentence]
70216.1	This looks like every other teleporter
70216.2	on the planet,  although it does seem
70216.3	darker inside that most of the other
70216.4	teleporters.
70217.0	[title18][sentence]
70217.1	A nearly complete humanoid skeleton lies
70217.2	scattered about near the teleporter entrance.
70217.3	There are many recognizable bones in the
70217.4	small heap.
70218.0	[title18][sentence]
70218.1	You carefully select a bone
70218.2	from the heap and pick it up.
70219.0	[title18][sentence]
70219.1	Don't get greedy, you already have two bones.
70220.0	[title21][sentence]
70220.1	The city is completely under water.
70220.2	
70310.0	[title25][sentence]
70310.1	This could be trouble.  This is the same beast
70310.2	that expressed an interest in your nutritional
70310.3	value at the viewport in the city.  He seems to
70310.4	be trying to decide if you are an appetizer or
70310.5	an entree.  You should probably act with haste.
70311.0	[title27][sentence]
70311.1	A few monster chunks still float around
70311.2	just below the surface.  You can't see
70311.3	anything of the city you destroyed.
70312.0	[title25][sentence]
70312.1	You are currently sharing the water
70312.2	with a large hungry-looking cycloptic
70312.3	beast.  You may want to do something
70312.4	instead of just sitting there like an hors d'oeuvre.
70313.0	[title27][sentence]
70313.1	A large hungry reptile partially blocks
70313.2	your view of the building to the north.  You
70313.3	have more immediate concerns than
70313.4	the building.
70314.0	[title27][sentence]
70314.1	You are getting closer to the building
70314.2	where you thought you saw the vase.
70315.0	[title26][sentence]
70315.1	The building to the north rises alone
70315.2	above the waves.  Every other building
70315.3	in the city is invisible beneath the
70315.4	dark water.
70316.0	[title25][sentence]
70316.1	It hardly seems possible that this
70316.2	narrow rim could have kept the water
70316.3	out for all these years.  Then again,
70316.4	this planet has no moons,
70316.5	so there aren't any tides and the
70316.6	weather stays be pretty docile.
70317.0	[title25][sentence]
70317.1	That certainly didn't accomplish much.  In fact,
70317.2	let's just pretend you didn't do it.
70318.0	[title20][sentence]
70318.1	That certainly didn't accomplish much.  In fact,
70318.2	you probably wish you didn't do it now, don't you.
70319.0	[title29][sentence]
70319.1	Well that was polite, if useless.  It's not often
70319.2	a main course provides it's own appetizer.
70319.3	Let's just pretend you didn't do it.
70320.0	[title20][sentence]
70320.1	The sea monster happily gobbled down
70320.2	the [noun1].  Now what?
70321.0	[title26][sentence]
70321.1	Great!  Did you see that!?  That
70321.2	monster certainly won't be bothering
70321.3	you any more.  You wipe a lymph node
70321.4	from your cheek, remove a piece of
70321.5	tongue from your seat, and sit back down.
70322.0	[title26][sentence]
70322.1	Great!  Did you see that!?  That
70322.2	monster certainly won't be bothering
70322.3	you any more.
70323.0	[title32][sentence]
70323.1	The bottle is already full, fool.
70324.0	[title32]BOTTLE 1/4 FULL
70324.1	You scoop a small amount of water into
70324.2	the bottle, being careful to fill it
70324.3	only one quarter of the way up.  The
70324.4	bottle still feels nice and light.
70325.0	[title32]BOTTLE 1/2 FULL
70325.1	You scoop some water into the bottle,
70325.2	being careful to fill it only halfway
70325.3	up.  The bottle feels heavier now, but
70325.4	not so heavy as to make it difficult to
70325.5	carry.
70326.0	[title32]BOTTLE 3/4 FULL
70326.1	You scoop some water into the bottle,
70326.2	being careful to fill it only three
70326.3	quarters of the way to the top.  The
70326.4	bottle feels much heavier now, and is
70326.5	starting to be difficult to carry around.
70327.0	[title32]BOTTLE FULL
70327.1	You scoop a great deal of water into
70327.2	the bottle, filling it all the way to
70327.3	the top.  With great satisfaction, you
70327.4	note that the bottle now feels extremely
70327.5	heavy.
70410.0	[title20][sentence]
70410.1	The city you destroyed lies deep
70410.2	beneath the water.
70411.0	[title19][sentence]
70411.1	You are getting closer to the building
70411.2	where you thought you saw the vase.
70412.0	[title20][sentence]
70412.1	The lone building protrudes
70412.2	above the waterline.
70413.0	[title25][sentence]
70413.1	It hardly seems possible that this
70413.2	narrow rim could have kept the water
70413.3	out for all these years.  Then again,
70413.4	this planet has no moons,
70413.5	so there aren't any tides and the
70413.6	weather stays be pretty docile.
70414.0	[title21][sentence]
70414.1	The small piece of jetsam bobs
70414.2	on the surface of the water.
70415.0	[title18][sentence]
70415.1	Being careful not to tip the boat, you
70415.2	reach over and pick up the bottle.
70416.0	[title20][sentence]
70416.1	You see a few small sea monster
70416.2	bits floating about to the south.
70417.0	[title16][sentence]
70417.1	(Yawn)  You . . .  Hmmmm
70417.2	stare at . . . (yawn) . . . the sky
70417.3	for a . . . while.
70417.4	
70511.0	[title17][sentence]
70511.1	The city you destroyed lies deep
70511.2	beneath the water.
70512.0	[title25][sentence]
70512.1	It hardly seems possible that this
70512.2	narrow rim could have kept the water
70512.3	out for all these years.  Then again,
70512.4	this planet has no moons,
70512.5	so there aren't any tides and the
70512.6	weather stays be pretty docile.
70513.0	[title18][sentence]
70513.1	To the south you can see the maintenance
70513.2	platform in the distance.
70514.0	[title16][sentence]
70514.1	(Yawn)  You . . .  Hmmmm
70514.2	stare at . . . (yawn) . . . the sky
70514.3	for a . . . while.
70515.0	[title22][sentence]
70515.1	This must have been the governor's penthouse.
70515.2	On of the three windows is open, and
70515.3	through it you see a lavishly decorated
70515.4	parlor.
70516.0	[title21][sentence]
70516.1	The window is open.  It is large enough
70516.2	for you to jump through it.
70516.3	
70516.4	
70710.0	[title16][sentence]
70710.1	You see little.
70711.0	[title19][sentence]
70711.1	The keypad has twelve keys on it.
70711.2	The numerals zero through nine are
70711.3	present, as well as 'smile' and 'frown'
70711.4	keys.
70712.0	[title25][sentence]
70712.1	This entry device is about
70712.2	as complicated as a pocket
70712.3	calculator.  Take your time;
70712.4	you'll get it eventually.
70713.0	[title22][sentence]
70713.1	It's a key.  Hint: it's about the same
70713.2	size as the tip of a human finger.
70714.0	[title17][sentence]
70714.1	You are standing in an
70714.2	alien teleportation device.
70714.3	
75210.0	[title33][sentence]
75210.1	You are standing on what must surely be a
75210.2	maintenance platform above the city.  A
75210.3	breathtaking view of the city stretches before
75210.4	you, revealing the bizarre two level structure
75210.5	in it's entirety.  Apparently, the entire
75210.6	metropolis was constructed inside an enormous,
75210.7	inactive volcano cone.  Far below, you see the
75210.8	glowing magma which warms the city.  Behind
75210.9	you and beyond the rim of the city, you can see
75210.10	only ocean.  You pause for a moment in awe of
75210.11	this engineering marvel.
75212.0	[title27][sentence]
75212.1	You are standing on what must surely be a
75212.2	maintenance platform above the city.  A
75212.3	breathtaking view of the city stretches before
75212.4	you, revealing the bizarre two level structure
75212.5	in it's entirety.  Apparently, the entire
75212.6	metropolis was constructed inside an enormous,
75212.7	inactive volcano cone.  Far below, you see the
75212.8	glowing magma which warms the city.  Behind
75212.9	you and beyond the rim of the city, you can see
75212.10	only ocean.  You pause for a moment in awe of
75212.11	this engineering marvel, after which you take
75212.12	a moment to notice the laser beam you skillfully
75212.13	redirected.
75213.0	[title27][sentence]
75213.1	The rim of the city is obviously the top
75213.2	of the volcano cone.  The short section
75213.3	you are standing on has been paved, and
75213.4	you imagine that it must be a maintenance
75213.5	platform.
75214.0	[title26][sentence]
75214.1	You have no clues as to what purpose
75214.2	this cement block could possibly have served.
75215.0	[title25][sentence]
75215.1	A cone of igneous rock surrounds the rim
75215.2	of the city.  The sunlight washes warmly over
75215.3	it's pocked blue-purple surface.
75216.0	[title16][sentence]
75216.1	You don't need any pumice.
75217.0	[title20][sentence]
75217.1	To the west you see the elevator
75217.2	that brought you here.
75218.0	[title25][sentence]
75218.1	This looks like every other teleporter
75218.2	on the planet,  although it does seem
75218.3	darker inside that most of the other
75218.4	teleporters.
75219.0	[title32][sentence]
75219.1	A nearly complete humanoid skeleton lies
75219.2	scattered about near the teleporter entrance.
75219.3	There are many recognizable bones in the
75219.4	small heap.  Half buried in the bones is a
75219.5	small, laminated card.
75220.0	[title18][sentence]
75220.1	A nearly complete humanoid skeleton lies
75220.2	scattered about near the teleporter entrance.
75220.3	There are many recognizable bones in the
75220.4	small heap.
75220.5	
75221.0	[title18][sentence]
75221.1	You carefully select a bone
75221.2	from the heap and pick it up.
75222.0	[title19][sentence]
75222.1	Don't get greedy.  You already have two bones.
75222.2	
60310.0	[title29][sentence]
60310.1	The gaudiest bedroom in the known universe
60310.2	unfolds before your eyes.  You get the feeling
60310.3	that Bruce must have been an actor.  Various
60310.4	theatrical memorabilia adorn the walls.  A think
60310.5	layer of dust covers everything here.
60311.0	[title32][sentence]
60311.1	A fluffy feather mattress lies atop a
60311.2	purple molded plastic frame bed.
60311.3	You are a little tired, but you know
60311.4	you have better things to do than
60311.5	take a nap just now.  Besides, you
60311.6	would probably asphyxiate in the
60311.7	dust cloud that would rise were you
60311.8	to try to lie down here.
60312.0	[title29][sentence]
60312.1	Bruce must have had half a dozen wigs,
60312.2	each with it's own stand.  They are
60312.3	small styrofoam figures in the shape
60312.4	of a humanoid head.
60313.0	[title20][sentence]
60313.1	You don't have any wigs, and
60313.2	therefore don't need any stands.
60314.0	[title26][sentence]
60314.1	A magazine review of Bruce's first stage
60314.2	performance.  You scan it quickly.  Only
60314.3	the passages ". . . could swear they were real . . ."
60314.4	and ". . . thought the enemy had broken in . . ."
60314.5	stick in your mind.  The reviewer must have
60314.6	liked the show; he gave it four-and-a-half
60314.7	stars.
60315.0	[title32][sentence]
60315.1	The laminated and framed theater tickets
60315.2	bear the name of the show: "Love Thy Enemy".
60315.3	These tickets must have been for one of
60315.4	Bruce's performances.
60316.0	[title24][sentence]
60316.1	You see  a tall woman in front of a theater
60316.2	on opening night.  You are just about to
60316.3	comment on her legs when you realize this
60316.4	must be Bruce.  You swallow hard and
60316.5	stare at the floor for a moment.
60317.0	[title27][sentence]
60317.1	The various lamps about the room perfectly
60317.2	match the tacky decor found everywhere in
60317.3	this condo.  As ugly as they are, they at least
60317.4	do a good job of keeping the room lit.
60318.0	[title25][sentence]
60318.1	You gather from the objects over the door that
60318.2	Bruce aspired to be a director.
60319.0	[title29][sentence]
60319.1	There are snapshots of Bruce in various
60319.2	outfits at various theatrical events hanging
60319.3	all over the walls.  Obviously, Bruce just
60319.4	couldn't get enough of himself.
60320.0	[title29][sentence]
60320.1	You don't have any interest in these snapshots.
60320.2	Everyone is dressed, and you're not in them.
60321.0	[title25][sentence]
60321.1	Hmmm.  Avlon perfume.  Very expensive.
60322.0	[title30][sentence]
60322.1	Better not.  You prefer something a little
60322.2	muskier.
60323.0	[title20][sentence]
60323.1	You pick up the small folded note
60323.2	and place it in your pocket.
60324.0	[title17][sentence]
60324.1	This appears to be a small
60324.2	folded-up piece of paper with
60324.3	something writing on it.
60325.0	[title27][sentence]
60325.1	On the corner table you see a small framed
60325.2	picture and a perfume atomizer.
60326.0	[title29][sentence]
60326.1	On the corner table you see a framed picture,
60326.2	a small note, and a perfume atomizer.
60327.0	[title21][sentence]
60327.1	The skirted vanity is covered with various
60327.2	make-up accessories.  A small compact case on
60327.3	the corner of the vanity catches your eye.
60328.0	[title21][sentence]
60328.1	The skirted vanity is covered with miscellaneous
60328.2	make-up accessories.
60329.0	[title25][sentence]
60329.1	It is a circular case containing various shades of
60329.2	blush and a small mirror.  The brush used to
60329.3	apply the makeup appears to be missing.
60330.0	[title32][sentence]
60330.1	You pick up the compact, blow the dust
60330.2	off, close it, and stuff it in your pocket.
60330.3	You feel it spring open again.  You
60330.4	decide that the latch must be broken,
60330.5	but keep the compact case anyway,
60330.6	figuring you never know when you'll need
60330.7	a mirror or a new shade of blush.
60331.0	[title21][sentence]
60331.1	These look like the items Bruce is wearing
60331.2	in the photograph across the room.
60332.0	[title29][sentence]
60332.1	O.K.  You grab the slip and put it on.
60332.2	You throw the bra on for kicks, and wrap the
60332.3	boa around your neck.  You then skip
60332.4	out into the street where you dance
60332.5	for hours.  And then again, maybe not.
60332.6	
